  0
SECTION
  2
HEADER
  9
$ACADVER
  1
AC1027
  9
$ACADMAINTVER
 70
   125
  9
$DWGCODEPAGE
  3
ANSI_1252
  9
$LASTSAVEDBY
  1
gkafka
  9
$REQUIREDVERSIONS
160
                 0
  9
$INSBASE
 10
0.0
 20
0.0
 30
0.0
  9
$EXTMIN
 10
5991.030291554147
 20
-645.1126877713634
 30
0.0
  9
$EXTMAX
 10
43678.05646594251
 20
1121.1864930656
 30
0.0
  9
$LIMMIN
 10
0.0
 20
0.0
  9
$LIMMAX
 10
12.0
 20
9.0
  9
$ORTHOMODE
 70
     1
  9
$REGENMODE
 70
     1
  9
$FILLMODE
 70
     1
  9
$QTEXTMODE
 70
     0
  9
$MIRRTEXT
 70
     0
  9
$LTSCALE
 40
1.0
  9
$ATTMODE
 70
     1
  9
$TEXTSIZE
 40
0.2
  9
$TRACEWID
 40
0.05
  9
$TEXTSTYLE
  7
Standard
  9
$CLAYER
  8
DATUM
  9
$CELTYPE
  6
ByLayer
  9
$CECOLOR
 62
   256
  9
$CELTSCALE
 40
1.0
  9
$DISPSILH
 70
     0
  9
$DIMSCALE
 40
1.0
  9
$DIMASZ
 40
0.18
  9
$DIMEXO
 40
0.0625
  9
$DIMDLI
 40
0.38
  9
$DIMRND
 40
0.0
  9
$DIMDLE
 40
0.0
  9
$DIMEXE
 40
0.18
  9
$DIMTP
 40
0.0
  9
$DIMTM
 40
0.0
  9
$DIMTXT
 40
0.18
  9
$DIMCEN
 40
0.09
  9
$DIMTSZ
 40
0.0
  9
$DIMTOL
 70
     0
  9
$DIMLIM
 70
     0
  9
$DIMTIH
 70
     1
  9
$DIMTOH
 70
     1
  9
$DIMSE1
 70
     0
  9
$DIMSE2
 70
     0
  9
$DIMTAD
 70
     0
  9
$DIMZIN
 70
     0
  9
$DIMBLK
  1

  9
$DIMASO
 70
     1
  9
$DIMSHO
 70
     1
  9
$DIMPOST
  1

  9
$DIMAPOST
  1

  9
$DIMALT
 70
     0
  9
$DIMALTD
 70
     2
  9
$DIMALTF
 40
25.4
  9
$DIMLFAC
 40
1.0
  9
$DIMTOFL
 70
     0
  9
$DIMTVP
 40
0.0
  9
$DIMTIX
 70
     0
  9
$DIMSOXD
 70
     0
  9
$DIMSAH
 70
     0
  9
$DIMBLK1
  1

  9
$DIMBLK2
  1

  9
$DIMSTYLE
  2
Standard
  9
$DIMCLRD
 70
     0
  9
$DIMCLRE
 70
     0
  9
$DIMCLRT
 70
     0
  9
$DIMTFAC
 40
1.0
  9
$DIMGAP
 40
0.09
  9
$DIMJUST
 70
     0
  9
$DIMSD1
 70
     0
  9
$DIMSD2
 70
     0
  9
$DIMTOLJ
 70
     1
  9
$DIMTZIN
 70
     0
  9
$DIMALTZ
 70
     0
  9
$DIMALTTZ
 70
     0
  9
$DIMUPT
 70
     0
  9
$DIMDEC
 70
     4
  9
$DIMTDEC
 70
     4
  9
$DIMALTU
 70
     2
  9
$DIMALTTD
 70
     2
  9
$DIMTXSTY
  7
Standard
  9
$DIMAUNIT
 70
     0
  9
$DIMADEC
 70
     0
  9
$DIMALTRND
 40
0.0
  9
$DIMAZIN
 70
     0
  9
$DIMDSEP
 70
    46
  9
$DIMATFIT
 70
     3
  9
$DIMFRAC
 70
     0
  9
$DIMLDRBLK
  1

  9
$DIMLUNIT
 70
     2
  9
$DIMLWD
 70
    -2
  9
$DIMLWE
 70
    -2
  9
$DIMTMOVE
 70
     0
  9
$DIMFXL
 40
1.0
  9
$DIMFXLON
 70
     0
  9
$DIMJOGANG
 40
0.7853981633974483
  9
$DIMTFILL
 70
     0
  9
$DIMTFILLCLR
 70
     0
  9
$DIMARCSYM
 70
     0
  9
$DIMLTYPE
  6

  9
$DIMLTEX1
  6

  9
$DIMLTEX2
  6

  9
$DIMTXTDIRECTION
 70
     0
  9
$LUNITS
 70
     2
  9
$LUPREC
 70
     4
  9
$SKETCHINC
 40
0.1
  9
$FILLETRAD
 40
0.0
  9
$AUNITS
 70
     0
  9
$AUPREC
 70
     0
  9
$MENU
  1
.
  9
$ELEVATION
 40
0.0
  9
$PELEVATION
 40
0.0
  9
$THICKNESS
 40
0.0
  9
$LIMCHECK
 70
     0
  9
$CHAMFERA
 40
0.0
  9
$CHAMFERB
 40
0.0
  9
$CHAMFERC
 40
0.0
  9
$CHAMFERD
 40
0.0
  9
$SKPOLY
 70
     0
  9
$TDCREATE
 40
2461134.723865741
  9
$TDUCREATE
 40
2461134.890532408
  9
$TDUPDATE
 40
2461210.691585648
  9
$TDUUPDATE
 40
2461210.858252315
  9
$TDINDWG
 40
2.9177546296
  9
$TDUSRTIMER
 40
2.9177546296
  9
$USRTIMER
 70
     1
  9
$ANGBASE
 50
0.0
  9
$ANGDIR
 70
     0
  9
$PDMODE
 70
    99
  9
$PDSIZE
 40
0.0
  9
$PLINEWID
 40
0.0
  9
$SPLFRAME
 70
     0
  9
$SPLINETYPE
 70
     6
  9
$SPLINESEGS
 70
     8
  9
$HANDSEED
  5
DEC
  9
$SURFTAB1
 70
     6
  9
$SURFTAB2
 70
     6
  9
$SURFTYPE
 70
     6
  9
$SURFU
 70
     6
  9
$SURFV
 70
     6
  9
$UCSBASE
  2

  9
$UCSNAME
  2

  9
$UCSORG
 10
0.0
 20
0.0
 30
0.0
  9
$UCSXDIR
 10
1.0
 20
0.0
 30
0.0
  9
$UCSYDIR
 10
0.0
 20
1.0
 30
0.0
  9
$UCSORTHOREF
  2

  9
$UCSORTHOVIEW
 70
     0
  9
$UCSORGTOP
 10
0.0
 20
0.0
 30
0.0
  9
$UCSORGBOTTOM
 10
0.0
 20
0.0
 30
0.0
  9
$UCSORGLEFT
 10
0.0
 20
0.0
 30
0.0
  9
$UCSORGRIGHT
 10
0.0
 20
0.0
 30
0.0
  9
$UCSORGFRONT
 10
0.0
 20
0.0
 30
0.0
  9
$UCSORGBACK
 10
0.0
 20
0.0
 30
0.0
  9
$PUCSBASE
  2

  9
$PUCSNAME
  2

  9
$PUCSORG
 10
0.0
 20
0.0
 30
0.0
  9
$PUCSXDIR
 10
1.0
 20
0.0
 30
0.0
  9
$PUCSYDIR
 10
0.0
 20
1.0
 30
0.0
  9
$PUCSORTHOREF
  2

  9
$PUCSORTHOVIEW
 70
     0
  9
$PUCSORGTOP
 10
0.0
 20
0.0
 30
0.0
  9
$PUCSORGBOTTOM
 10
0.0
 20
0.0
 30
0.0
  9
$PUCSORGLEFT
 10
0.0
 20
0.0
 30
0.0
  9
$PUCSORGRIGHT
 10
0.0
 20
0.0
 30
0.0
  9
$PUCSORGFRONT
 10
0.0
 20
0.0
 30
0.0
  9
$PUCSORGBACK
 10
0.0
 20
0.0
 30
0.0
  9
$USERI1
 70
     0
  9
$USERI2
 70
     0
  9
$USERI3
 70
     0
  9
$USERI4
 70
     0
  9
$USERI5
 70
     0
  9
$USERR1
 40
0.0
  9
$USERR2
 40
0.0
  9
$USERR3
 40
0.0
  9
$USERR4
 40
0.0
  9
$USERR5
 40
0.0
  9
$WORLDVIEW
 70
     1
  9
$SHADEDGE
 70
     3
  9
$SHADEDIF
 70
    70
  9
$TILEMODE
 70
     1
  9
$MAXACTVP
 70
    64
  9
$PINSBASE
 10
0.0
 20
0.0
 30
0.0
  9
$PLIMCHECK
 70
     0
  9
$PEXTMIN
 10
0.0
 20
0.0
 30
0.0
  9
$PEXTMAX
 10
0.0
 20
0.0
 30
0.0
  9
$PLIMMIN
 10
0.0
 20
0.0
  9
$PLIMMAX
 10
12.0
 20
9.0
  9
$UNITMODE
 70
     0
  9
$VISRETAIN
 70
     1
  9
$PLINEGEN
 70
     0
  9
$PSLTSCALE
 70
     1
  9
$TREEDEPTH
 70
  3020
  9
$CMLSTYLE
  2
Standard
  9
$CMLJUST
 70
     0
  9
$CMLSCALE
 40
1.0
  9
$PROXYGRAPHICS
 70
     1
  9
$MEASUREMENT
 70
     0
  9
$CELWEIGHT
370
    -1
  9
$ENDCAPS
280
     0
  9
$JOINSTYLE
280
     0
  9
$LWDISPLAY
290
     0
  9
$INSUNITS
 70
     1
  9
$HYPERLINKBASE
  1

  9
$STYLESHEET
  1

  9
$XEDIT
290
     1
  9
$CEPSNTYPE
380
     0
  9
$PSTYLEMODE
290
     1
  9
$FINGERPRINTGUID
  2
{F2847E4B-9CCE-BE4F-B7BF-A755B3BDEC3C}
  9
$VERSIONGUID
  2
{7378395C-2F3F-7B41-882D-7D6E3E9D6EB0}
  9
$EXTNAMES
290
     1
  9
$PSVPSCALE
 40
0.0
  9
$OLESTARTUP
290
     0
  9
$SORTENTS
280
   127
  9
$INDEXCTL
280
     0
  9
$HIDETEXT
280
     1
  9
$XCLIPFRAME
280
     2
  9
$HALOGAP
280
     0
  9
$OBSCOLOR
 70
   257
  9
$OBSLTYPE
280
     0
  9
$INTERSECTIONDISPLAY
280
     0
  9
$INTERSECTIONCOLOR
 70
   257
  9
$DIMASSOC
280
     2
  9
$PROJECTNAME
  1

  9
$CAMERADISPLAY
290
     0
  9
$LENSLENGTH
 40
50.0
  9
$CAMERAHEIGHT
 40
0.0
  9
$STEPSPERSEC
 40
2.0
  9
$STEPSIZE
 40
6.0
  9
$3DDWFPREC
 40
2.0
  9
$PSOLWIDTH
 40
0.25
  9
$PSOLHEIGHT
 40
4.0
  9
$LOFTANG1
 40
1.570796326794896
  9
$LOFTANG2
 40
1.570796326794896
  9
$LOFTMAG1
 40
0.0
  9
$LOFTMAG2
 40
0.0
  9
$LOFTPARAM
 70
     7
  9
$LOFTNORMALS
280
     1
  9
$LATITUDE
 40
37.795
  9
$LONGITUDE
 40
-122.394
  9
$NORTHDIRECTION
 40
0.0
  9
$TIMEZONE
 70
 -8000
  9
$LIGHTGLYPHDISPLAY
280
     1
  9
$TILEMODELIGHTSYNCH
280
     1
  9
$CMATERIAL
347
96
  9
$SOLIDHIST
280
     0
  9
$SHOWHIST
280
     1
  9
$DWFFRAME
280
     2
  9
$DGNFRAME
280
     0
  9
$REALWORLDSCALE
290
     1
  9
$INTERFERECOLOR
 62
     1
  9
$INTERFEREOBJVS
345
A3
  9
$INTERFEREVPVS
346
A0
  9
$CSHADOW
280
     0
  9
$SHADOWPLANELOCATION
 40
0.0
  0
ENDSEC
  0
SECTION
  2
CLASSES
  0
CLASS
  1
ACDBDICTIONARYWDFLT
  2
AcDbDictionaryWithDefault
  3
ObjectDBX Classes
 90
        0
 91
        1
280
     0
281
     0
  0
CLASS
  1
DICTIONARYVAR
  2
AcDbDictionaryVar
  3
ObjectDBX Classes
 90
        0
 91
      118
280
     0
281
     0
  0
CLASS
  1
TABLESTYLE
  2
AcDbTableStyle
  3
ObjectDBX Classes
 90
     4095
 91
        1
280
     0
281
     0
  0
CLASS
  1
MATERIAL
  2
AcDbMaterial
  3
ObjectDBX Classes
 90
     1153
 91
        3
280
     0
281
     0
  0
CLASS
  1
VISUALSTYLE
  2
AcDbVisualStyle
  3
ObjectDBX Classes
 90
     4095
 91
       24
280
     0
281
     0
  0
CLASS
  1
SCALE
  2
AcDbScale
  3
ObjectDBX Classes
 90
     1153
 91
       33
280
     0
281
     0
  0
CLASS
  1
MLEADERSTYLE
  2
AcDbMLeaderStyle
  3
ACDB_MLEADERSTYLE_CLASS
 90
     4095
 91
        2
280
     0
281
     0
  0
CLASS
  1
CELLSTYLEMAP
  2
AcDbCellStyleMap
  3
ObjectDBX Classes
 90
     1152
 91
       12
280
     0
281
     0
  0
CLASS
  1
EXACXREFPANELOBJECT
  2
ExAcXREFPanelObject
  3
EXAC_ESW
 90
     1025
 91
        1
280
     0
281
     0
  0
CLASS
  1
NPOCOLLECTION
  2
AcDbImpNonPersistentObjectsCollection
  3
ObjectDBX Classes
 90
     1153
 91
        1
280
     0
281
     0
  0
CLASS
  1
LAYER_INDEX
  2
AcDbLayerIndex
  3
ObjectDBX Classes
 90
        0
 91
        0
280
     0
281
     0
  0
CLASS
  1
SPATIAL_INDEX
  2
AcDbSpatialIndex
  3
ObjectDBX Classes
 90
        0
 91
        0
280
     0
281
     0
  0
CLASS
  1
IDBUFFER
  2
AcDbIdBuffer
  3
ObjectDBX Classes
 90
        0
 91
        0
280
     0
281
     0
  0
CLASS
  1
ACDBSECTIONVIEWSTYLE
  2
AcDbSectionViewStyle
  3
ObjectDBX Classes
 90
     1025
 91
        1
280
     0
281
     0
  0
CLASS
  1
ACDBDETAILVIEWSTYLE
  2
AcDbDetailViewStyle
  3
ObjectDBX Classes
 90
     1025
 91
        1
280
     0
281
     0
  0
CLASS
  1
SORTENTSTABLE
  2
AcDbSortentsTable
  3
ObjectDBX Classes
 90
        0
 91
        5
280
     0
281
     0
  0
CLASS
  1
SOLID_BACKGROUND
  2
AcDbSolidBackground
  3
SCENEOE
 90
     4095
 91
        0
280
     0
281
     0
  0
ENDSEC
  0
SECTION
  2
TABLES
  0
TABLE
  2
VPORT
  5
8
330
0
100
AcDbSymbolTable
 70
     1
1001
ACAD
1000
DbSaveVer
1071
      298
  0
VPORT
  5
94
330
8
100
AcDbSymbolTableRecord
100
AcDbViewportTableRecord
  2
*Active
 70
     0
 10
0.0
 20
0.0
 11
1.0
 21
1.0
 12
14105.27127991648
 22
-1284.310818909395
 13
0.0
 23
0.0
 14
0.5
 24
0.5
 15
0.5
 25
0.5
 16
0.0
 26
0.0
 36
3808.899852780772
 17
24621.94848632813
 27
545.5621490478514
 37
0.0
 40
14198.51696573467
 41
1.516821345707656
 42
50.0
 43
0.0
 44
0.0
 50
0.0
 51
0.0
 71
     0
 72
  1000
 73
     1
 74
     3
 75
     0
 76
     1
 77
     0
 78
     0
281
     0
 65
     1
110
0.0
120
0.0
130
0.0
111
1.0
121
0.0
131
0.0
112
0.0
122
1.0
132
0.0
 79
     0
146
0.0
348
9F
 60
     3
 61
     5
292
     1
282
     1
141
0.0
142
0.0
 63
   250
421
  3355443
1001
ACAD_NAV_VCDISPLAY
1070
     3
  0
ENDTAB
  0
TABLE
  2
LTYPE
  5
5
330
0
100
AcDbSymbolTable
 70
     2
  0
LTYPE
  5
14
330
5
100
AcDbSymbolTableRecord
100
AcDbLinetypeTableRecord
  2
ByBlock
 70
     0
  3

 72
    65
 73
     0
 40
0.0
  0
LTYPE
  5
15
330
5
100
AcDbSymbolTableRecord
100
AcDbLinetypeTableRecord
  2
ByLayer
 70
     0
  3

 72
    65
 73
     0
 40
0.0
  0
LTYPE
  5
16
330
5
100
AcDbSymbolTableRecord
100
AcDbLinetypeTableRecord
  2
Continuous
 70
     0
  3
Solid line
 72
    65
 73
     0
 40
0.0
  0
ENDTAB
  0
TABLE
  2
LAYER
  5
2
102
{ACAD_XDICTIONARY
360
18E
102
}
330
0
100
AcDbSymbolTable
 70
    10
  0
LAYER
  5
10
102
{ACAD_XDICTIONARY
360
E6
102
}
330
2
100
AcDbSymbolTableRecord
100
AcDbLayerTableRecord
  2
0
 70
     0
 62
     7
  6
Continuous
370
    -3
390
F
347
98
348
0
  0
LAYER
  5
24C
330
2
100
AcDbSymbolTableRecord
100
AcDbLayerTableRecord
  2
SHEAR-WALL
 70
     0
 62
     1
  6
Continuous
370
    -3
390
F
347
98
348
0
1001
AcAecLayerStandard
1000

1000

1001
AcCmTransparency
1071
        0
  0
LAYER
  5
24D
330
2
100
AcDbSymbolTableRecord
100
AcDbLayerTableRecord
  2
SLAB
 70
     0
 62
     5
  6
Continuous
370
    -3
390
F
347
98
348
0
1001
AcAecLayerStandard
1000

1000

1001
AcCmTransparency
1071
        0
  0
LAYER
  5
2CF
330
2
100
AcDbSymbolTableRecord
100
AcDbLayerTableRecord
  2
S-COLS
 70
     0
 62
    52
  6
Continuous
370
     9
390
F
347
98
348
0
  0
LAYER
  5
2D0
330
2
100
AcDbSymbolTableRecord
100
AcDbLayerTableRecord
  2
COLUMN-LABEL
 70
     0
 62
     3
  6
Continuous
370
    -3
390
F
347
98
348
0
1001
AcAecLayerStandard
1000

1000

1001
AcCmTransparency
1071
        0
  0
LAYER
  5
2D1
330
2
100
AcDbSymbolTableRecord
100
AcDbLayerTableRecord
  2
COLUMN-FOOTPRINT
 70
     0
 62
     6
  6
Continuous
370
     9
390
F
347
98
348
0
1001
AcAecLayerStandard
1000

1000

1001
AcCmTransparency
1071
        0
  0
LAYER
  5
78F
330
2
100
AcDbSymbolTableRecord
100
AcDbLayerTableRecord
  2
FLOOR LABELS
 70
     0
 62
     1
  6
Continuous
370
    -3
390
F
347
98
348
0
1001
AcAecLayerStandard
1000

1000

1001
AcCmTransparency
1071
        0
  0
LAYER
  5
C3E
330
2
100
AcDbSymbolTableRecord
100
AcDbLayerTableRecord
  2
SECONDARY AREA
 70
     0
 62
     7
  6
Continuous
370
    -3
390
F
347
98
348
0
1001
AcAecLayerStandard
1000

1000

1001
AcCmTransparency
1071
        0
  0
LAYER
  5
C5C
330
2
100
AcDbSymbolTableRecord
100
AcDbLayerTableRecord
  2
A-FLOR
 70
     0
 62
   192
  6
Continuous
370
    15
390
F
347
98
348
0
  0
LAYER
  5
CFB
330
2
100
AcDbSymbolTableRecord
100
AcDbLayerTableRecord
  2
DATUM
 70
     0
 62
     2
  6
Continuous
370
    -3
390
F
347
98
348
0
1001
AcAecLayerStandard
1000

1000

1001
AcCmTransparency
1071
        0
  0
ENDTAB
  0
TABLE
  2
STYLE
  5
3
330
0
100
AcDbSymbolTable
 70
     3
  0
STYLE
  5
11
330
3
100
AcDbSymbolTableRecord
100
AcDbTextStyleTableRecord
  2
Standard
 70
     0
 40
0.0
 41
1.0
 50
0.0
 71
     0
 42
0.2
  3
arial.ttf
  4

1001
ACAD
1000
Arial
1071
       34
  0
STYLE
  5
DC
330
3
100
AcDbSymbolTableRecord
100
AcDbTextStyleTableRecord
  2
Annotative
 70
     0
 40
0.0
 41
1.0
 50
0.0
 71
     0
 42
0.2
  3
arial.ttf
  4

1001
AcadAnnotative
1000
AnnotativeData
1002
{
1070
     1
1070
     1
1002
}
1001
ACAD
1000
Arial
1071
       34
  0
STYLE
  5
790
330
3
100
AcDbSymbolTableRecord
100
AcDbTextStyleTableRecord
  2
Calibri_B_1
 70
     0
 40
12.0
 41
1.0
 50
0.0
 71
     0
 42
0.2
  3
calibrib.ttf
  4

1001
ACAD
1000
Calibri
1071
 33554466
  0
ENDTAB
  0
TABLE
  2
VIEW
  5
6
330
0
100
AcDbSymbolTable
 70
    11
  0
ENDTAB
  0
TABLE
  2
UCS
  5
7
330
0
100
AcDbSymbolTable
 70
     0
  0
ENDTAB
  0
TABLE
  2
APPID
  5
9
330
0
100
AcDbSymbolTable
 70
    12
  0
APPID
  5
12
330
9
100
AcDbSymbolTableRecord
100
AcDbRegAppTableRecord
  2
ACAD
 70
     0
  0
APPID
  5
DD
330
9
100
AcDbSymbolTableRecord
100
AcDbRegAppTableRecord
  2
AcadAnnoPO
 70
     0
  0
APPID
  5
DE
330
9
100
AcDbSymbolTableRecord
100
AcDbRegAppTableRecord
  2
AcadAnnotative
 70
     0
  0
APPID
  5
DF
330
9
100
AcDbSymbolTableRecord
100
AcDbRegAppTableRecord
  2
ACAD_DSTYLE_DIMJAG
 70
     0
  0
APPID
  5
E0
330
9
100
AcDbSymbolTableRecord
100
AcDbRegAppTableRecord
  2
ACAD_DSTYLE_DIMTALN
 70
     0
  0
APPID
  5
107
330
9
100
AcDbSymbolTableRecord
100
AcDbRegAppTableRecord
  2
ACAD_MLEADERVER
 70
     0
  0
APPID
  5
1A6
330
9
100
AcDbSymbolTableRecord
100
AcDbRegAppTableRecord
  2
ACAD_NAV_VCDISPLAY
 70
     0
  0
APPID
  5
24E
330
9
100
AcDbSymbolTableRecord
100
AcDbRegAppTableRecord
  2
AcAecLayerStandard
 70
     0
  0
APPID
  5
24F
330
9
100
AcDbSymbolTableRecord
100
AcDbRegAppTableRecord
  2
AcCmTransparency
 70
     0
  0
APPID
  5
2F2
330
9
100
AcDbSymbolTableRecord
100
AcDbRegAppTableRecord
  2
ACAD_EXEMPT_FROM_CAD_STANDARDS
 70
     0
  0
APPID
  5
791
330
9
100
AcDbSymbolTableRecord
100
AcDbRegAppTableRecord
  2
REVIT
 70
     0
  0
APPID
  5
C5D
330
9
100
AcDbSymbolTableRecord
100
AcDbRegAppTableRecord
  2
ACAD_PSEXT
 70
     0
  0
ENDTAB
  0
TABLE
  2
DIMSTYLE
  5
A
330
0
100
AcDbSymbolTable
 70
     2
100
AcDbDimStyleTable
 71
     2
340
27
340
E1
  0
DIMSTYLE
105
27
330
A
100
AcDbSymbolTableRecord
100
AcDbDimStyleTableRecord
  2
Standard
 70
     0
340
11
  0
DIMSTYLE
105
E1
330
A
100
AcDbSymbolTableRecord
100
AcDbDimStyleTableRecord
  2
Annotative
 70
     0
 40
0.0
340
11
1001
AcadAnnotative
1000
AnnotativeData
1002
{
1070
     1
1070
     1
1002
}
1001
ACAD_DSTYLE_DIMJAG
1070
   388
1040
1.5
1001
ACAD_DSTYLE_DIMTALN
1070
   392
1070
     0
  0
ENDTAB
  0
TABLE
  2
BLOCK_RECORD
  5
1
330
0
100
AcDbSymbolTable
 70
     7
  0
BLOCK_RECORD
  5
1F
102
{ACAD_XDICTIONARY
360
15D
102
}
330
1
100
AcDbSymbolTableRecord
100
AcDbBlockTableRecord
  2
*Model_Space
340
22
 70
     0
280
     1
281
     0
  0
BLOCK_RECORD
  5
58
330
1
100
AcDbSymbolTableRecord
100
AcDbBlockTableRecord
  2
*Paper_Space
340
59
 70
     0
280
     1
281
     0
  0
BLOCK_RECORD
  5
5D
330
1
100
AcDbSymbolTableRecord
100
AcDbBlockTableRecord
  2
*Paper_Space0
340
5E
 70
     0
280
     1
281
     0
  0
BLOCK_RECORD
  5
247
330
1
100
AcDbSymbolTableRecord
100
AcDbBlockTableRecord
  2
SW
340
0
310
28000000300000003000000001002000000000000024000001000000010000000000000000000000302821FF302821FF302821FF302821FF302821FF302821FF302821FF302821FF302821FF302821FF302821FF302821FF302821FF302821FF302821FF302821FF302821FF302821FF302821FF302821FF302821FF302821
310
FF302821FF302821FF302821FF302821FF302821FF302821FF302821FF302821FF302821FF302821FF302821FF302821FF302821FF302821FF302821FF302821FF302821FF302821FF302821FF302821FF302821FF302821FF302821FF302821FF302821FF302821FF302821FF302821FF302821FF302821FF302821FF3028
310
21FF302821FF302821FF302821FF302821FF302821FF302821FF302821FF302821FF302821FF302821FF302821FF302821FF302821FF302821FF302821FF302821FF302821FF302821FF302821FF302821FF302821FF302821FF302821FF302821FF302821FF302821FF302821FF302821FF302821FF302821FF302821FF30
310
2821FF302821FF302821FF302821FF302821FF302821FF302821FF302821FF302821FF302821FF302821FF302821FF302821FF302821FF302821FF302821FF302821FF302821FF302821FF302821FF302821FF302821FF302821FF302821FF302821FF302821FF302821FF302821FF302821FF302821FF302821FF302821FF
310
302821FF302821FF302821FF302821FF302821FF302821FF302821FF302821FF302821FF302821FF302821FF302821FF302821FF302821FF302821FF302821FF302821FF302821FF302821FF302821FF302821FF302821FF302821FF302821FF302821FF302821FF302821FF302821FF302821FF302821FF302821FF302821
310
FF302821FF302821FF302821FF302821FF302821FF302821FF302821FF302821FF302821FF302821FF302821FF302821FF302821FF302821FF302821FF302821FF302821FF302821FF302821FF302821FF302821FF302821FF302821FF302821FF302821FF302821FF0000FFFF0000FFFF302821FF302821FF302821FF3028
310
21FF302821FF302821FF302821FF302821FF302821FF302821FF302821FF0000FFFF0000FFFF302821FF302821FF302821FF302821FF302821FF302821FF302821FF302821FF302821FF302821FF302821FF302821FF302821FF302821FF302821FF302821FF302821FF302821FF302821FF302821FF302821FF302821FF30
310
2821FF302821FF302821FF302821FF302821FF302821FF302821FF302821FF302821FF302821FF302821FF0000FFFF0000FFFF302821FF302821FF302821FF302821FF302821FF302821FF302821FF302821FF302821FF302821FF302821FF0000FFFF0000FFFF302821FF302821FF302821FF302821FF302821FF302821FF
310
302821FF302821FF302821FF302821FF302821FF302821FF302821FF302821FF302821FF302821FF302821FF302821FF302821FF302821FF302821FF302821FF302821FF302821FF302821FF302821FF302821FF302821FF302821FF302821FF302821FF302821FF302821FF0000FFFF0000FFFF302821FF302821FF302821
310
FF302821FF302821FF302821FF302821FF302821FF302821FF302821FF302821FF0000FFFF0000FFFF302821FF302821FF302821FF302821FF302821FF302821FF302821FF302821FF302821FF302821FF302821FF302821FF302821FF302821FF302821FF302821FF302821FF302821FF302821FF302821FF302821FF3028
310
21FF302821FF302821FF302821FF302821FF302821FF302821FF302821FF302821FF302821FF302821FF302821FF0000FFFF0000FFFF302821FF302821FF302821FF302821FF302821FF302821FF302821FF302821FF302821FF302821FF302821FF0000FFFF0000FFFF302821FF302821FF302821FF302821FF302821FF30
310
2821FF302821FF302821FF302821FF302821FF302821FF302821FF302821FF302821FF302821FF302821FF302821FF302821FF302821FF302821FF302821FF302821FF302821FF302821FF302821FF302821FF302821FF302821FF302821FF302821FF302821FF302821FF302821FF0000FFFF0000FFFF302821FF302821FF
310
302821FF302821FF302821FF302821FF302821FF302821FF302821FF302821FF302821FF0000FFFF0000FFFF302821FF302821FF302821FF302821FF302821FF302821FF302821FF302821FF302821FF302821FF302821FF302821FF302821FF302821FF302821FF302821FF302821FF302821FF302821FF302821FF302821
310
FF302821FF302821FF302821FF302821FF302821FF302821FF302821FF302821FF302821FF302821FF302821FF302821FF0000FFFF0000FFFF0000FFFF0000FFFF0000FFFF0000FFFF0000FFFF0000FFFF0000FFFF0000FFFF0000FFFF0000FFFF0000FFFF0000FFFF0000FFFF302821FF302821FF302821FF302821FF3028
310
21FF302821FF302821FF302821FF302821FF302821FF302821FF302821FF302821FF302821FF302821FF302821FF302821FF302821FF302821FF302821FF302821FF302821FF302821FF302821FF302821FF302821FF302821FF302821FF302821FF302821FF302821FF302821FF302821FF0000FFFF0000FFFF0000FFFF00
310
00FFFF0000FFFF0000FFFF0000FFFF0000FFFF0000FFFF0000FFFF0000FFFF0000FFFF0000FFFF0000FFFF0000FFFF302821FF302821FF302821FF302821FF302821FF302821FF302821FF302821FF302821FF302821FF302821FF302821FF302821FF302821FF302821FF302821FF302821FF302821FF302821FF302821FF
310
302821FF302821FF302821FF302821FF302821FF302821FF302821FF302821FF302821FF302821FF302821FF302821FF302821FF302821FF302821FF302821FF302821FF302821FF302821FF302821FF302821FF302821FF302821FF302821FF302821FF302821FF302821FF302821FF302821FF302821FF302821FF302821
310
FF302821FF302821FF302821FF302821FF302821FF302821FF302821FF302821FF302821FF302821FF302821FF302821FF302821FF302821FF302821FF302821FF302821FF302821FF302821FF302821FF302821FF302821FF302821FF302821FF302821FF302821FF302821FF302821FF302821FF302821FF302821FF3028
310
21FF302821FF302821FF302821FF302821FF302821FF302821FF302821FF302821FF302821FF302821FF302821FF302821FF302821FF302821FF302821FF302821FF302821FF302821FF302821FF302821FF302821FF302821FF302821FF302821FF302821FF302821FF302821FF302821FF302821FF302821FF302821FF30
310
2821FF302821FF302821FF302821FF302821FF302821FF302821FF302821FF302821FF302821FF302821FF302821FF302821FF302821FF302821FF302821FF302821FF302821FF302821FF302821FF302821FF302821FF302821FF302821FF302821FF302821FF302821FF302821FF302821FF302821FF302821FF302821FF
310
302821FF302821FF302821FF302821FF302821FF302821FF302821FF302821FF302821FF302821FF302821FF302821FF302821FF302821FF302821FF302821FF302821FF302821FF302821FF302821FF302821FF302821FF302821FF302821FF302821FF302821FF302821FF302821FF302821FF302821FF302821FF302821
310
FF302821FF302821FF302821FF302821FF302821FF302821FF302821FF302821FF302821FF302821FF302821FF302821FF302821FF302821FF302821FF302821FF302821FF302821FF302821FF302821FF302821FF302821FF302821FF302821FF302821FF302821FF302821FF302821FF302821FF302821FF302821FF3028
310
21FF302821FF302821FF302821FF302821FF302821FF302821FF302821FF302821FF302821FF302821FF302821FF302821FF302821FF302821FF302821FF302821FF302821FF302821FF302821FF302821FF302821FF302821FF302821FF302821FF302821FF302821FF302821FF302821FF302821FF302821FF302821FF30
310
2821FF302821FF302821FF302821FF302821FF302821FF302821FF302821FF302821FF302821FF302821FF302821FF302821FF302821FF302821FF302821FF302821FF302821FF302821FF302821FF302821FF302821FF302821FF302821FF302821FF302821FF302821FF302821FF302821FF302821FF302821FF302821FF
310
302821FF302821FF302821FF302821FF302821FF302821FF302821FF302821FF302821FF302821FF302821FF302821FF302821FF302821FF302821FF302821FF302821FF302821FF302821FF302821FF302821FF302821FF302821FF302821FF302821FF302821FF302821FF302821FF302821FF302821FF302821FF302821
310
FF302821FF302821FF302821FF302821FF302821FF302821FF302821FF302821FF302821FF302821FF302821FF302821FF302821FF302821FF302821FF302821FF302821FF302821FF302821FF302821FF302821FF302821FF302821FF302821FF302821FF302821FF302821FF302821FF302821FF302821FF302821FF3028
310
21FF302821FF302821FF302821FF302821FF302821FF302821FF302821FF302821FF302821FF302821FF302821FF302821FF302821FF302821FF302821FF302821FF302821FF302821FF302821FF302821FF302821FF302821FF302821FF302821FF302821FF302821FF302821FF302821FF302821FF302821FF302821FF30
310
2821FF302821FF302821FF302821FF302821FF302821FF302821FF302821FF302821FF302821FF302821FF302821FF302821FF302821FF302821FF302821FF302821FF302821FF302821FF302821FF302821FF302821FF302821FF302821FF302821FF302821FF302821FF302821FF302821FF302821FF302821FF302821FF
310
302821FF302821FF302821FF302821FF302821FF302821FF302821FF302821FF302821FF302821FF302821FF302821FF302821FF302821FF302821FF302821FF302821FF302821FF302821FF302821FF302821FF302821FF302821FF302821FF302821FF302821FF302821FF302821FF302821FF302821FF302821FF302821
310
FF302821FF302821FF302821FF302821FF302821FF302821FF302821FF302821FF302821FF302821FF302821FF302821FF302821FF302821FF302821FF302821FF302821FF302821FF302821FF302821FF302821FF302821FF302821FF302821FF302821FF302821FF302821FF302821FF302821FF302821FF302821FF3028
310
21FF302821FF302821FF302821FF302821FF302821FF302821FF302821FF302821FF302821FF302821FF302821FF302821FF302821FF302821FF302821FF302821FF302821FF302821FF302821FF302821FF302821FF302821FF302821FF302821FF302821FF302821FF302821FF302821FF302821FF302821FF302821FF30
310
2821FF302821FF302821FF302821FF302821FF302821FF302821FF302821FF302821FF302821FF302821FF302821FF302821FF302821FF302821FF302821FF302821FF302821FF302821FF302821FF302821FF302821FF302821FF302821FF302821FF302821FF302821FF302821FF302821FF302821FF302821FF302821FF
310
302821FF302821FF302821FF302821FF302821FF302821FF302821FF302821FF302821FF302821FF302821FF302821FF302821FF302821FF302821FF302821FF302821FF302821FF302821FF302821FF302821FF302821FF302821FF302821FF302821FF302821FF302821FF302821FF302821FF302821FF302821FF302821
310
FF302821FF302821FF302821FF302821FF302821FF302821FF302821FF302821FF302821FF302821FF302821FF302821FF302821FF302821FF302821FF302821FF302821FF302821FF302821FF302821FF302821FF302821FF302821FF302821FF302821FF302821FF302821FF302821FF302821FF302821FF302821FF3028
310
21FF302821FF302821FF302821FF302821FF302821FF302821FF302821FF302821FF302821FF302821FF302821FF302821FF302821FF302821FF302821FF302821FF302821FF302821FF302821FF302821FF302821FF302821FF302821FF302821FF302821FF302821FF302821FF302821FF302821FF302821FF302821FF30
310
2821FF302821FF302821FF302821FF302821FF302821FF302821FF302821FF302821FF302821FF302821FF302821FF302821FF302821FF302821FF302821FF302821FF302821FF302821FF302821FF302821FF302821FF302821FF302821FF302821FF302821FF302821FF302821FF302821FF302821FF302821FF302821FF
310
302821FF302821FF302821FF302821FF302821FF302821FF302821FF302821FF302821FF302821FF302821FF302821FF302821FF302821FF302821FF302821FF302821FF302821FF302821FF302821FF302821FF302821FF302821FF302821FF302821FF302821FF302821FF302821FF302821FF302821FF302821FF302821
310
FF302821FF302821FF302821FF302821FF302821FF302821FF302821FF302821FF302821FF302821FF302821FF302821FF302821FF302821FF302821FF302821FF302821FF302821FF302821FF302821FF302821FF302821FF302821FF302821FF302821FF302821FF302821FF302821FF302821FF302821FF302821FF3028
310
21FF302821FF302821FF302821FF302821FF302821FF302821FF302821FF302821FF302821FF302821FF302821FF302821FF302821FF302821FF302821FF302821FF302821FF302821FF302821FF302821FF302821FF302821FF302821FF302821FF302821FF302821FF302821FF302821FF302821FF302821FF302821FF30
310
2821FF302821FF302821FF302821FF302821FF302821FF302821FF302821FF302821FF302821FF302821FF302821FF302821FF302821FF302821FF302821FF302821FF302821FF302821FF302821FF302821FF302821FF302821FF302821FF302821FF302821FF302821FF302821FF302821FF302821FF302821FF302821FF
310
302821FF302821FF302821FF302821FF302821FF302821FF302821FF302821FF302821FF302821FF302821FF302821FF302821FF302821FF302821FF302821FF302821FF302821FF302821FF302821FF302821FF302821FF302821FF302821FF302821FF302821FF302821FF302821FF302821FF302821FF302821FF302821
310
FF302821FF302821FF302821FF302821FF302821FF302821FF302821FF302821FF302821FF302821FF302821FF302821FF302821FF302821FF302821FF302821FF302821FF302821FF302821FF302821FF302821FF302821FF302821FF302821FF302821FF302821FF302821FF302821FF302821FF302821FF302821FF3028
310
21FF302821FF302821FF302821FF302821FF302821FF302821FF302821FF302821FF302821FF302821FF302821FF302821FF302821FF302821FF302821FF302821FF302821FF302821FF302821FF302821FF302821FF302821FF302821FF302821FF302821FF302821FF302821FF302821FF302821FF302821FF302821FF30
310
2821FF302821FF302821FF302821FF302821FF302821FF302821FF302821FF302821FF302821FF302821FF302821FF302821FF302821FF302821FF302821FF302821FF302821FF302821FF302821FF302821FF302821FF302821FF302821FF302821FF302821FF302821FF302821FF302821FF302821FF302821FF302821FF
310
302821FF302821FF302821FF302821FF302821FF302821FF302821FF302821FF302821FF302821FF302821FF302821FF302821FF302821FF302821FF302821FF302821FF302821FF302821FF302821FF302821FF302821FF302821FF302821FF302821FF302821FF302821FF302821FF302821FF302821FF302821FF302821
310
FF302821FF302821FF302821FF302821FF302821FF302821FF302821FF302821FF302821FF302821FF302821FF302821FF302821FF302821FF302821FF302821FF302821FF302821FF302821FF302821FF302821FF302821FF302821FF302821FF302821FF302821FF302821FF302821FF302821FF302821FF302821FF3028
310
21FF302821FF302821FF302821FF302821FF302821FF302821FF302821FF302821FF302821FF302821FF302821FF302821FF302821FF302821FF302821FF302821FF302821FF302821FF302821FF302821FF302821FF302821FF302821FF302821FF302821FF302821FF302821FF302821FF302821FF302821FF302821FF30
310
2821FF302821FF302821FF302821FF302821FF302821FF302821FF302821FF302821FF302821FF302821FF302821FF302821FF302821FF302821FF302821FF302821FF302821FF302821FF302821FF302821FF302821FF302821FF302821FF302821FF302821FF302821FF302821FF302821FF302821FF302821FF302821FF
310
302821FF302821FF302821FF302821FF302821FF302821FF302821FF302821FF302821FF302821FF302821FF302821FF302821FF302821FF302821FF302821FF302821FF302821FF302821FF302821FF302821FF302821FF302821FF302821FF302821FF302821FF302821FF302821FF302821FF302821FF302821FF302821
310
FF302821FF302821FF302821FF302821FF302821FF302821FF302821FF302821FF302821FF302821FF302821FF302821FF302821FF302821FF302821FF302821FF302821FF302821FF302821FF302821FF302821FF302821FF302821FF302821FF302821FF302821FF302821FF302821FF302821FF302821FF302821FF3028
310
21FF302821FF302821FF302821FF302821FF302821FF302821FF302821FF302821FF302821FF302821FF302821FF302821FF302821FF302821FF302821FF302821FF302821FF302821FF302821FF302821FF302821FF302821FF302821FF302821FF302821FF302821FF302821FF302821FF302821FF302821FF302821FF30
310
2821FF302821FF302821FF302821FF302821FF302821FF302821FF302821FF302821FF302821FF302821FF302821FF302821FF302821FF302821FF302821FF302821FF302821FF302821FF302821FF302821FF302821FF302821FF302821FF302821FF302821FF302821FF302821FF302821FF302821FF302821FF302821FF
310
302821FF302821FF302821FF302821FF302821FF302821FF302821FF302821FF302821FF302821FF302821FF302821FF302821FF302821FF302821FF302821FF302821FF302821FF302821FF302821FF302821FF302821FF302821FF302821FF302821FF302821FF302821FF302821FF302821FF302821FF302821FF302821
310
FF302821FF302821FF302821FF302821FF302821FF302821FF302821FF302821FF302821FF302821FF302821FF302821FF302821FF302821FF302821FF302821FF302821FF302821FF302821FF302821FF302821FF302821FF302821FF302821FF302821FF302821FF302821FF302821FF302821FF302821FF302821FF3028
310
21FF302821FF302821FF302821FF302821FF302821FF302821FF302821FF302821FF302821FF302821FF302821FF302821FF302821FF302821FF302821FF302821FF302821FF302821FF302821FF302821FF302821FF302821FF302821FF302821FF302821FF302821FF302821FF302821FF302821FF302821FF302821FF30
310
2821FF302821FF302821FF302821FF302821FF302821FF302821FF302821FF302821FF302821FF302821FF302821FF302821FF302821FF302821FF302821FF302821FF302821FF302821FF302821FF302821FF302821FF302821FF302821FF302821FF302821FF302821FF302821FF302821FF302821FF302821FF302821FF
310
302821FF302821FF302821FF302821FF302821FF302821FF302821FF302821FF302821FF302821FF302821FF302821FF302821FF302821FF302821FF302821FF302821FF302821FF302821FF302821FF302821FF302821FF302821FF302821FF302821FF302821FF302821FF302821FF302821FF302821FF302821FF302821
310
FF302821FF302821FF302821FF302821FF302821FF302821FF302821FF302821FF302821FF302821FF302821FF302821FF302821FF302821FF302821FF302821FF302821FF302821FF302821FF302821FF302821FF302821FF302821FF302821FF302821FF302821FF302821FF302821FF302821FF302821FF302821FF3028
310
21FF302821FF302821FF302821FF302821FF302821FF302821FF302821FF302821FF302821FF302821FF302821FF302821FF302821FF302821FF302821FF302821FF302821FF302821FF302821FF302821FF302821FF302821FF302821FF302821FF302821FF302821FF302821FF302821FF302821FF302821FF302821FF30
310
2821FF302821FF302821FF302821FF302821FF302821FF302821FF302821FF302821FF302821FF302821FF302821FF302821FF302821FF302821FF302821FF302821FF302821FF302821FF302821FF302821FF302821FF302821FF302821FF302821FF302821FF302821FF302821FF302821FF302821FF302821FF302821FF
310
302821FF302821FF302821FF302821FF302821FF302821FF302821FF302821FF302821FF302821FF302821FF302821FF302821FF302821FF302821FF302821FF302821FF302821FF302821FF302821FF302821FF302821FF302821FF302821FF302821FF302821FF302821FF302821FF302821FF302821FF302821FF302821
310
FF302821FF302821FF302821FF302821FF302821FF302821FF302821FF302821FF302821FF302821FF302821FF302821FF302821FF302821FF302821FF302821FF302821FF302821FF302821FF302821FF302821FF302821FF302821FF302821FF302821FF302821FF302821FF302821FF302821FF302821FF302821FF3028
310
21FF302821FF302821FF302821FF302821FF302821FF302821FF302821FF302821FF302821FF302821FF302821FF302821FF302821FF302821FF302821FF302821FF302821FF302821FF302821FF302821FF302821FF302821FF302821FF302821FF302821FF302821FF302821FF302821FF302821FF302821FF302821FF30
310
2821FF302821FF302821FF302821FF302821FF302821FF302821FF302821FF302821FF302821FF302821FF302821FF302821FF302821FF302821FF302821FF302821FF302821FF302821FF302821FF302821FF302821FF302821FF302821FF302821FF302821FF302821FF302821FF302821FF302821FF302821FF302821FF
310
302821FF302821FF302821FF302821FF302821FF302821FF302821FF302821FF302821FF302821FF302821FF302821FF302821FF302821FF302821FF302821FF302821FF302821FF302821FF302821FF302821FF302821FF302821FF302821FF302821FF302821FF302821FF302821FF302821FF302821FF302821FF302821
310
FF302821FF302821FF302821FF302821FF302821FF302821FF302821FF302821FF302821FF302821FF302821FF302821FF0000FFFF0000FFFF0000FFFF0000FFFF0000FFFF0000FFFF0000FFFF0000FFFF0000FFFF0000FFFF0000FFFF0000FFFF0000FFFF0000FFFF0000FFFF0000FFFF0000FFFF302821FF302821FF3028
310
21FF302821FF302821FF302821FF302821FF302821FF302821FF302821FF302821FF302821FF302821FF302821FF302821FF302821FF302821FF302821FF302821FF302821FF302821FF302821FF302821FF302821FF302821FF302821FF302821FF302821FF302821FF302821FF302821FF0000FFFF0000FFFF0000FFFF00
310
00FFFF0000FFFF0000FFFF0000FFFF0000FFFF0000FFFF0000FFFF0000FFFF0000FFFF0000FFFF0000FFFF0000FFFF0000FFFF0000FFFF302821FF302821FF302821FF302821FF302821FF302821FF302821FF302821FF302821FF302821FF302821FF302821FF302821FF302821FF302821FF302821FF302821FF302821FF
310
302821FF302821FF302821FF302821FF302821FF302821FF302821FF302821FF302821FF302821FF302821FF302821FF302821FF302821FF302821FF302821FF302821FF302821FF302821FF302821FF302821FF302821FF302821FF302821FF302821FF302821FF302821FF302821FF302821FF302821FF302821FF302821
310
FF302821FF302821FF302821FF302821FF302821FF302821FF302821FF302821FF302821FF302821FF302821FF302821FF302821FF302821FF302821FF302821FF302821FF302821FF302821FF302821FF302821FF302821FF302821FF302821FF302821FF302821FF302821FF302821FF302821FF302821FF302821FF3028
310
21FF302821FF302821FF302821FF302821FF302821FF302821FF302821FF302821FF302821FF302821FF302821FF302821FF302821FF302821FF302821FF302821FF302821FF302821FF302821FF302821FF302821FF302821FF302821FF302821FF302821FF302821FF302821FF302821FF302821FF302821FF302821FF30
310
2821FF302821FF302821FF302821FF302821FF302821FF302821FF302821FF302821FF302821FF302821FF302821FF302821FF302821FF302821FF302821FF302821FF302821FF302821FF302821FF302821FF302821FF302821FF302821FF302821FF302821FF302821FF302821FF302821FF302821FF302821FF302821FF
310
302821FF302821FF302821FF302821FF302821FF302821FF302821FF302821FF302821FF302821FF302821FF302821FF302821FF302821FF302821FF302821FF302821FF302821FF302821FF302821FF302821FF302821FF302821FF302821FF302821FF302821FF302821FF302821FF
 70
     1
280
     1
281
     0
  0
BLOCK_RECORD
  5
289
330
1
100
AcDbSymbolTableRecord
100
AcDbBlockTableRecord
  2
COL1
340
0
310
28000000300000003000000001002000000000000024000001000000010000000000000000000000302821FF302821FF302821FF302821FF302821FF302821FF302821FF302821FF302821FF302821FF302821FF302821FF302821FF302821FF302821FF302821FF302821FF302821FF302821FF302821FF302821FF302821
310
FF302821FF302821FF302821FF302821FF302821FF302821FF302821FF302821FF302821FF302821FF302821FF302821FF302821FF302821FF302821FF302821FF302821FF302821FF302821FF302821FF302821FF302821FF302821FF302821FF302821FF302821FF302821FF302821FF302821FF302821FF302821FF3028
310
21FF302821FF302821FF302821FF302821FF302821FF302821FF302821FF302821FF302821FF302821FF302821FF302821FF302821FF302821FF302821FF302821FF302821FF302821FF302821FF302821FF302821FF302821FF302821FF302821FF302821FF302821FF302821FF302821FF302821FF302821FF302821FF30
310
2821FF302821FF302821FF302821FF302821FF302821FF302821FF302821FF302821FF302821FF302821FF302821FF302821FF302821FF302821FF302821FF302821FF302821FF302821FF302821FF302821FF302821FF302821FF302821FF302821FF302821FF302821FF302821FF302821FF302821FF302821FF302821FF
310
302821FF302821FF302821FF302821FF302821FF302821FF302821FF302821FF302821FF302821FF302821FF302821FF302821FF302821FF302821FF302821FF302821FF302821FF302821FF302821FF302821FF302821FF302821FF302821FF302821FF302821FF302821FF302821FF302821FF302821FF302821FF302821
310
FF302821FF302821FF302821FF302821FF302821FF302821FF302821FF302821FF302821FF302821FF302821FF302821FF302821FF302821FF302821FF302821FF302821FF302821FF302821FF302821FF302821FF302821FF00A5A5FF00FF00FF302821FF302821FF302821FF302821FF302821FF302821FF302821FF3028
310
21FF00A5A5FF00FF00FF302821FF302821FF302821FF302821FF00FF00FF00A5A5FF00FF00FF302821FF302821FF302821FF302821FF302821FF302821FF302821FF302821FF302821FF302821FF302821FF302821FF302821FF302821FF302821FF302821FF302821FF302821FF302821FF302821FF302821FF302821FF30
310
2821FF302821FF302821FF302821FF302821FF302821FF302821FF00FF00FF00FF00FF302821FF302821FF302821FF302821FF302821FF302821FF302821FF302821FF00FF00FF00FF00FF302821FF302821FF302821FF302821FF00FF00FF00FF00FF00FF00FF302821FF302821FF302821FF302821FF302821FF302821FF
310
302821FF302821FF302821FF302821FF302821FF302821FF302821FF302821FF302821FF302821FF302821FF302821FF302821FF302821FF302821FF302821FF302821FF302821FF302821FF302821FF302821FF302821FF302821FF302821FF302821FF302821FF302821FF302821FF302821FF302821FF302821FF302821
310
FF302821FF302821FF302821FF302821FF302821FF302821FF302821FF302821FF302821FF302821FF302821FF302821FF302821FF302821FF302821FF302821FF302821FF302821FF302821FF302821FF302821FF302821FF302821FF302821FF302821FF302821FF302821FF302821FF302821FF302821FF302821FF00FF
310
00FF302821FF302821FF302821FF302821FF302821FF302821FF302821FF302821FF302821FF302821FF302821FF302821FF302821FF302821FF302821FF302821FF302821FF302821FF302821FF302821FF302821FF302821FF302821FF302821FF302821FF302821FF302821FF302821FF302821FF302821FF302821FF30
310
2821FF302821FF302821FF302821FF302821FF302821FF302821FF302821FF302821FF302821FF302821FF302821FF302821FF302821FF302821FFFF00FFFF00A5A5FF00FF00FF302821FF302821FF302821FF302821FF302821FF302821FF302821FF302821FF302821FF302821FF302821FF302821FF302821FF302821FF
310
302821FF302821FF302821FF302821FF302821FF302821FF302821FF302821FF302821FF302821FF302821FF302821FF302821FF302821FF302821FF302821FF302821FF302821FF302821FF302821FF302821FF302821FF302821FF302821FF302821FF302821FF302821FF302821FF302821FF302821FF302821FF302821
310
FF302821FF302821FF302821FF302821FF302821FF302821FF302821FF302821FF302821FF302821FF302821FF302821FF302821FF302821FF302821FF302821FF302821FF302821FF302821FF302821FF302821FF302821FF302821FF302821FF302821FF302821FF302821FF302821FF302821FF302821FF302821FF3028
310
21FF302821FF302821FF302821FF302821FF302821FF302821FF302821FF302821FF302821FF302821FF302821FF302821FF302821FF302821FF302821FF302821FF302821FF302821FF302821FF302821FF302821FF302821FF302821FF302821FF302821FF302821FF302821FF302821FF302821FF302821FF302821FF30
310
2821FF302821FF302821FF302821FF302821FF302821FF302821FF302821FF302821FF302821FF302821FF302821FF302821FF302821FF302821FF302821FF302821FF302821FF302821FF302821FF302821FF302821FF302821FF302821FF302821FF302821FF302821FF302821FF302821FF302821FF302821FF302821FF
310
302821FF302821FF302821FF302821FF302821FF302821FF302821FF302821FF302821FF302821FF302821FF302821FF302821FF302821FF302821FF302821FF302821FF302821FF302821FF302821FF302821FF302821FF302821FF302821FF302821FF302821FF302821FF302821FF302821FF302821FF302821FF302821
310
FF302821FF302821FF302821FF302821FF302821FF302821FF302821FF302821FF302821FF302821FF302821FF302821FF302821FF302821FF302821FF302821FF302821FF302821FF302821FF302821FF302821FF302821FF302821FF302821FF00A5A5FF00FF00FF302821FF302821FF302821FF302821FF00FF00FF00FF
310
00FF302821FF302821FF302821FF302821FF302821FF302821FF302821FF302821FF302821FF302821FF302821FF302821FF302821FF302821FF302821FF302821FF302821FF302821FF302821FF302821FF302821FF302821FF302821FF302821FF302821FF302821FF302821FF302821FF302821FF302821FF00A5A5FF00
310
FF00FF00FF00FF302821FF302821FF302821FF302821FF302821FF302821FF302821FF00FF00FF00FF00FF302821FF302821FF302821FF302821FF00FF00FF00A5A5FF00FF00FF302821FF302821FF302821FF302821FF302821FF302821FF302821FF302821FF302821FF302821FF302821FF302821FF302821FF302821FF
310
302821FF302821FF302821FF302821FF302821FF302821FF302821FF302821FF302821FF302821FF302821FF302821FF302821FF302821FF302821FFFF00FFFF00FF00FF302821FF302821FF302821FF302821FF302821FF302821FF302821FF302821FF302821FF302821FF302821FF302821FF302821FF302821FF302821
310
FF302821FF302821FF302821FF302821FF302821FF302821FF302821FF302821FF302821FF302821FF302821FF302821FF302821FF302821FF302821FF302821FF302821FF302821FF302821FF302821FF302821FF302821FF302821FF302821FF302821FF302821FF302821FF302821FF302821FF302821FF302821FF3028
310
21FF302821FF302821FF302821FF302821FF302821FF302821FF302821FF302821FF302821FF302821FF302821FF302821FF302821FF302821FF302821FF302821FF302821FF302821FF302821FFFFFFFFFF302821FF302821FF302821FF302821FF302821FF302821FF302821FF302821FF302821FF302821FF302821FF30
310
2821FF302821FF302821FF302821FF302821FF302821FF302821FF302821FF302821FF302821FF302821FF302821FF302821FF302821FF302821FF302821FF302821FF302821FF302821FF302821FF302821FF302821FF302821FF302821FF302821FF302821FF302821FF302821FF302821FF302821FF302821FF302821FF
310
302821FF302821FFFFFFFFFFFFFFFFFF302821FF302821FF302821FF302821FF302821FF302821FF302821FF302821FF302821FF302821FF302821FF302821FF302821FF302821FF302821FF302821FF302821FF302821FF302821FF302821FF302821FF302821FF302821FF302821FF302821FF302821FF302821FF302821
310
FF302821FF302821FF302821FF302821FF302821FF00FF00FF00A5A5FF00FF00FF302821FF302821FF302821FF302821FF302821FF302821FF302821FF302821FFFFFFFFFFFFFFFFFF302821FF302821FF302821FF302821FF302821FF302821FF302821FF302821FF302821FF302821FF302821FF302821FF302821FF3028
310
21FF302821FF302821FF302821FF302821FF302821FF302821FF302821FF302821FF302821FF302821FF302821FF302821FF302821FF302821FF302821FF302821FF302821FF302821FF302821FF302821FF302821FF00FF00FF00FF00FF302821FF302821FF302821FF302821FF302821FF302821FF302821FFFFFFFFFFFF
310
FFFFFF302821FF302821FF302821FF302821FF302821FF302821FF302821FF302821FF302821FF302821FF302821FF302821FF302821FF302821FF302821FF302821FF302821FF302821FF302821FF302821FF302821FF302821FF302821FF302821FF302821FF302821FF302821FF302821FF302821FF302821FF302821FF
310
302821FF302821FF302821FF302821FF302821FF302821FF302821FF302821FF302821FF302821FF302821FF302821FF302821FF302821FFFFFFFFFF302821FF302821FF302821FF302821FF302821FF302821FF302821FF302821FF302821FF302821FF302821FF302821FF302821FF302821FF302821FF302821FF302821
310
FF302821FF302821FF302821FF302821FF302821FF302821FF302821FF302821FF302821FF302821FF302821FF302821FF302821FF302821FF00FF00FF00FF00FF302821FF302821FF302821FF302821FF302821FF302821FF302821FF302821FF302821FF302821FF302821FF302821FF302821FF302821FF302821FF3028
310
21FF302821FF302821FF302821FF302821FF302821FF302821FF302821FF302821FF302821FF302821FF302821FF302821FF302821FF302821FF302821FF302821FF302821FF302821FF302821FF302821FF302821FF302821FF302821FF302821FF302821FF302821FF302821FF302821FF302821FFFF00FFFF00A5A5FF00
310
FF00FF302821FF302821FF302821FF302821FF302821FF302821FF302821FF302821FF302821FF302821FF302821FF302821FF302821FF302821FF302821FF302821FF302821FF302821FF302821FF302821FF302821FF302821FF302821FF302821FF302821FF302821FF302821FF302821FF302821FF302821FF302821FF
310
302821FF302821FF302821FF302821FF302821FF302821FF302821FF302821FF302821FF302821FF302821FF302821FF302821FF302821FF302821FF00FF00FF00FF00FF302821FF302821FF302821FF302821FF302821FF302821FF302821FF302821FF302821FF302821FF302821FF302821FF302821FF302821FF302821
310
FF302821FF302821FF302821FF302821FF302821FF302821FF302821FF302821FF302821FF302821FF302821FF302821FF302821FF302821FF302821FF302821FF302821FF302821FF302821FF302821FF302821FF302821FF302821FF302821FF302821FF302821FF302821FF302821FF302821FF302821FF302821FF3028
310
21FF302821FF302821FF302821FF302821FF302821FF302821FF302821FF302821FF302821FF302821FF302821FF302821FF302821FF302821FF302821FF302821FF302821FF302821FF302821FF302821FF302821FF302821FF302821FF302821FF302821FF302821FF302821FF302821FF302821FF302821FF302821FF30
310
2821FF302821FF302821FF302821FF302821FF302821FF302821FF302821FF302821FF302821FF302821FF302821FF302821FF302821FF302821FF302821FF302821FF302821FF302821FF302821FF302821FF302821FF302821FF302821FF302821FF302821FF302821FF302821FF302821FF302821FF302821FF302821FF
310
302821FF302821FF302821FF302821FF302821FF302821FF302821FF302821FF302821FF302821FF302821FF302821FF302821FF302821FF302821FF302821FF302821FF302821FF302821FF302821FF302821FF302821FF302821FF302821FF302821FF302821FF302821FF302821FF302821FF302821FF302821FF302821
310
FF302821FF302821FF302821FF302821FF302821FF302821FF302821FF302821FF302821FF00A5A5FF00FF00FF00FF00FF302821FF302821FF302821FF302821FF302821FF302821FF302821FF302821FF302821FF302821FF302821FF302821FF302821FF302821FF302821FF302821FF302821FF302821FF302821FF3028
310
21FF302821FF302821FF302821FF302821FF302821FF302821FF302821FF302821FF302821FF302821FF302821FF302821FF302821FF302821FF302821FF302821FF302821FF302821FF302821FF302821FF302821FF302821FF302821FF302821FF302821FF00FF00FF00FF00FF302821FF302821FF302821FF302821FF30
310
2821FF302821FF302821FF302821FF302821FF302821FF302821FF302821FF302821FF302821FF302821FF302821FF302821FF302821FF302821FF302821FF302821FF302821FF302821FF302821FF302821FF302821FF302821FF302821FF302821FF302821FF302821FF302821FF302821FF302821FF302821FF302821FF
310
302821FF302821FF302821FF302821FF302821FF302821FF302821FF302821FF302821FF302821FF302821FF302821FF302821FF302821FF302821FF302821FF302821FF302821FF302821FF302821FF302821FF302821FF302821FF302821FF302821FF302821FF302821FF302821FF302821FF302821FF302821FF302821
310
FF302821FF302821FF302821FF302821FF302821FF302821FF302821FF302821FF302821FF302821FF302821FF302821FF302821FF302821FF302821FF302821FF302821FF302821FF302821FF302821FF302821FF302821FF302821FF302821FF302821FF302821FF302821FF302821FF302821FF302821FF302821FF3028
310
21FF302821FF302821FF302821FF302821FF302821FF302821FF302821FF302821FF302821FF00A5A5FF00FF00FF302821FF302821FF302821FF302821FF302821FF00A5A5FF00FF00FF302821FF302821FF302821FF302821FF302821FF302821FF302821FF302821FF302821FF302821FF302821FF00A5A5FF00FF00FF30
310
2821FF302821FF302821FF302821FF302821FF302821FF302821FF302821FF302821FF302821FF302821FF302821FF302821FF302821FF302821FF302821FF302821FF302821FF302821FF00A5A5FF00FF00FF302821FF302821FF302821FF302821FF302821FF302821FF00FF00FF302821FF302821FF302821FF302821FF
310
302821FF00FF00FF302821FF302821FF302821FF302821FF302821FF302821FF302821FF302821FF302821FF302821FF302821FF302821FF00FF00FF302821FF302821FF302821FF302821FF302821FF302821FF302821FF302821FF302821FF302821FF302821FF302821FF302821FF302821FF302821FF302821FF302821
310
FF302821FF302821FF302821FF00FF00FF00FF00FF302821FF302821FF302821FF302821FF302821FF302821FF302821FF302821FF302821FF302821FF302821FF302821FF302821FF302821FF302821FF302821FF302821FF302821FF302821FF302821FF302821FF302821FF302821FF302821FF302821FF302821FF3028
310
21FF302821FF302821FF302821FF302821FF302821FF302821FF302821FF302821FF302821FF00FF00FF302821FF302821FF302821FF302821FF302821FF302821FF302821FF302821FF302821FF302821FF302821FF302821FF302821FF302821FF302821FF302821FF302821FF302821FF302821FF302821FF302821FF30
310
2821FF302821FF302821FF302821FF302821FF302821FF302821FF302821FF302821FF302821FF302821FF302821FF302821FF302821FF302821FF302821FF302821FF302821FF302821FF302821FF302821FF302821FF302821FF302821FF302821FF00FF00FF00A5A5FF302821FF302821FF302821FF302821FF302821FF
310
302821FF302821FF302821FF302821FF302821FF302821FF302821FF302821FF302821FF302821FF302821FF302821FF302821FF302821FF302821FF302821FF302821FF302821FF302821FF302821FF302821FF302821FF302821FF302821FF302821FF302821FF302821FF302821FF302821FF302821FF302821FF302821
310
FF302821FF302821FF302821FF302821FF302821FF302821FF302821FF302821FF302821FF302821FF302821FF302821FF302821FF302821FF302821FF302821FF302821FF302821FF302821FF302821FF302821FF302821FF302821FF302821FF302821FF302821FF302821FF302821FF302821FF302821FF302821FF3028
310
21FF302821FF302821FF302821FF302821FF302821FF302821FF302821FF302821FF302821FF302821FF302821FF302821FF302821FF302821FF302821FF302821FF302821FF302821FF302821FF302821FF302821FF302821FF302821FF302821FF302821FF302821FF302821FF302821FF302821FF302821FF302821FF30
310
2821FF302821FF302821FF302821FF302821FF302821FF302821FF302821FF302821FF302821FF302821FF302821FF302821FF302821FF302821FF302821FF302821FF302821FF302821FF302821FF302821FF302821FF302821FF302821FF302821FF302821FF302821FF302821FF302821FF302821FF302821FF302821FF
310
302821FF302821FF302821FF302821FF302821FF302821FF302821FF302821FF302821FF302821FF302821FF302821FF302821FF302821FF302821FF302821FF302821FF302821FF302821FF302821FF302821FF302821FF302821FF302821FF302821FF302821FF302821FF302821FF302821FF302821FF302821FF302821
310
FF302821FF302821FF302821FF302821FF302821FF302821FF302821FF302821FF302821FF302821FF302821FF302821FF302821FF302821FF302821FF302821FF302821FF302821FF302821FF302821FF302821FF302821FF302821FF302821FF302821FF302821FF302821FF302821FF302821FF302821FF302821FF3028
310
21FF302821FF302821FF302821FF302821FF302821FF302821FF302821FF302821FF302821FF302821FF302821FF302821FF302821FF302821FF302821FF302821FF302821FF302821FF302821FF302821FF302821FF302821FF302821FF302821FF302821FF302821FF302821FF302821FF302821FF302821FF302821FF30
310
2821FF302821FF302821FF302821FF302821FF302821FF302821FF302821FF302821FF302821FF302821FF302821FF302821FF302821FF302821FF302821FF302821FF302821FF00A5A5FF00FF00FF302821FF302821FF302821FF302821FF302821FF302821FF00FF00FFFF00FFFF302821FF302821FF302821FF302821FF
310
302821FF302821FF302821FF302821FF00A5A5FF302821FF302821FF302821FF302821FF302821FF302821FF302821FF302821FF00A5A5FF00FF00FF302821FF302821FF302821FF302821FF302821FF302821FF302821FF302821FF302821FF302821FF302821FF302821FF302821FF302821FF302821FF302821FF302821
310
FF302821FF302821FF00FF00FF302821FF302821FF302821FF302821FF302821FF302821FF302821FF00A5A5FF00FF00FF302821FF302821FF302821FF302821FF302821FF302821FF302821FF00FF00FF00FF00FF302821FF302821FF302821FF302821FF302821FF302821FF302821FF302821FF00FF00FF302821FF3028
310
21FF302821FF302821FF302821FF302821FF00A5A5FF00FF00FF302821FF302821FF302821FF302821FF302821FF302821FF302821FF302821FF302821FF302821FF302821FF302821FF302821FF302821FF302821FF302821FF302821FF302821FF302821FF302821FF302821FF302821FF302821FF302821FF302821FF30
310
2821FF302821FF302821FF302821FF302821FF302821FF302821FF302821FF302821FF302821FF302821FF302821FF302821FF302821FF302821FF302821FF302821FF302821FF302821FF302821FF302821FFFF00FFFF00FF00FF302821FF302821FF302821FF302821FF302821FF302821FF302821FF302821FF302821FF
310
302821FF302821FF302821FF302821FF302821FF302821FF302821FF302821FF302821FF302821FF302821FF302821FF302821FF302821FF302821FF302821FF302821FF302821FF302821FF302821FF302821FF302821FF302821FF302821FF302821FF302821FF302821FF302821FF302821FF302821FF302821FF302821
310
FF302821FF302821FF302821FF302821FF302821FF302821FF302821FF302821FF302821FF302821FF302821FF302821FF302821FF302821FF302821FF302821FF302821FF302821FF302821FF302821FF302821FF302821FF302821FF302821FF302821FF302821FF302821FF302821FF302821FF302821FF302821FF3028
310
21FF302821FF302821FF302821FF302821FF302821FF302821FF302821FF302821FF302821FF302821FF302821FF302821FF302821FF302821FF302821FF302821FF302821FF302821FF302821FF302821FF302821FF302821FF302821FF302821FF302821FF302821FF302821FF302821FF302821FF302821FF302821FF30
310
2821FF302821FF302821FF302821FF302821FF302821FF302821FF302821FF302821FF302821FF302821FF302821FF302821FF302821FF302821FF302821FF302821FF302821FF302821FF302821FF302821FF302821FF302821FF302821FF302821FF302821FF302821FF302821FF302821FF302821FF302821FF302821FF
310
302821FF302821FF302821FF302821FF302821FF302821FF302821FF302821FF302821FF302821FF302821FF302821FF302821FF302821FF302821FF302821FF302821FF302821FF302821FF302821FF302821FF302821FF302821FF302821FF302821FF302821FF302821FF302821FF302821FF302821FF302821FF302821
310
FF302821FF302821FF302821FF302821FF302821FF302821FF302821FF302821FF302821FF302821FF302821FF302821FFFF00FFFF00FF00FF302821FF302821FF302821FF302821FF302821FF302821FF302821FF302821FF302821FF302821FF302821FF302821FF302821FF302821FF302821FF302821FF302821FF3028
310
21FF302821FF302821FF302821FF302821FF302821FF302821FF302821FF302821FF302821FF00FF00FF302821FF302821FF302821FF302821FF302821FF302821FF302821FF302821FF302821FF302821FF302821FF302821FF302821FF302821FF302821FF302821FF302821FF302821FFFF00FFFF00A5A5FF302821FF30
310
2821FF302821FF302821FF302821FF302821FF302821FF302821FF302821FF302821FF302821FF302821FF302821FF302821FF302821FF302821FF302821FF302821FF302821FF302821FF302821FF302821FF302821FF302821FF302821FF302821FF302821FF00A5A5FF302821FF302821FF302821FF302821FF302821FF
310
302821FF302821FF302821FF302821FF302821FF302821FF302821FF302821FF302821FF302821FF302821FF302821FF302821FF302821FF302821FF302821FF302821FF302821FF302821FF302821FF302821FF302821FF302821FF302821FF302821FF302821FF302821FF302821FF302821FF302821FF302821FF302821
310
FF302821FF302821FF302821FF302821FF302821FF302821FF302821FF302821FF302821FF302821FF302821FF302821FF302821FF302821FF302821FF302821FF302821FF302821FF302821FF302821FF302821FF302821FF302821FF302821FF302821FF302821FF302821FF302821FF302821FF302821FF302821FF3028
310
21FF302821FF302821FF302821FF302821FF302821FF302821FF302821FF302821FF302821FF302821FF302821FF302821FF302821FF302821FF302821FF302821FF302821FF302821FF302821FF302821FF302821FF302821FF302821FF302821FF302821FF302821FF302821FF302821FF302821FF302821FF302821FF30
310
2821FF302821FF302821FF302821FF302821FF302821FF302821FF302821FF302821FF302821FF302821FF302821FF302821FF302821FF302821FF302821FF302821FF302821FF302821FF302821FF302821FF302821FF302821FF302821FF302821FF302821FF302821FF302821FF302821FF302821FF302821FF302821FF
310
302821FF302821FF302821FF302821FF302821FF302821FF302821FF302821FF302821FF302821FF302821FF302821FF302821FF302821FF302821FF302821FF302821FF302821FF302821FF302821FF302821FF302821FF302821FF302821FF302821FF302821FF302821FF302821FF
 70
     1
280
     1
281
     0
  0
ENDTAB
  0
ENDSEC
  0
SECTION
  2
BLOCKS
  0
BLOCK
  5
20
330
1F
100
AcDbEntity
  8
0
100
AcDbBlockBegin
  2
*Model_Space
 70
     0
 10
0.0
 20
0.0
 30
0.0
  3
*Model_Space
  1

  0
ENDBLK
  5
21
330
1F
100
AcDbEntity
  8
0
100
AcDbBlockEnd
  0
BLOCK
  5
5A
330
58
100
AcDbEntity
 67
     1
  8
0
100
AcDbBlockBegin
  2
*Paper_Space
 70
     0
 10
0.0
 20
0.0
 30
0.0
  3
*Paper_Space
  1

  0
ENDBLK
  5
5B
330
58
100
AcDbEntity
 67
     1
  8
0
100
AcDbBlockEnd
  0
BLOCK
  5
5F
330
5D
100
AcDbEntity
 67
     1
  8
0
100
AcDbBlockBegin
  2
*Paper_Space0
 70
     0
 10
0.0
 20
0.0
 30
0.0
  3
*Paper_Space0
  1

  0
ENDBLK
  5
60
330
5D
100
AcDbEntity
 67
     1
  8
0
100
AcDbBlockEnd
  0
BLOCK
  5
248
330
247
100
AcDbEntity
  8
0
100
AcDbBlockBegin
  2
SW
 70
     0
 10
0.0
 20
0.0
 30
0.0
  3
SW
  1

  0
LWPOLYLINE
  5
249
330
247
100
AcDbEntity
  8
SHEAR-WALL
100
AcDbPolyline
 90
        8
 70
     1
 43
0.0
 10
10115.10228779848
 20
-4851.500000000002
 10
10115.10228779848
 20
-4752.991601873303
 10
10343.10228779848
 20
-4752.991601873303
 10
10343.10228779848
 20
-4851.500000000003
 10
10331.10228779848
 20
-4851.500000000003
 10
10331.10228779848
 20
-4764.991601873306
 10
10127.10228779848
 20
-4764.991601873306
 10
10127.10228779848
 20
-4851.500000000002
  0
LWPOLYLINE
  5
24A
330
247
100
AcDbEntity
  8
SHEAR-WALL
100
AcDbPolyline
 90
        5
 70
     1
 43
0.0
 10
9891.53701294388
 20
-4187.749999999986
 10
9632.766611111369
 20
-4187.749999999985
 10
9632.766611111369
 20
-4177.749999999984
 10
9891.53701294388
 20
-4177.749999999984
 10
9891.53701294388
 20
-4187.749999999986
  0
ENDBLK
  5
24B
330
247
100
AcDbEntity
  8
0
100
AcDbBlockEnd
  0
BLOCK
  5
28A
330
289
100
AcDbEntity
  8
0
100
AcDbBlockBegin
  2
COL1
 70
     0
 10
0.0
 20
0.0
 30
0.0
  3
COL1
  1

  0
LWPOLYLINE
  5
28B
330
289
100
AcDbEntity
  8
COLUMN-FOOTPRINT
100
AcDbPolyline
 90
        4
 70
     1
 43
0.0
 10
2.792496740941714
 20
-1033.538482784049
 10
26.79249674094172
 20
-1033.538482784049
 10
26.79249674094172
 20
-1021.538482784049
 10
2.792496740941714
 20
-1021.538482784049
  0
LWPOLYLINE
  5
28C
330
289
100
AcDbEntity
  8
COLUMN-FOOTPRINT
100
AcDbPolyline
 90
        4
 70
     1
 43
0.0
 10
69.64142778373184
 20
-1184.760930177962
 10
79.40076865353488
 20
-1206.687062207735
 10
90.36383466842085
 20
-1201.807391772833
 10
80.60449379861779
 20
-1179.881259743061
  0
LWPOLYLINE
  5
28D
330
289
100
AcDbEntity
  8
COLUMN-FOOTPRINT
100
AcDbPolyline
 90
        4
 70
     1
 43
0.0
 10
254.9759141740353
 20
-1157.038482784051
 10
264.7352550438384
 20
-1178.964614813823
 10
275.6983210587243
 20
-1174.084944378921
 10
265.9389801889213
 20
-1152.158812349149
  0
LWPOLYLINE
  5
28E
330
289
100
AcDbEntity
  8
COLUMN-FOOTPRINT
100
AcDbPolyline
 90
        4
 70
     1
 43
0.0
 10
172.1145069166675
 20
-1414.985316490567
 10
181.8738477864706
 20
-1436.911448520339
 10
192.8369138013565
 20
-1432.031778085437
 10
183.0775729315535
 20
-1410.105646055665
  0
LWPOLYLINE
  5
28F
330
289
100
AcDbEntity
  8
COLUMN-FOOTPRINT
100
AcDbPolyline
 90
        4
 70
     1
 43
0.0
 10
445.9465272490913
 20
-1353.923511583636
 10
455.7058681188943
 20
-1375.849643613407
 10
466.6689341337803
 20
-1370.969973178506
 10
456.9095932639773
 20
-1349.043841148734
  0
LWPOLYLINE
  5
290
330
289
100
AcDbEntity
  8
COLUMN-FOOTPRINT
100
AcDbPolyline
 90
        4
 70
     1
 43
0.0
 10
516.5373947364648
 20
-1514.055707135872
 10
526.2967356062678
 20
-1535.981839165644
 10
537.2598016211537
 20
-1531.102168730742
 10
527.5004607513507
 20
-1509.17603670097
  0
LWPOLYLINE
  5
291
330
289
100
AcDbEntity
  8
COLUMN-FOOTPRINT
100
AcDbPolyline
 90
        4
 70
     1
 43
0.0
 10
269.5844582089965
 20
-1633.969267300568
 10
279.3437990787995
 20
-1655.89539933034
 10
290.3068650936855
 20
-1651.015728895438
 10
280.5475242238824
 20
-1629.089596865666
  0
LWPOLYLINE
  5
292
330
289
100
AcDbEntity
  8
COLUMN-FOOTPRINT
100
AcDbPolyline
 90
        4
 70
     1
 43
0.0
 10
358.7586450503029
 20
-1834.315276361466
 10
368.517985920106
 20
-1856.241408391238
 10
379.4810519349919
 20
-1851.361737956336
 10
369.7217110651889
 20
-1829.435605926565
  0
LWPOLYLINE
  5
293
330
289
100
AcDbEntity
  8
COLUMN-FOOTPRINT
100
AcDbPolyline
 90
        4
 70
     1
 43
0.0
 10
419.233903117349
 20
-1970.183928825009
 10
428.9932439871519
 20
-1992.110060854781
 10
439.956310002038
 20
-1987.23039041988
 10
430.1969691322348
 20
-1965.304258390108
  0
LWPOLYLINE
  5
294
330
289
100
AcDbEntity
  8
COLUMN-FOOTPRINT
100
AcDbPolyline
 90
        4
 70
     1
 43
0.0
 10
629.4752952282602
 20
-1237.279496485176
 10
629.4752952282602
 20
-1213.279496485176
 10
617.4752952282602
 20
-1213.279496485176
 10
617.4752952282602
 20
-1237.279496485176
  0
LWPOLYLINE
  5
295
330
289
100
AcDbEntity
  8
COLUMN-FOOTPRINT
100
AcDbPolyline
 90
        4
 70
     1
 43
0.0
 10
725.9218995546388
 20
-1443.520099392941
 10
725.9218995546388
 20
-1419.520099392941
 10
713.9218995546388
 20
-1419.520099392941
 10
713.9218995546388
 20
-1443.520099392941
  0
LWPOLYLINE
  5
296
330
289
100
AcDbEntity
  8
COLUMN-FOOTPRINT
100
AcDbPolyline
 90
        4
 70
     1
 43
0.0
 10
792.1718995546391
 20
-1861.941692694206
 10
792.1718995546391
 20
-1837.941692694206
 10
780.1718995546391
 20
-1837.941692694206
 10
780.1718995546391
 20
-1861.941692694206
  0
LWPOLYLINE
  5
297
330
289
100
AcDbEntity
  8
COLUMN-FOOTPRINT
100
AcDbPolyline
 90
        4
 70
     1
 43
0.0
 10
625.2151946214691
 20
-1875.088192244034
 10
625.2151946214691
 20
-1851.088192244034
 10
613.215194621469
 20
-1851.088192244034
 10
613.215194621469
 20
-1875.088192244034
  0
LWPOLYLINE
  5
298
330
289
100
AcDbEntity
  8
COLUMN-FOOTPRINT
100
AcDbPolyline
 90
        4
 70
     1
 43
0.0
 10
1081.921899554638
 20
-1224.538482784068
 10
1081.921899554638
 20
-1200.538482784068
 10
1069.921899554638
 20
-1200.538482784068
 10
1069.921899554638
 20
-1224.538482784068
  0
LWPOLYLINE
  5
299
330
289
100
AcDbEntity
  8
COLUMN-FOOTPRINT
100
AcDbPolyline
 90
        4
 70
     1
 43
0.0
 10
1081.921899554638
 20
-1469.538482784068
 10
1081.921899554638
 20
-1445.538482784068
 10
1069.921899554638
 20
-1445.538482784068
 10
1069.921899554638
 20
-1469.538482784068
  0
LWPOLYLINE
  5
29A
330
289
100
AcDbEntity
  8
COLUMN-FOOTPRINT
100
AcDbPolyline
 90
        4
 70
     1
 43
0.0
 10
918.0468995546393
 20
-1469.538482784068
 10
918.0468995546393
 20
-1445.538482784068
 10
906.0468995546392
 20
-1445.538482784068
 10
906.0468995546392
 20
-1469.538482784068
  0
LWPOLYLINE
  5
29B
330
289
100
AcDbEntity
  8
COLUMN-FOOTPRINT
100
AcDbPolyline
 90
        4
 70
     1
 43
0.0
 10
734.5468995546382
 20
-1033.538482784053
 10
758.5468995546382
 20
-1033.538482784053
 10
758.5468995546382
 20
-1021.538482784053
 10
734.5468995546382
 20
-1021.538482784053
  0
LWPOLYLINE
  5
29C
330
289
100
AcDbEntity
  8
COLUMN-FOOTPRINT
100
AcDbPolyline
 90
        4
 70
     1
 43
0.0
 10
813.5468995546377
 20
-1212.538482784066
 10
837.5468995546377
 20
-1212.538482784066
 10
837.5468995546377
 20
-1200.538482784066
 10
813.5468995546377
 20
-1200.538482784066
  0
LWPOLYLINE
  5
29D
330
289
100
AcDbEntity
  8
COLUMN-FOOTPRINT
100
AcDbPolyline
 90
        4
 70
     1
 43
0.0
 10
889.8593995546377
 20
-2078.038482784068
 10
913.8593995546376
 20
-2078.038482784068
 10
913.8593995546376
 20
-2066.038482784068
 10
889.8593995546377
 20
-2066.038482784068
  0
LWPOLYLINE
  5
29E
330
289
100
AcDbEntity
  8
COLUMN-FOOTPRINT
100
AcDbPolyline
 90
        4
 70
     1
 43
0.0
 10
638.2968995546385
 20
-2078.038482784068
 10
662.2968995546385
 20
-2078.038482784068
 10
662.2968995546385
 20
-2066.038482784068
 10
638.2968995546385
 20
-2066.038482784068
  0
LWPOLYLINE
  5
29F
330
289
100
AcDbEntity
  8
COLUMN-FOOTPRINT
100
AcDbPolyline
 90
        4
 70
     1
 43
0.0
 10
494.0976697724511
 20
-1744.602386234795
 10
516.023801802223
 20
-1734.843045364992
 10
511.1441313673213
 20
-1723.879979350106
 10
489.2179993375496
 20
-1733.63932021991
  0
LWPOLYLINE
  5
2A0
330
289
100
AcDbEntity
  8
COLUMN-FOOTPRINT
100
AcDbPolyline
 90
        4
 70
     1
 43
0.0
 10
1081.921899554638
 20
-2078.038482784068
 10
1081.921899554638
 20
-2054.038482784068
 10
1069.921899554638
 20
-2054.038482784068
 10
1069.921899554638
 20
-2078.038482784068
  0
TEXT
  5
2A1
330
289
100
AcDbEntity
  8
COLUMN-LABEL
100
AcDbText
 10
5.409874560343495
 20
-1036.925072871517
 30
0.0
 40
23.83206066533843
  1
1
100
AcDbText
  0
TEXT
  5
2A2
330
289
100
AcDbEntity
  8
COLUMN-LABEL
100
AcDbText
 10
70.62000904547812
 20
-1202.670751062865
 30
0.0
 40
23.83206066533843
  1
3
100
AcDbText
  0
TEXT
  5
2A3
330
289
100
AcDbEntity
  8
COLUMN-LABEL
100
AcDbText
 10
255.9544954357816
 20
-1174.948303668953
 30
0.0
 40
23.83206066533843
  1
4
100
AcDbText
  0
TEXT
  5
2A4
330
289
100
AcDbEntity
  8
COLUMN-LABEL
100
AcDbText
 10
737.1642773740401
 20
-1036.92507287152
 30
0.0
 40
23.83206066533843
  1
2
100
AcDbText
  0
TEXT
  5
2A5
330
289
100
AcDbEntity
  8
COLUMN-LABEL
100
AcDbText
 10
614.0926730476621
 20
-1234.666086572643
 30
0.0
 40
23.83206066533843
  1
5
100
AcDbText
  0
TEXT
  5
2A6
330
289
100
AcDbEntity
  8
COLUMN-LABEL
100
AcDbText
 10
816.1642773740393
 20
-1215.925072871533
 30
0.0
 40
23.83206066533843
  1
6
100
AcDbText
  0
TEXT
  5
2A7
330
289
100
AcDbEntity
  8
COLUMN-LABEL
100
AcDbText
 10
1066.53927737404
 20
-1221.925072871535
 30
0.0
 40
23.83206066533843
  1
7
100
AcDbText
  0
TEXT
  5
2A8
330
289
100
AcDbEntity
  8
COLUMN-LABEL
100
AcDbText
 10
902.6642773740407
 20
-1466.925072871535
 30
0.0
 40
23.83206066533843
  1
11
100
AcDbText
  0
TEXT
  5
2A9
330
289
100
AcDbEntity
  8
COLUMN-LABEL
100
AcDbText
 10
1066.53927737404
 20
-1466.925072871535
 30
0.0
 40
23.83206066533843
  1
12
100
AcDbText
  0
TEXT
  5
2AA
330
289
100
AcDbEntity
  8
COLUMN-LABEL
100
AcDbText
 10
710.5392773740407
 20
-1440.906689480408
 30
0.0
 40
23.83206066533843
  1
10
100
AcDbText
  0
TEXT
  5
2AB
330
289
100
AcDbEntity
  8
COLUMN-LABEL
100
AcDbText
 10
776.7892773740407
 20
-1859.328282781674
 30
0.0
 40
23.83206066533843
  1
19
100
AcDbText
  0
TEXT
  5
2AC
330
289
100
AcDbEntity
  8
COLUMN-LABEL
100
AcDbText
 10
892.4767773740395
 20
-2081.425072871535
 30
0.0
 40
23.83206066533843
  1
21
100
AcDbText
  0
TEXT
  5
2AD
330
289
100
AcDbEntity
  8
COLUMN-LABEL
100
AcDbText
 10
1066.53927737404
 20
-2075.425072871535
 30
0.0
 40
23.83206066533843
  1
22
100
AcDbText
  0
TEXT
  5
2AE
330
289
100
AcDbEntity
  8
COLUMN-LABEL
100
AcDbText
 10
640.9142773740406
 20
-2081.425072871535
 30
0.0
 40
23.83206066533843
  1
20
100
AcDbText
  0
TEXT
  5
2AF
330
289
100
AcDbEntity
  8
COLUMN-LABEL
100
AcDbText
 10
609.8325724408709
 20
-1872.474782331502
 30
0.0
 40
23.83206066533843
  1
18
100
AcDbText
  0
TEXT
  5
2B0
330
289
100
AcDbEntity
  8
COLUMN-LABEL
100
AcDbText
 10
420.2124843790953
 20
-1988.093749709912
 30
0.0
 40
23.83206066533843
  1
17
100
AcDbText
  0
TEXT
  5
2B1
330
289
100
AcDbEntity
  8
COLUMN-LABEL
100
AcDbText
 10
493.238278389288
 20
-1743.627772879918
 30
0.0
 40
23.83206066533843
  1
16
100
AcDbText
  0
TEXT
  5
2B2
330
289
100
AcDbEntity
  8
COLUMN-LABEL
100
AcDbText
 10
359.7372263120492
 20
-1852.225097246369
 30
0.0
 40
23.83206066533843
  1
15
100
AcDbText
  0
TEXT
  5
2B3
330
289
100
AcDbEntity
  8
COLUMN-LABEL
100
AcDbText
 10
517.5159759982111
 20
-1531.965528020774
 30
0.0
 40
23.83206066533843
  1
14
100
AcDbText
  0
TEXT
  5
2B4
330
289
100
AcDbEntity
  8
COLUMN-LABEL
100
AcDbText
 10
270.5630394707427
 20
-1651.87908818547
 30
0.0
 40
23.83206066533843
  1
13
100
AcDbText
  0
TEXT
  5
2B5
330
289
100
AcDbEntity
  8
COLUMN-LABEL
100
AcDbText
 10
446.9251085108375
 20
-1371.833332468538
 30
0.0
 40
23.83206066533843
  1
9
100
AcDbText
  0
TEXT
  5
2B6
330
289
100
AcDbEntity
  8
COLUMN-LABEL
100
AcDbText
 10
173.0930881784138
 20
-1432.895137375469
 30
0.0
 40
23.83206066533843
  1
8
100
AcDbText
  0
POINT
  5
2B7
330
289
100
AcDbEntity
  8
S-COLS
100
AcDbPoint
 10
1075.921899554638
 20
-2066.038482784068
 30
0.0
  0
POINT
  5
2B8
330
289
100
AcDbEntity
  8
S-COLS
100
AcDbPoint
 10
502.6209005698863
 20
-1734.241182792451
 30
0.0
  0
POINT
  5
2B9
330
289
100
AcDbEntity
  8
S-COLS
100
AcDbPoint
 10
650.2968995546375
 20
-2072.038482784068
 30
0.0
  0
POINT
  5
2BA
330
289
100
AcDbEntity
  8
S-COLS
100
AcDbPoint
 10
901.8593995546373
 20
-2072.038482784067
 30
0.0
  0
POINT
  5
2BB
330
289
100
AcDbEntity
  8
S-COLS
100
AcDbPoint
 10
825.5468995546378
 20
-1206.538482784066
 30
0.0
  0
POINT
  5
2BC
330
289
100
AcDbEntity
  8
S-COLS
100
AcDbPoint
 10
746.5468995546382
 20
-1027.538482784053
 30
0.0
  0
POINT
  5
2BD
330
289
100
AcDbEntity
  8
S-COLS
100
AcDbPoint
 10
912.0468995546392
 20
-1457.538482784066
 30
0.0
  0
POINT
  5
2BE
330
289
100
AcDbEntity
  8
S-COLS
100
AcDbPoint
 10
1075.921899554632
 20
-1457.538482784062
 30
0.0
  0
POINT
  5
2BF
330
289
100
AcDbEntity
  8
S-COLS
100
AcDbPoint
 10
1075.921899554626
 20
-1212.538482784046
 30
0.0
  0
POINT
  5
2C0
330
289
100
AcDbEntity
  8
S-COLS
100
AcDbPoint
 10
619.2151946214663
 20
-1863.088192244035
 30
0.0
  0
POINT
  5
2C1
330
289
100
AcDbEntity
  8
S-COLS
100
AcDbPoint
 10
786.1718995546359
 20
-1849.941692694207
 30
0.0
  0
POINT
  5
2C2
330
289
100
AcDbEntity
  8
S-COLS
100
AcDbPoint
 10
719.9218995546386
 20
-1431.520099392941
 30
0.0
  0
POINT
  5
2C3
330
289
100
AcDbEntity
  8
S-COLS
100
AcDbPoint
 10
623.4752952282604
 20
-1225.279496485176
 30
0.0
  0
POINT
  5
2C4
330
289
100
AcDbEntity
  8
S-COLS
100
AcDbPoint
 10
429.595106559709
 20
-1978.707159622442
 30
0.0
  0
POINT
  5
2C5
330
289
100
AcDbEntity
  8
S-COLS
100
AcDbPoint
 10
369.1198484926551
 20
-1842.838507158901
 30
0.0
  0
POINT
  5
2C6
330
289
100
AcDbEntity
  8
S-COLS
100
AcDbPoint
 10
279.945661651341
 20
-1642.492498098003
 30
0.0
  0
POINT
  5
2C7
330
289
100
AcDbEntity
  8
S-COLS
100
AcDbPoint
 10
526.8985981788094
 20
-1522.578937933307
 30
0.0
  0
POINT
  5
2C8
330
289
100
AcDbEntity
  8
S-COLS
100
AcDbPoint
 10
456.3077306914357
 20
-1362.446742381071
 30
0.0
  0
POINT
  5
2C9
330
289
100
AcDbEntity
  8
S-COLS
100
AcDbPoint
 10
182.475710359012
 20
-1423.508547288002
 30
0.0
  0
POINT
  5
2CA
330
289
100
AcDbEntity
  8
S-COLS
100
AcDbPoint
 10
265.3371176163798
 20
-1165.561713581486
 30
0.0
  0
POINT
  5
2CB
330
289
100
AcDbEntity
  8
S-COLS
100
AcDbPoint
 10
80.00263122607634
 20
-1193.284160975398
 30
0.0
  0
POINT
  5
2CC
330
289
100
AcDbEntity
  8
S-COLS
100
AcDbPoint
 10
14.79249674094171
 20
-1027.538482784049
 30
0.0
  0
LINE
  5
2CD
330
289
100
AcDbEntity
  8
0
100
AcDbLine
 10
694.5468995546391
 20
-1694.288482784069
 30
0.0
 11
887.6457639110988
 21
-1786.231574040613
 31
0.0
  0
ENDBLK
  5
2CE
330
289
100
AcDbEntity
  8
0
100
AcDbBlockEnd
  0
ENDSEC
  0
SECTION
  2
ENTITIES
  0
LWPOLYLINE
  5
270
330
1F
100
AcDbEntity
  8
SHEAR-WALL
100
AcDbPolyline
 90
        2
 70
     0
 43
0.0
 10
18712.65902353421
 20
400.5537657724849
 10
18724.65902353421
 20
400.5537657724849
  0
LINE
  5
272
330
1F
100
AcDbEntity
  8
SHEAR-WALL
100
AcDbLine
 10
18928.65902353421
 20
400.5537657724828
 30
0.0
 11
18940.65902353421
 21
400.5537657724828
 31
0.0
  0
LWPOLYLINE
  5
279
330
1F
100
AcDbEntity
  8
SHEAR-WALL
100
AcDbPolyline
 90
        8
 70
     1
 43
0.0
 10
36712.65902353422
 20
400.5621638991808
 10
36712.65902353422
 20
499.0705620258771
 10
36940.65902353422
 20
499.0705620258771
 10
36940.65902353422
 20
400.5621638991808
 10
36928.65902353422
 20
400.5621638991808
 10
36928.65902353422
 20
487.0705620258773
 10
36724.65902353422
 20
487.0705620258773
 10
36724.65902353422
 20
400.5621638991808
  0
LWPOLYLINE
  5
27E
330
1F
100
AcDbEntity
  8
SHEAR-WALL
100
AcDbPolyline
 90
        6
 70
     1
 43
0.0
 10
28001.90902353424
 20
507.9287657724862
 10
28001.90902353424
 20
495.9287657724861
 10
28100.65902353423
 20
495.9287657724861
 10
28100.65902353422
 20
233.4287657724866
 10
28112.65902353422
 20
233.4287657724866
 10
28112.65902353424
 20
507.9287657724862
  0
LWPOLYLINE
  5
27F
330
1F
100
AcDbEntity
  8
SHEAR-WALL
100
AcDbPolyline
 90
        6
 70
     1
 43
0.0
 10
22001.90902353424
 20
507.9287657724862
 10
22001.90902353424
 20
495.9287657724861
 10
22100.65902353423
 20
495.9287657724861
 10
22100.65902353423
 20
233.4287657724866
 10
22112.65902353422
 20
233.4287657724866
 10
22112.65902353424
 20
507.9287657724862
  0
LWPOLYLINE
  5
280
330
1F
100
AcDbEntity
  8
SHEAR-WALL
100
AcDbPolyline
 90
        6
 70
     1
 43
0.0
 10
19001.90902353421
 20
507.9287657724862
 10
19001.90902353421
 20
495.9287657724861
 10
19100.65902353423
 20
495.9287657724861
 10
19100.65902353421
 20
233.4287657724866
 10
19112.65902353422
 20
233.4287657724866
 10
19112.65902353422
 20
507.9287657724862
  0
LWPOLYLINE
  5
281
330
1F
100
AcDbEntity
  8
SHEAR-WALL
100
AcDbPolyline
 90
        6
 70
     1
 43
0.0
 10
16001.90902353421
 20
507.9287657724862
 10
16001.90902353421
 20
495.9287657724861
 10
16100.65902353422
 20
495.9287657724861
 10
16100.65902353422
 20
233.4287657724866
 10
16112.6590235342
 20
233.4287657724866
 10
16112.6590235342
 20
507.9287657724862
  0
LWPOLYLINE
  5
283
330
1F
100
AcDbEntity
  8
SHEAR-WALL
100
AcDbPolyline
 90
        6
 70
     1
 43
0.0
 10
13001.90902353422
 20
507.9287657724862
 10
13001.90902353422
 20
495.9287657724861
 10
13100.65902353422
 20
495.9287657724861
 10
13100.65902353422
 20
233.4287657724866
 10
13112.65902353422
 20
233.4287657724866
 10
13112.65902353422
 20
507.9287657724862
  0
LWPOLYLINE
  5
284
330
1F
100
AcDbEntity
  8
SHEAR-WALL
100
AcDbPolyline
 90
        6
 70
     1
 43
0.0
 10
10001.90902353422
 20
507.9287657724862
 10
10001.90902353422
 20
495.9287657724861
 10
10100.65902353422
 20
495.9287657724861
 10
10100.65902353422
 20
233.4287657724866
 10
10112.65902353422
 20
233.4287657724866
 10
10112.65902353422
 20
507.9287657724862
  0
LWPOLYLINE
  5
286
330
1F
100
AcDbEntity
  8
SHEAR-WALL
100
AcDbPolyline
 90
        6
 70
     1
 43
0.0
 10
7001.909023534222
 20
507.9287657724862
 10
7001.909023534222
 20
495.9287657724861
 10
7100.659023534221
 20
495.9287657724861
 10
7100.659023534219
 20
233.4287657724866
 10
7112.659023534219
 20
233.4287657724866
 10
7112.659023534224
 20
507.9287657724862
  0
LWPOLYLINE
  5
288
330
1F
100
AcDbEntity
  8
SLAB
100
AcDbPolyline
 90
        8
 70
     1
 43
0.0
 10
6813.784023534221
 20
1077.053765772501
 10
6018.045522843756
 20
1077.062163899197
 10
6491.187768385055
 20
14.06216389918473
 10
7118.488840219844
 20
14.06216389918473
 10
7114.784023534221
 20
897.0537657724863
 10
6851.784023534222
 20
897.0537657724863
 10
6813.784023534221
 20
897.0537657724863
 10
6813.784023534221
 20
941.0537657724862
  0
LWPOLYLINE
  5
2E6
330
1F
100
AcDbEntity
  8
SLAB
100
AcDbPolyline
 90
        6
 70
     1
 43
0.0
 10
18570.81059711876
 20
1077.062163899198
 10
18018.04552284376
 20
1077.062163899198
 10
18491.18776838506
 20
14.06216389918609
 10
19118.48884021985
 20
14.06216389918609
 10
19114.78402353422
 20
652.0621638991825
 10
18759.97847515737
 20
652.0621638991861
  0
LWPOLYLINE
  5
2E7
330
1F
100
AcDbEntity
  8
SECONDARY AREA
100
AcDbPolyline
 90
        6
 70
     1
 43
0.0
 10
36710.53402353423
 20
501.1787657724863
 10
37114.78402353423
 20
501.1787657724863
 10
37114.78402353422
 20
224.0537657724876
 10
36997.28402353422
 20
224.0537657724876
 10
36997.28402353422
 20
329.928765772484
 10
36710.53402353423
 20
329.9287657724863
  0
LWPOLYLINE
  5
2E8
330
1F
100
AcDbEntity
  8
SLAB
100
AcDbPolyline
 90
       18
 70
     1
 43
0.0
 10
24943.97152353422
 20
145.4287657724881
 10
24943.97152353422
 20
14.06216389918609
 10
24709.53402353422
 20
14.06216389918609
 10
24709.53402353422
 20
145.4287657724881
 10
24642.18871049076
 20
145.4287657724881
 10
24558.99719264357
 20
332.3336221976378
 10
24388.90100736038
 20
243.8679527372532
 10
24297.04024059306
 20
450.2498516141026
 10
24471.87518389686
 20
528.0690403947692
 10
24388.20916789843
 20
716.0399431083305
 10
24217.00965047538
 20
630.0531097183514
 10
24126.17072765371
 20
834.1392505552681
 10
24304.74647150147
 20
903.5540514046083
 10
24227.51785629422
 20
1077.062163899198
 10
24570.81059711876
 20
1077.062163899198
 10
24759.97847515738
 20
652.0621638991861
 10
25114.78402353422
 20
652.0621638991825
 10
25117.72600451678
 20
145.4287657724881
  0
LWPOLYLINE
  5
2EB
330
1F
100
AcDbEntity
  8
SLAB
100
AcDbPolyline
 90
        6
 70
     1
 43
0.0
 10
12570.81059711875
 20
1077.062163899198
 10
12018.04552284376
 20
1077.062163899198
 10
12491.18776838505
 20
14.06216389918609
 10
13118.48884021984
 20
14.06216389918609
 10
13114.78402353422
 20
722.0537657724872
 10
12728.82141289219
 20
722.0537657724872
  0
LWPOLYLINE
  5
2F1
330
1F
100
AcDbEntity
  8
SLAB
100
AcDbPolyline
 90
        6
 70
     1
 43
0.0
 10
15570.81059711875
 20
1077.062163899198
 10
15018.04552284376
 20
1077.062163899198
 10
15491.18776838506
 20
14.06216389918609
 10
16118.48884021983
 20
14.06216389918609
 10
16115.15027936802
 20
652.0621638991825
 10
15759.97847515736
 20
652.0621638991861
  0
TEXT
  5
549
330
1F
100
AcDbEntity
  8
COLUMN-LABEL
100
AcDbText
 10
6035.521998539923
 20
1057.917175685038
 30
0.0
 40
23.83206066533843
  1
1
100
AcDbText
  0
TEXT
  5
54A
330
1F
100
AcDbEntity
  8
COLUMN-LABEL
100
AcDbText
 10
6100.732133025058
 20
892.1714974936897
 30
0.0
 40
23.83206066533843
  1
3
100
AcDbText
  0
TEXT
  5
54B
330
1F
100
AcDbEntity
  8
COLUMN-LABEL
100
AcDbText
 10
6286.066619415362
 20
919.8939448876016
 30
0.0
 40
23.83206066533843
  1
4
100
AcDbText
  0
TEXT
  5
54C
330
1F
100
AcDbEntity
  8
COLUMN-LABEL
100
AcDbText
 10
6767.276401353623
 20
1057.917175685034
 30
0.0
 40
23.83206066533843
  1
2
100
AcDbText
  0
TEXT
  5
54D
330
1F
100
AcDbEntity
  8
COLUMN-LABEL
100
AcDbText
 10
6644.204797027244
 20
860.1761619839116
 30
0.0
 40
23.83206066533843
  1
5
100
AcDbText
  0
TEXT
  5
54E
330
1F
100
AcDbEntity
  8
COLUMN-LABEL
100
AcDbText
 10
6846.276401353621
 20
878.9171756850217
 30
0.0
 40
23.83206066533843
  1
6
100
AcDbText
  0
TEXT
  5
54F
330
1F
100
AcDbEntity
  8
COLUMN-LABEL
100
AcDbText
 10
7096.651401353621
 20
872.9171756850202
 30
0.0
 40
23.83206066533843
  1
7
100
AcDbText
  0
TEXT
  5
551
330
1F
100
AcDbEntity
  8
COLUMN-LABEL
100
AcDbText
 10
7096.651401353621
 20
627.9171756850201
 30
0.0
 40
23.83206066533843
  1
12
100
AcDbText
  0
TEXT
  5
552
330
1F
100
AcDbEntity
  8
COLUMN-LABEL
100
AcDbText
 10
6740.651401353622
 20
653.935559076147
 30
0.0
 40
23.83206066533843
  1
10
100
AcDbText
  0
TEXT
  5
553
330
1F
100
AcDbEntity
  8
COLUMN-LABEL
100
AcDbText
 10
6806.901401353622
 20
235.5139657748814
 30
0.0
 40
23.83206066533843
  1
19
100
AcDbText
  0
TEXT
  5
554
330
1F
100
AcDbEntity
  8
COLUMN-LABEL
100
AcDbText
 10
6922.588901353622
 20
13.41717568502008
 30
0.0
 40
23.83206066533843
  1
21
100
AcDbText
  0
TEXT
  5
555
330
1F
100
AcDbEntity
  8
COLUMN-LABEL
100
AcDbText
 10
7096.651401353621
 20
19.41717568502008
 30
0.0
 40
23.83206066533843
  1
22
100
AcDbText
  0
TEXT
  5
556
330
1F
100
AcDbEntity
  8
COLUMN-LABEL
100
AcDbText
 10
6671.026401353621
 20
13.41717568502008
 30
0.0
 40
23.83206066533843
  1
20
100
AcDbText
  0
TEXT
  5
557
330
1F
100
AcDbEntity
  8
COLUMN-LABEL
100
AcDbText
 10
6639.944696420453
 20
222.3674662250533
 30
0.0
 40
23.83206066533843
  1
18
100
AcDbText
  0
TEXT
  5
558
330
1F
100
AcDbEntity
  8
COLUMN-LABEL
100
AcDbText
 10
6450.324608358676
 20
106.7484988466431
 30
0.0
 40
23.83206066533843
  1
17
100
AcDbText
  0
TEXT
  5
559
330
1F
100
AcDbEntity
  8
COLUMN-LABEL
100
AcDbText
 10
6523.350402368868
 20
351.2144756766368
 30
0.0
 40
23.83206066533843
  1
16
100
AcDbText
  0
TEXT
  5
55A
330
1F
100
AcDbEntity
  8
COLUMN-LABEL
100
AcDbText
 10
6389.849350291629
 20
242.6171513101863
 30
0.0
 40
23.83206066533843
  1
15
100
AcDbText
  0
TEXT
  5
55B
330
1F
100
AcDbEntity
  8
COLUMN-LABEL
100
AcDbText
 10
6547.628099977791
 20
562.8767205357807
 30
0.0
 40
23.83206066533843
  1
14
100
AcDbText
  0
TEXT
  5
55C
330
1F
100
AcDbEntity
  8
COLUMN-LABEL
100
AcDbText
 10
6300.675163450324
 20
442.9631603710845
 30
0.0
 40
23.83206066533843
  1
13
100
AcDbText
  0
TEXT
  5
55D
330
1F
100
AcDbEntity
  8
COLUMN-LABEL
100
AcDbText
 10
6477.037232490417
 20
723.0089160880168
 30
0.0
 40
23.83206066533843
  1
9
100
AcDbText
  0
TEXT
  5
55E
330
1F
100
AcDbEntity
  8
COLUMN-LABEL
100
AcDbText
 10
6203.205212157993
 20
661.9471111810857
 30
0.0
 40
23.83206066533843
  1
8
100
AcDbText
  0
TEXT
  5
575
330
1F
100
AcDbEntity
  8
COLUMN-LABEL
100
AcDbText
 10
12035.52199853992
 20
1057.917175685038
 30
0.0
 40
23.83206066533843
  1
1
100
AcDbText
  0
TEXT
  5
576
330
1F
100
AcDbEntity
  8
COLUMN-LABEL
100
AcDbText
 10
12100.73213302506
 20
892.1714974936897
 30
0.0
 40
23.83206066533843
  1
3
100
AcDbText
  0
TEXT
  5
577
330
1F
100
AcDbEntity
  8
COLUMN-LABEL
100
AcDbText
 10
12286.06661941536
 20
919.8939448876016
 30
0.0
 40
23.83206066533843
  1
4
100
AcDbText
  0
TEXT
  5
579
330
1F
100
AcDbEntity
  8
COLUMN-LABEL
100
AcDbText
 10
12644.20479702724
 20
860.1761619839116
 30
0.0
 40
23.83206066533843
  1
5
100
AcDbText
  0
TEXT
  5
57D
330
1F
100
AcDbEntity
  8
COLUMN-LABEL
100
AcDbText
 10
13096.65140135362
 20
627.9171756850201
 30
0.0
 40
23.83206066533843
  1
12
100
AcDbText
  0
TEXT
  5
57E
330
1F
100
AcDbEntity
  8
COLUMN-LABEL
100
AcDbText
 10
12740.65140135362
 20
653.935559076147
 30
0.0
 40
23.83206066533843
  1
10
100
AcDbText
  0
TEXT
  5
57F
330
1F
100
AcDbEntity
  8
COLUMN-LABEL
100
AcDbText
 10
12806.90140135362
 20
235.5139657748814
 30
0.0
 40
23.83206066533843
  1
19
100
AcDbText
  0
TEXT
  5
580
330
1F
100
AcDbEntity
  8
COLUMN-LABEL
100
AcDbText
 10
12922.58890135362
 20
13.41717568502008
 30
0.0
 40
23.83206066533843
  1
21
100
AcDbText
  0
TEXT
  5
581
330
1F
100
AcDbEntity
  8
COLUMN-LABEL
100
AcDbText
 10
13096.65140135362
 20
19.41717568502008
 30
0.0
 40
23.83206066533843
  1
22
100
AcDbText
  0
TEXT
  5
582
330
1F
100
AcDbEntity
  8
COLUMN-LABEL
100
AcDbText
 10
12671.02640135362
 20
13.41717568502008
 30
0.0
 40
23.83206066533843
  1
20
100
AcDbText
  0
TEXT
  5
583
330
1F
100
AcDbEntity
  8
COLUMN-LABEL
100
AcDbText
 10
12639.94469642045
 20
222.3674662250533
 30
0.0
 40
23.83206066533843
  1
18
100
AcDbText
  0
TEXT
  5
584
330
1F
100
AcDbEntity
  8
COLUMN-LABEL
100
AcDbText
 10
12450.32460835867
 20
106.7484988466431
 30
0.0
 40
23.83206066533843
  1
17
100
AcDbText
  0
TEXT
  5
585
330
1F
100
AcDbEntity
  8
COLUMN-LABEL
100
AcDbText
 10
12523.35040236887
 20
351.2144756766368
 30
0.0
 40
23.83206066533843
  1
16
100
AcDbText
  0
TEXT
  5
586
330
1F
100
AcDbEntity
  8
COLUMN-LABEL
100
AcDbText
 10
12389.84935029163
 20
242.6171513101863
 30
0.0
 40
23.83206066533843
  1
15
100
AcDbText
  0
TEXT
  5
587
330
1F
100
AcDbEntity
  8
COLUMN-LABEL
100
AcDbText
 10
12547.62809997779
 20
562.8767205357807
 30
0.0
 40
23.83206066533843
  1
14
100
AcDbText
  0
TEXT
  5
588
330
1F
100
AcDbEntity
  8
COLUMN-LABEL
100
AcDbText
 10
12300.67516345032
 20
442.9631603710845
 30
0.0
 40
23.83206066533843
  1
13
100
AcDbText
  0
TEXT
  5
589
330
1F
100
AcDbEntity
  8
COLUMN-LABEL
100
AcDbText
 10
12477.03723249042
 20
723.0089160880168
 30
0.0
 40
23.83206066533843
  1
9
100
AcDbText
  0
TEXT
  5
58A
330
1F
100
AcDbEntity
  8
COLUMN-LABEL
100
AcDbText
 10
12203.20521215799
 20
661.9471111810857
 30
0.0
 40
23.83206066533843
  1
8
100
AcDbText
  0
TEXT
  5
59E
330
1F
100
AcDbEntity
  8
COLUMN-LABEL
100
AcDbText
 10
15035.52199853992
 20
1057.917175685038
 30
0.0
 40
23.83206066533843
  1
1
100
AcDbText
  0
TEXT
  5
59F
330
1F
100
AcDbEntity
  8
COLUMN-LABEL
100
AcDbText
 10
15100.73213302506
 20
892.1714974936897
 30
0.0
 40
23.83206066533843
  1
3
100
AcDbText
  0
TEXT
  5
5A0
330
1F
100
AcDbEntity
  8
COLUMN-LABEL
100
AcDbText
 10
15286.06661941536
 20
919.8939448876016
 30
0.0
 40
23.83206066533843
  1
4
100
AcDbText
  0
TEXT
  5
5A1
330
1F
100
AcDbEntity
  8
COLUMN-LABEL
100
AcDbText
 10
15644.20479702724
 20
860.1761619839116
 30
0.0
 40
23.83206066533843
  1
5
100
AcDbText
  0
TEXT
  5
5A3
330
1F
100
AcDbEntity
  8
COLUMN-LABEL
100
AcDbText
 10
16096.65140135362
 20
627.9171756850201
 30
0.0
 40
23.83206066533843
  1
12
100
AcDbText
  0
TEXT
  5
5A4
330
1F
100
AcDbEntity
  8
COLUMN-LABEL
100
AcDbText
 10
15740.65140135362
 20
653.935559076147
 30
0.0
 40
23.83206066533843
  1
10
100
AcDbText
  0
TEXT
  5
5A5
330
1F
100
AcDbEntity
  8
COLUMN-LABEL
100
AcDbText
 10
15806.90140135362
 20
235.5139657748814
 30
0.0
 40
23.83206066533843
  1
19
100
AcDbText
  0
TEXT
  5
5A6
330
1F
100
AcDbEntity
  8
COLUMN-LABEL
100
AcDbText
 10
15922.58890135362
 20
13.41717568502008
 30
0.0
 40
23.83206066533843
  1
21
100
AcDbText
  0
TEXT
  5
5A7
330
1F
100
AcDbEntity
  8
COLUMN-LABEL
100
AcDbText
 10
16096.65140135362
 20
19.41717568502008
 30
0.0
 40
23.83206066533843
  1
22
100
AcDbText
  0
TEXT
  5
5A8
330
1F
100
AcDbEntity
  8
COLUMN-LABEL
100
AcDbText
 10
15671.02640135362
 20
13.41717568502008
 30
0.0
 40
23.83206066533843
  1
20
100
AcDbText
  0
TEXT
  5
5A9
330
1F
100
AcDbEntity
  8
COLUMN-LABEL
100
AcDbText
 10
15639.94469642045
 20
222.3674662250533
 30
0.0
 40
23.83206066533843
  1
18
100
AcDbText
  0
TEXT
  5
5AA
330
1F
100
AcDbEntity
  8
COLUMN-LABEL
100
AcDbText
 10
15450.32460835867
 20
106.7484988466431
 30
0.0
 40
23.83206066533843
  1
17
100
AcDbText
  0
TEXT
  5
5AB
330
1F
100
AcDbEntity
  8
COLUMN-LABEL
100
AcDbText
 10
15523.35040236887
 20
351.2144756766365
 30
0.0
 40
23.83206066533843
  1
16
100
AcDbText
  0
TEXT
  5
5AC
330
1F
100
AcDbEntity
  8
COLUMN-LABEL
100
AcDbText
 10
15389.84935029163
 20
242.6171513101863
 30
0.0
 40
23.83206066533843
  1
15
100
AcDbText
  0
TEXT
  5
5AD
330
1F
100
AcDbEntity
  8
COLUMN-LABEL
100
AcDbText
 10
15547.62809997779
 20
562.8767205357807
 30
0.0
 40
23.83206066533843
  1
14
100
AcDbText
  0
TEXT
  5
5AE
330
1F
100
AcDbEntity
  8
COLUMN-LABEL
100
AcDbText
 10
15300.67516345032
 20
442.9631603710845
 30
0.0
 40
23.83206066533843
  1
13
100
AcDbText
  0
TEXT
  5
5AF
330
1F
100
AcDbEntity
  8
COLUMN-LABEL
100
AcDbText
 10
15477.03723249042
 20
723.0089160880168
 30
0.0
 40
23.83206066533843
  1
9
100
AcDbText
  0
TEXT
  5
5B0
330
1F
100
AcDbEntity
  8
COLUMN-LABEL
100
AcDbText
 10
15203.20521215799
 20
661.9471111810857
 30
0.0
 40
23.83206066533843
  1
8
100
AcDbText
  0
TEXT
  5
5B1
330
1F
100
AcDbEntity
  8
COLUMN-LABEL
100
AcDbText
 10
18035.52199853992
 20
1057.917175685038
 30
0.0
 40
23.83206066533843
  1
1
100
AcDbText
  0
TEXT
  5
5B2
330
1F
100
AcDbEntity
  8
COLUMN-LABEL
100
AcDbText
 10
18100.73213302506
 20
892.1714974936897
 30
0.0
 40
23.83206066533843
  1
3
100
AcDbText
  0
TEXT
  5
5B3
330
1F
100
AcDbEntity
  8
COLUMN-LABEL
100
AcDbText
 10
18286.06661941536
 20
919.8939448876016
 30
0.0
 40
23.83206066533843
  1
4
100
AcDbText
  0
TEXT
  5
5B4
330
1F
100
AcDbEntity
  8
COLUMN-LABEL
100
AcDbText
 10
18644.20479702724
 20
860.1761619839116
 30
0.0
 40
23.83206066533843
  1
5
100
AcDbText
  0
TEXT
  5
5B6
330
1F
100
AcDbEntity
  8
COLUMN-LABEL
100
AcDbText
 10
19096.65140135362
 20
627.9171756850201
 30
0.0
 40
23.83206066533843
  1
12
100
AcDbText
  0
TEXT
  5
5B7
330
1F
100
AcDbEntity
  8
COLUMN-LABEL
100
AcDbText
 10
18740.65140135362
 20
653.935559076147
 30
0.0
 40
23.83206066533843
  1
10
100
AcDbText
  0
TEXT
  5
5B8
330
1F
100
AcDbEntity
  8
COLUMN-LABEL
100
AcDbText
 10
18806.90140135362
 20
235.5139657748814
 30
0.0
 40
23.83206066533843
  1
19
100
AcDbText
  0
TEXT
  5
5B9
330
1F
100
AcDbEntity
  8
COLUMN-LABEL
100
AcDbText
 10
18922.58890135362
 20
13.41717568502008
 30
0.0
 40
23.83206066533843
  1
21
100
AcDbText
  0
TEXT
  5
5BA
330
1F
100
AcDbEntity
  8
COLUMN-LABEL
100
AcDbText
 10
19096.65140135362
 20
19.41717568502008
 30
0.0
 40
23.83206066533843
  1
22
100
AcDbText
  0
TEXT
  5
5BB
330
1F
100
AcDbEntity
  8
COLUMN-LABEL
100
AcDbText
 10
18671.02640135362
 20
13.41717568502008
 30
0.0
 40
23.83206066533843
  1
20
100
AcDbText
  0
TEXT
  5
5BC
330
1F
100
AcDbEntity
  8
COLUMN-LABEL
100
AcDbText
 10
18639.94469642045
 20
222.3674662250533
 30
0.0
 40
23.83206066533843
  1
18
100
AcDbText
  0
TEXT
  5
5BD
330
1F
100
AcDbEntity
  8
COLUMN-LABEL
100
AcDbText
 10
18450.32460835867
 20
106.7484988466431
 30
0.0
 40
23.83206066533843
  1
17
100
AcDbText
  0
TEXT
  5
5BE
330
1F
100
AcDbEntity
  8
COLUMN-LABEL
100
AcDbText
 10
18523.35040236887
 20
351.2144756766365
 30
0.0
 40
23.83206066533843
  1
16
100
AcDbText
  0
TEXT
  5
5BF
330
1F
100
AcDbEntity
  8
COLUMN-LABEL
100
AcDbText
 10
18389.84935029163
 20
242.6171513101863
 30
0.0
 40
23.83206066533843
  1
15
100
AcDbText
  0
TEXT
  5
5C0
330
1F
100
AcDbEntity
  8
COLUMN-LABEL
100
AcDbText
 10
18547.62809997779
 20
562.8767205357807
 30
0.0
 40
23.83206066533843
  1
14
100
AcDbText
  0
TEXT
  5
5C1
330
1F
100
AcDbEntity
  8
COLUMN-LABEL
100
AcDbText
 10
18300.67516345033
 20
442.9631603710845
 30
0.0
 40
23.83206066533843
  1
13
100
AcDbText
  0
TEXT
  5
5C2
330
1F
100
AcDbEntity
  8
COLUMN-LABEL
100
AcDbText
 10
18477.03723249042
 20
723.0089160880168
 30
0.0
 40
23.83206066533843
  1
9
100
AcDbText
  0
TEXT
  5
5C3
330
1F
100
AcDbEntity
  8
COLUMN-LABEL
100
AcDbText
 10
18203.20521215799
 20
661.9471111810857
 30
0.0
 40
23.83206066533843
  1
8
100
AcDbText
  0
TEXT
  5
5C4
330
1F
100
AcDbEntity
  8
COLUMN-LABEL
100
AcDbText
 10
9035.521998539923
 20
1057.917175685038
 30
0.0
 40
23.83206066533843
  1
1
100
AcDbText
  0
TEXT
  5
5C5
330
1F
100
AcDbEntity
  8
COLUMN-LABEL
100
AcDbText
 10
9100.73213302506
 20
892.1714974936897
 30
0.0
 40
23.83206066533843
  1
3
100
AcDbText
  0
TEXT
  5
5C6
330
1F
100
AcDbEntity
  8
COLUMN-LABEL
100
AcDbText
 10
9286.066619415363
 20
919.8939448876016
 30
0.0
 40
23.83206066533843
  1
4
100
AcDbText
  0
TEXT
  5
5C7
330
1F
100
AcDbEntity
  8
COLUMN-LABEL
100
AcDbText
 10
9767.276401353624
 20
1057.917175685034
 30
0.0
 40
23.83206066533843
  1
2
100
AcDbText
  0
TEXT
  5
5C8
330
1F
100
AcDbEntity
  8
COLUMN-LABEL
100
AcDbText
 10
9644.204797027244
 20
860.1761619839116
 30
0.0
 40
23.83206066533843
  1
5
100
AcDbText
  0
TEXT
  5
5C9
330
1F
100
AcDbEntity
  8
COLUMN-LABEL
100
AcDbText
 10
9846.27640135362
 20
878.9171756850217
 30
0.0
 40
23.83206066533843
  1
6
100
AcDbText
  0
TEXT
  5
5CA
330
1F
100
AcDbEntity
  8
COLUMN-LABEL
100
AcDbText
 10
10096.65140135362
 20
872.9171756850202
 30
0.0
 40
23.83206066533843
  1
7
100
AcDbText
  0
TEXT
  5
5CC
330
1F
100
AcDbEntity
  8
COLUMN-LABEL
100
AcDbText
 10
10096.65140135362
 20
627.9171756850201
 30
0.0
 40
23.83206066533843
  1
12
100
AcDbText
  0
TEXT
  5
5CD
330
1F
100
AcDbEntity
  8
COLUMN-LABEL
100
AcDbText
 10
9740.651401353623
 20
653.935559076147
 30
0.0
 40
23.83206066533843
  1
10
100
AcDbText
  0
TEXT
  5
5CE
330
1F
100
AcDbEntity
  8
COLUMN-LABEL
100
AcDbText
 10
9806.901401353622
 20
235.5139657748814
 30
0.0
 40
23.83206066533843
  1
19
100
AcDbText
  0
TEXT
  5
5CF
330
1F
100
AcDbEntity
  8
COLUMN-LABEL
100
AcDbText
 10
9922.588901353622
 20
13.41717568502008
 30
0.0
 40
23.83206066533843
  1
21
100
AcDbText
  0
TEXT
  5
5D0
330
1F
100
AcDbEntity
  8
COLUMN-LABEL
100
AcDbText
 10
10096.65140135362
 20
19.41717568502008
 30
0.0
 40
23.83206066533843
  1
22
100
AcDbText
  0
TEXT
  5
5D1
330
1F
100
AcDbEntity
  8
COLUMN-LABEL
100
AcDbText
 10
9671.026401353621
 20
13.41717568502008
 30
0.0
 40
23.83206066533843
  1
20
100
AcDbText
  0
TEXT
  5
5D2
330
1F
100
AcDbEntity
  8
COLUMN-LABEL
100
AcDbText
 10
9639.944696420451
 20
222.3674662250533
 30
0.0
 40
23.83206066533843
  1
18
100
AcDbText
  0
TEXT
  5
5D3
330
1F
100
AcDbEntity
  8
COLUMN-LABEL
100
AcDbText
 10
9450.324608358675
 20
106.7484988466431
 30
0.0
 40
23.83206066533843
  1
17
100
AcDbText
  0
TEXT
  5
5D4
330
1F
100
AcDbEntity
  8
COLUMN-LABEL
100
AcDbText
 10
9523.350402368869
 20
351.2144756766368
 30
0.0
 40
23.83206066533843
  1
16
100
AcDbText
  0
TEXT
  5
5D5
330
1F
100
AcDbEntity
  8
COLUMN-LABEL
100
AcDbText
 10
9389.84935029163
 20
242.6171513101863
 30
0.0
 40
23.83206066533843
  1
15
100
AcDbText
  0
TEXT
  5
5D6
330
1F
100
AcDbEntity
  8
COLUMN-LABEL
100
AcDbText
 10
9547.628099977792
 20
562.8767205357807
 30
0.0
 40
23.83206066533843
  1
14
100
AcDbText
  0
TEXT
  5
5D7
330
1F
100
AcDbEntity
  8
COLUMN-LABEL
100
AcDbText
 10
9300.675163450323
 20
442.9631603710845
 30
0.0
 40
23.83206066533843
  1
13
100
AcDbText
  0
TEXT
  5
5D8
330
1F
100
AcDbEntity
  8
COLUMN-LABEL
100
AcDbText
 10
9477.03723249042
 20
723.0089160880168
 30
0.0
 40
23.83206066533843
  1
9
100
AcDbText
  0
TEXT
  5
5D9
330
1F
100
AcDbEntity
  8
COLUMN-LABEL
100
AcDbText
 10
9203.205212157994
 20
661.9471111810857
 30
0.0
 40
23.83206066533843
  1
8
100
AcDbText
  0
TEXT
  5
5ED
330
1F
100
AcDbEntity
  8
COLUMN-LABEL
100
AcDbText
 10
27125.74892004606
 20
823.7021891006307
 30
0.0
 40
23.83206066533843
  1
23
100
AcDbText
  0
TEXT
  5
5EE
330
1F
100
AcDbEntity
  8
COLUMN-LABEL
100
AcDbText
 10
27286.06661941536
 20
919.8939448876016
 30
0.0
 40
23.83206066533843
  1
4
100
AcDbText
  0
TEXT
  5
5F0
330
1F
100
AcDbEntity
  8
COLUMN-LABEL
100
AcDbText
 10
28090.34964558213
 20
627.5537528172581
 30
0.0
 40
23.83206066533843
  1
12
100
AcDbText
  0
TEXT
  5
5F1
330
1F
100
AcDbEntity
  8
COLUMN-LABEL
100
AcDbText
 10
27806.90140135363
 20
235.5139657748814
 30
0.0
 40
23.83206066533843
  1
19
100
AcDbText
  0
TEXT
  5
5F2
330
1F
100
AcDbEntity
  8
COLUMN-LABEL
100
AcDbText
 10
27921.62907629724
 20
19.17391540626795
 30
0.0
 40
23.83206066533843
  1
21
100
AcDbText
  0
TEXT
  5
5F3
330
1F
100
AcDbEntity
  8
COLUMN-LABEL
100
AcDbText
 10
27639.94469642045
 20
222.3674662250533
 30
0.0
 40
23.83206066533843
  1
18
100
AcDbText
  0
TEXT
  5
5F4
330
1F
100
AcDbEntity
  8
COLUMN-LABEL
100
AcDbText
 10
27523.35040236887
 20
351.2144756766365
 30
0.0
 40
23.83206066533843
  1
16
100
AcDbText
  0
TEXT
  5
5F5
330
1F
100
AcDbEntity
  8
COLUMN-LABEL
100
AcDbText
 10
27389.84935029163
 20
257.7796519598769
 30
0.0
 40
23.83206066533843
  1
15
100
AcDbText
  0
TEXT
  5
5F6
330
1F
100
AcDbEntity
  8
COLUMN-LABEL
100
AcDbText
 10
27547.62809997779
 20
562.8767205357807
 30
0.0
 40
23.83206066533843
  1
14
100
AcDbText
  0
TEXT
  5
5F7
330
1F
100
AcDbEntity
  8
COLUMN-LABEL
100
AcDbText
 10
27300.67516345033
 20
442.9631603710845
 30
0.0
 40
23.83206066533843
  1
13
100
AcDbText
  0
TEXT
  5
5F8
330
1F
100
AcDbEntity
  8
COLUMN-LABEL
100
AcDbText
 10
27477.03723249042
 20
723.0089160880168
 30
0.0
 40
23.83206066533843
  1
9
100
AcDbText
  0
TEXT
  5
5F9
330
1F
100
AcDbEntity
  8
COLUMN-LABEL
100
AcDbText
 10
27211.44813205902
 20
631.1633422141985
 30
0.0
 40
23.83206066533843
  1
24
100
AcDbText
  0
TEXT
  5
5FA
330
1F
100
AcDbEntity
  8
COLUMN-LABEL
100
AcDbText
 10
27712.3704331238
 20
21.92776381249314
 30
0.0
 40
23.83206066533843
  1
25
100
AcDbText
  0
TEXT
  5
5FB
330
1F
100
AcDbEntity
  8
COLUMN-LABEL
100
AcDbText
 10
33125.74892004607
 20
823.7021891006307
 30
0.0
 40
23.83206066533843
  1
23
100
AcDbText
  0
TEXT
  5
5FC
330
1F
100
AcDbEntity
  8
COLUMN-LABEL
100
AcDbText
 10
33286.06661941538
 20
919.8939448876016
 30
0.0
 40
23.83206066533843
  1
4
100
AcDbText
  0
TEXT
  5
5FE
330
1F
100
AcDbEntity
  8
COLUMN-LABEL
100
AcDbText
 10
34090.34964558215
 20
627.5537528172581
 30
0.0
 40
23.83206066533843
  1
12
100
AcDbText
  0
TEXT
  5
5FF
330
1F
100
AcDbEntity
  8
COLUMN-LABEL
100
AcDbText
 10
33806.90140135364
 20
235.5139657748814
 30
0.0
 40
23.83206066533843
  1
19
100
AcDbText
  0
TEXT
  5
600
330
1F
100
AcDbEntity
  8
COLUMN-LABEL
100
AcDbText
 10
33921.62907629725
 20
19.17391540626795
 30
0.0
 40
23.83206066533843
  1
21
100
AcDbText
  0
TEXT
  5
601
330
1F
100
AcDbEntity
  8
COLUMN-LABEL
100
AcDbText
 10
33639.94469642046
 20
222.3674662250533
 30
0.0
 40
23.83206066533843
  1
18
100
AcDbText
  0
TEXT
  5
602
330
1F
100
AcDbEntity
  8
COLUMN-LABEL
100
AcDbText
 10
33523.35040236887
 20
351.2144756766365
 30
0.0
 40
23.83206066533843
  1
16
100
AcDbText
  0
TEXT
  5
603
330
1F
100
AcDbEntity
  8
COLUMN-LABEL
100
AcDbText
 10
33389.84935029164
 20
257.7796519598769
 30
0.0
 40
23.83206066533843
  1
15
100
AcDbText
  0
TEXT
  5
604
330
1F
100
AcDbEntity
  8
COLUMN-LABEL
100
AcDbText
 10
33547.62809997779
 20
562.8767205357807
 30
0.0
 40
23.83206066533843
  1
14
100
AcDbText
  0
TEXT
  5
605
330
1F
100
AcDbEntity
  8
COLUMN-LABEL
100
AcDbText
 10
33300.67516345033
 20
442.9631603710845
 30
0.0
 40
23.83206066533843
  1
13
100
AcDbText
  0
TEXT
  5
606
330
1F
100
AcDbEntity
  8
COLUMN-LABEL
100
AcDbText
 10
33477.03723249042
 20
723.0089160880168
 30
0.0
 40
23.83206066533843
  1
9
100
AcDbText
  0
TEXT
  5
607
330
1F
100
AcDbEntity
  8
COLUMN-LABEL
100
AcDbText
 10
33211.44813205903
 20
631.1633422141985
 30
0.0
 40
23.83206066533843
  1
24
100
AcDbText
  0
TEXT
  5
608
330
1F
100
AcDbEntity
  8
COLUMN-LABEL
100
AcDbText
 10
33712.37043312381
 20
21.92776381249314
 30
0.0
 40
23.83206066533843
  1
25
100
AcDbText
  0
LWPOLYLINE
  5
6CF
330
1F
100
AcDbEntity
  8
COLUMN-FOOTPRINT
100
AcDbPolyline
 90
        4
 70
     1
 43
0.0
 10
6032.904620720522
 20
1061.303765772505
 10
6056.904620720522
 20
1061.303765772505
 10
6056.904620720522
 20
1073.303765772505
 10
6032.904620720522
 20
1073.303765772505
  0
LWPOLYLINE
  5
6D0
330
1F
100
AcDbEntity
  8
COLUMN-FOOTPRINT
100
AcDbPolyline
 90
        4
 70
     1
 43
0.0
 10
6099.753551763312
 20
910.0813183785923
 10
6109.512892633116
 20
888.1551863488205
 10
6120.475958648001
 20
893.0348567837221
 10
6110.716617778198
 20
914.9609888134939
  0
LWPOLYLINE
  5
6D1
330
1F
100
AcDbEntity
  8
COLUMN-FOOTPRINT
100
AcDbPolyline
 90
        4
 70
     1
 43
0.0
 10
6285.088038153616
 20
937.8037657725045
 10
6294.847379023418
 20
915.8776337427322
 10
6305.810445038304
 20
920.7573041776338
 10
6296.051104168502
 20
942.6834362074057
  0
LWPOLYLINE
  5
6D2
330
1F
100
AcDbEntity
  8
COLUMN-FOOTPRINT
100
AcDbPolyline
 90
        4
 70
     1
 43
0.0
 10
6202.226630896248
 20
679.8569320659882
 10
6211.985971766051
 20
657.9308000362162
 10
6222.949037780937
 20
662.8104704711177
 10
6213.189696911133
 20
684.7366025008897
  0
LWPOLYLINE
  5
6D3
330
1F
100
AcDbEntity
  8
COLUMN-FOOTPRINT
100
AcDbPolyline
 90
        4
 70
     1
 43
0.0
 10
6476.058651228672
 20
740.9187369729193
 10
6485.817992098475
 20
718.9926049431476
 10
6496.781058113362
 20
723.8722753780491
 10
6487.021717243557
 20
745.798407407821
  0
LWPOLYLINE
  5
6D4
330
1F
100
AcDbEntity
  8
COLUMN-FOOTPRINT
100
AcDbPolyline
 90
        4
 70
     1
 43
0.0
 10
6546.649518716046
 20
580.7865414206831
 10
6556.408859585848
 20
558.8604093909114
 10
6567.371925600736
 20
563.7400798258129
 10
6557.61258473093
 20
585.6662118555846
  0
LWPOLYLINE
  5
6D5
330
1F
100
AcDbEntity
  8
COLUMN-FOOTPRINT
100
AcDbPolyline
 90
        4
 70
     1
 43
0.0
 10
6299.696582188577
 20
460.872981255987
 10
6309.45592305838
 20
438.9468492262151
 10
6320.418989073266
 20
443.8265196611166
 10
6310.659648203464
 20
465.7526516908886
  0
LWPOLYLINE
  5
6D6
330
1F
100
AcDbEntity
  8
COLUMN-FOOTPRINT
100
AcDbPolyline
 90
        4
 70
     1
 43
0.0
 10
6388.870769029884
 20
260.5269721950888
 10
6398.630109899687
 20
238.6008401653169
 10
6409.593175914571
 20
243.4805106002184
 10
6399.83383504477
 20
265.4066426299903
  0
LWPOLYLINE
  5
6D7
330
1F
100
AcDbEntity
  8
COLUMN-FOOTPRINT
100
AcDbPolyline
 90
        4
 70
     1
 43
0.0
 10
6449.346027096928
 20
124.6583197315456
 10
6459.105367966732
 20
102.7321877017737
 10
6470.068433981618
 20
107.6118581366752
 10
6460.309093111816
 20
129.5379901664471
  0
LWPOLYLINE
  5
6D8
330
1F
100
AcDbEntity
  8
COLUMN-FOOTPRINT
100
AcDbPolyline
 90
        4
 70
     1
 43
0.0
 10
6659.587419207841
 20
857.5627520713791
 10
6659.587419207841
 20
881.5627520713789
 10
6647.587419207841
 20
881.5627520713789
 10
6647.587419207841
 20
857.5627520713791
  0
LWPOLYLINE
  5
6D9
330
1F
100
AcDbEntity
  8
COLUMN-FOOTPRINT
100
AcDbPolyline
 90
        4
 70
     1
 43
0.0
 10
6756.034023534219
 20
651.3221491636143
 10
6756.034023534219
 20
675.3221491636143
 10
6744.034023534219
 20
675.3221491636143
 10
6744.034023534219
 20
651.3221491636143
  0
LWPOLYLINE
  5
6DA
330
1F
100
AcDbEntity
  8
COLUMN-FOOTPRINT
100
AcDbPolyline
 90
        4
 70
     1
 43
0.0
 10
6822.284023534219
 20
232.9005558623487
 10
6822.284023534219
 20
256.9005558623487
 10
6810.28402353422
 20
256.9005558623487
 10
6810.28402353422
 20
232.9005558623487
  0
LWPOLYLINE
  5
6DB
330
1F
100
AcDbEntity
  8
COLUMN-FOOTPRINT
100
AcDbPolyline
 90
        4
 70
     1
 43
0.0
 10
6655.32731860105
 20
219.7540563125206
 10
6655.32731860105
 20
243.7540563125206
 10
6643.327318601049
 20
243.7540563125206
 10
6643.327318601049
 20
219.7540563125206
  0
LWPOLYLINE
  5
6DC
330
1F
100
AcDbEntity
  8
COLUMN-FOOTPRINT
100
AcDbPolyline
 90
        4
 70
     1
 43
0.0
 10
7112.034023534218
 20
870.3037657724872
 10
7112.034023534218
 20
894.3037657724872
 10
7100.034023534218
 20
894.3037657724872
 10
7100.034023534218
 20
870.3037657724872
  0
LWPOLYLINE
  5
6DD
330
1F
100
AcDbEntity
  8
COLUMN-FOOTPRINT
100
AcDbPolyline
 90
        4
 70
     1
 43
0.0
 10
7112.034023534218
 20
625.3037657724874
 10
7112.034023534218
 20
649.3037657724872
 10
7100.034023534218
 20
649.3037657724872
 10
7100.034023534218
 20
625.3037657724874
  0
LWPOLYLINE
  5
6DF
330
1F
100
AcDbEntity
  8
COLUMN-FOOTPRINT
100
AcDbPolyline
 90
        4
 70
     1
 43
0.0
 10
6764.659023534218
 20
1061.303765772502
 10
6788.659023534219
 20
1061.303765772502
 10
6788.659023534219
 20
1073.303765772502
 10
6764.659023534218
 20
1073.303765772502
  0
LWPOLYLINE
  5
6E0
330
1F
100
AcDbEntity
  8
COLUMN-FOOTPRINT
100
AcDbPolyline
 90
        4
 70
     1
 43
0.0
 10
6843.659023534218
 20
882.3037657724894
 10
6867.659023534219
 20
882.3037657724894
 10
6867.659023534219
 20
894.3037657724891
 10
6843.659023534218
 20
894.3037657724891
  0
LWPOLYLINE
  5
6E1
330
1F
100
AcDbEntity
  8
COLUMN-FOOTPRINT
100
AcDbPolyline
 90
        4
 70
     1
 43
0.0
 10
6919.971523534218
 20
16.80376577248717
 10
6943.971523534218
 20
16.80376577248717
 10
6943.971523534218
 20
28.80376577248717
 10
6919.971523534218
 20
28.80376577248717
  0
LWPOLYLINE
  5
6E2
330
1F
100
AcDbEntity
  8
COLUMN-FOOTPRINT
100
AcDbPolyline
 90
        4
 70
     1
 43
0.0
 10
6668.40902353422
 20
16.80376577248717
 10
6692.409023534219
 20
16.80376577248717
 10
6692.409023534219
 20
28.80376577248717
 10
6668.40902353422
 20
28.80376577248717
  0
LWPOLYLINE
  5
6E3
330
1F
100
AcDbEntity
  8
COLUMN-FOOTPRINT
100
AcDbPolyline
 90
        4
 70
     1
 43
0.0
 10
6524.209793752032
 20
350.2398623217596
 10
6546.135925781803
 20
359.9992031915626
 10
6541.256255346901
 20
370.9622692064486
 10
6519.330123317129
 20
361.2029283366455
  0
LWPOLYLINE
  5
6E4
330
1F
100
AcDbEntity
  8
COLUMN-FOOTPRINT
100
AcDbPolyline
 90
        4
 70
     1
 43
0.0
 10
7112.034023534218
 20
16.80376577248717
 10
7112.034023534218
 20
40.80376577248713
 10
7100.034023534218
 20
40.80376577248713
 10
7100.034023534218
 20
16.80376577248717
  0
LWPOLYLINE
  5
6FB
330
1F
100
AcDbEntity
  8
COLUMN-FOOTPRINT
100
AcDbPolyline
 90
        4
 70
     1
 43
0.0
 10
12032.90462072052
 20
1061.303765772505
 10
12056.90462072052
 20
1061.303765772505
 10
12056.90462072052
 20
1073.303765772505
 10
12032.90462072052
 20
1073.303765772505
  0
LWPOLYLINE
  5
6FC
330
1F
100
AcDbEntity
  8
COLUMN-FOOTPRINT
100
AcDbPolyline
 90
        4
 70
     1
 43
0.0
 10
12099.75355176331
 20
910.0813183785923
 10
12109.51289263311
 20
888.1551863488205
 10
12120.475958648
 20
893.0348567837221
 10
12110.7166177782
 20
914.9609888134939
  0
LWPOLYLINE
  5
6FD
330
1F
100
AcDbEntity
  8
COLUMN-FOOTPRINT
100
AcDbPolyline
 90
        4
 70
     1
 43
0.0
 10
12285.08803815361
 20
937.8037657725045
 10
12294.84737902342
 20
915.8776337427322
 10
12305.8104450383
 20
920.7573041776338
 10
12296.0511041685
 20
942.6834362074057
  0
LWPOLYLINE
  5
6FE
330
1F
100
AcDbEntity
  8
COLUMN-FOOTPRINT
100
AcDbPolyline
 90
        4
 70
     1
 43
0.0
 10
12202.22663089625
 20
679.8569320659882
 10
12211.98597176605
 20
657.9308000362162
 10
12222.94903778094
 20
662.8104704711177
 10
12213.18969691113
 20
684.7366025008897
  0
LWPOLYLINE
  5
6FF
330
1F
100
AcDbEntity
  8
COLUMN-FOOTPRINT
100
AcDbPolyline
 90
        4
 70
     1
 43
0.0
 10
12476.05865122867
 20
740.9187369729193
 10
12485.81799209847
 20
718.9926049431476
 10
12496.78105811336
 20
723.8722753780491
 10
12487.02171724356
 20
745.798407407821
  0
LWPOLYLINE
  5
700
330
1F
100
AcDbEntity
  8
COLUMN-FOOTPRINT
100
AcDbPolyline
 90
        4
 70
     1
 43
0.0
 10
12546.64951871604
 20
580.7865414206831
 10
12556.40885958585
 20
558.8604093909114
 10
12567.37192560073
 20
563.7400798258129
 10
12557.61258473093
 20
585.6662118555846
  0
LWPOLYLINE
  5
701
330
1F
100
AcDbEntity
  8
COLUMN-FOOTPRINT
100
AcDbPolyline
 90
        4
 70
     1
 43
0.0
 10
12299.69658218857
 20
460.872981255987
 10
12309.45592305838
 20
438.9468492262151
 10
12320.41898907326
 20
443.8265196611166
 10
12310.65964820346
 20
465.7526516908886
  0
LWPOLYLINE
  5
702
330
1F
100
AcDbEntity
  8
COLUMN-FOOTPRINT
100
AcDbPolyline
 90
        4
 70
     1
 43
0.0
 10
12388.87076902988
 20
260.5269721950888
 10
12398.63010989968
 20
238.6008401653169
 10
12409.59317591457
 20
243.4805106002184
 10
12399.83383504477
 20
265.4066426299903
  0
LWPOLYLINE
  5
703
330
1F
100
AcDbEntity
  8
COLUMN-FOOTPRINT
100
AcDbPolyline
 90
        4
 70
     1
 43
0.0
 10
12449.34602709693
 20
124.6583197315456
 10
12459.10536796673
 20
102.7321877017737
 10
12470.06843398162
 20
107.6118581366752
 10
12460.30909311181
 20
129.5379901664471
  0
LWPOLYLINE
  5
704
330
1F
100
AcDbEntity
  8
COLUMN-FOOTPRINT
100
AcDbPolyline
 90
        4
 70
     1
 43
0.0
 10
12659.58741920784
 20
857.5627520713791
 10
12659.58741920784
 20
881.5627520713789
 10
12647.58741920784
 20
881.5627520713789
 10
12647.58741920784
 20
857.5627520713791
  0
LWPOLYLINE
  5
705
330
1F
100
AcDbEntity
  8
COLUMN-FOOTPRINT
100
AcDbPolyline
 90
        4
 70
     1
 43
0.0
 10
12756.03402353422
 20
651.3221491636143
 10
12756.03402353422
 20
675.3221491636143
 10
12744.03402353422
 20
675.3221491636143
 10
12744.03402353422
 20
651.3221491636143
  0
LWPOLYLINE
  5
706
330
1F
100
AcDbEntity
  8
COLUMN-FOOTPRINT
100
AcDbPolyline
 90
        4
 70
     1
 43
0.0
 10
12822.28402353422
 20
232.9005558623487
 10
12822.28402353422
 20
256.9005558623487
 10
12810.28402353422
 20
256.9005558623487
 10
12810.28402353422
 20
232.9005558623487
  0
LWPOLYLINE
  5
707
330
1F
100
AcDbEntity
  8
COLUMN-FOOTPRINT
100
AcDbPolyline
 90
        4
 70
     1
 43
0.0
 10
12655.32731860105
 20
219.7540563125206
 10
12655.32731860105
 20
243.7540563125206
 10
12643.32731860105
 20
243.7540563125206
 10
12643.32731860105
 20
219.7540563125206
  0
LWPOLYLINE
  5
709
330
1F
100
AcDbEntity
  8
COLUMN-FOOTPRINT
100
AcDbPolyline
 90
        4
 70
     1
 43
0.0
 10
13112.03402353422
 20
625.3037657724874
 10
13112.03402353422
 20
649.3037657724872
 10
13100.03402353422
 20
649.3037657724872
 10
13100.03402353422
 20
625.3037657724874
  0
LWPOLYLINE
  5
70D
330
1F
100
AcDbEntity
  8
COLUMN-FOOTPRINT
100
AcDbPolyline
 90
        4
 70
     1
 43
0.0
 10
12919.97152353422
 20
16.80376577248717
 10
12943.97152353422
 20
16.80376577248717
 10
12943.97152353422
 20
28.80376577248717
 10
12919.97152353422
 20
28.80376577248717
  0
LWPOLYLINE
  5
70E
330
1F
100
AcDbEntity
  8
COLUMN-FOOTPRINT
100
AcDbPolyline
 90
        4
 70
     1
 43
0.0
 10
12668.40902353422
 20
16.80376577248717
 10
12692.40902353422
 20
16.80376577248717
 10
12692.40902353422
 20
28.80376577248717
 10
12668.40902353422
 20
28.80376577248717
  0
LWPOLYLINE
  5
70F
330
1F
100
AcDbEntity
  8
COLUMN-FOOTPRINT
100
AcDbPolyline
 90
        4
 70
     1
 43
0.0
 10
12524.20979375203
 20
350.2398623217596
 10
12546.1359257818
 20
359.9992031915626
 10
12541.2562553469
 20
370.9622692064486
 10
12519.33012331713
 20
361.2029283366455
  0
LWPOLYLINE
  5
710
330
1F
100
AcDbEntity
  8
COLUMN-FOOTPRINT
100
AcDbPolyline
 90
        4
 70
     1
 43
0.0
 10
13112.03402353422
 20
16.80376577248717
 10
13112.03402353422
 20
40.80376577248713
 10
13100.03402353422
 20
40.80376577248713
 10
13100.03402353422
 20
16.80376577248717
  0
LWPOLYLINE
  5
724
330
1F
100
AcDbEntity
  8
COLUMN-FOOTPRINT
100
AcDbPolyline
 90
        4
 70
     1
 43
0.0
 10
15032.90462072051
 20
1061.303765772505
 10
15056.90462072051
 20
1061.303765772505
 10
15056.90462072051
 20
1073.303765772505
 10
15032.90462072051
 20
1073.303765772505
  0
LWPOLYLINE
  5
725
330
1F
100
AcDbEntity
  8
COLUMN-FOOTPRINT
100
AcDbPolyline
 90
        4
 70
     1
 43
0.0
 10
15099.75355176331
 20
910.0813183785922
 10
15109.51289263311
 20
888.1551863488201
 10
15120.475958648
 20
893.0348567837217
 10
15110.7166177782
 20
914.9609888134936
  0
LWPOLYLINE
  5
726
330
1F
100
AcDbEntity
  8
COLUMN-FOOTPRINT
100
AcDbPolyline
 90
        4
 70
     1
 43
0.0
 10
15285.08803815362
 20
937.8037657725045
 10
15294.84737902342
 20
915.8776337427324
 10
15305.8104450383
 20
920.757304177634
 10
15296.0511041685
 20
942.6834362074059
  0
LWPOLYLINE
  5
727
330
1F
100
AcDbEntity
  8
COLUMN-FOOTPRINT
100
AcDbPolyline
 90
        4
 70
     1
 43
0.0
 10
15202.22663089625
 20
679.8569320659877
 10
15211.98597176605
 20
657.9308000362162
 10
15222.94903778094
 20
662.8104704711176
 10
15213.18969691113
 20
684.7366025008896
  0
LWPOLYLINE
  5
728
330
1F
100
AcDbEntity
  8
COLUMN-FOOTPRINT
100
AcDbPolyline
 90
        4
 70
     1
 43
0.0
 10
15476.05865122867
 20
740.9187369729197
 10
15485.81799209847
 20
718.9926049431477
 10
15496.78105811336
 20
723.8722753780493
 10
15487.02171724356
 20
745.7984074078211
  0
LWPOLYLINE
  5
729
330
1F
100
AcDbEntity
  8
COLUMN-FOOTPRINT
100
AcDbPolyline
 90
        4
 70
     1
 43
0.0
 10
15546.64951871604
 20
580.7865414206835
 10
15556.40885958585
 20
558.8604093909116
 10
15567.37192560073
 20
563.7400798258132
 10
15557.61258473093
 20
585.666211855585
  0
LWPOLYLINE
  5
72A
330
1F
100
AcDbEntity
  8
COLUMN-FOOTPRINT
100
AcDbPolyline
 90
        4
 70
     1
 43
0.0
 10
15299.69658218857
 20
460.8729812559866
 10
15309.45592305838
 20
438.9468492262149
 10
15320.41898907326
 20
443.8265196611164
 10
15310.65964820346
 20
465.7526516908882
  0
LWPOLYLINE
  5
72B
330
1F
100
AcDbEntity
  8
COLUMN-FOOTPRINT
100
AcDbPolyline
 90
        4
 70
     1
 43
0.0
 10
15388.87076902988
 20
260.526972195089
 10
15398.63010989968
 20
238.6008401653171
 10
15409.59317591457
 20
243.4805106002186
 10
15399.83383504477
 20
265.4066426299905
  0
LWPOLYLINE
  5
72C
330
1F
100
AcDbEntity
  8
COLUMN-FOOTPRINT
100
AcDbPolyline
 90
        4
 70
     1
 43
0.0
 10
15449.34602709693
 20
124.6583197315458
 10
15459.10536796673
 20
102.7321877017739
 10
15470.06843398162
 20
107.6118581366754
 10
15460.30909311181
 20
129.5379901664473
  0
LWPOLYLINE
  5
72D
330
1F
100
AcDbEntity
  8
COLUMN-FOOTPRINT
100
AcDbPolyline
 90
        4
 70
     1
 43
0.0
 10
15659.58741920784
 20
857.5627520713787
 10
15659.58741920784
 20
881.5627520713787
 10
15647.58741920784
 20
881.5627520713787
 10
15647.58741920784
 20
857.5627520713787
  0
LWPOLYLINE
  5
72E
330
1F
100
AcDbEntity
  8
COLUMN-FOOTPRINT
100
AcDbPolyline
 90
        4
 70
     1
 43
0.0
 10
15756.03402353422
 20
651.3221491636141
 10
15756.03402353422
 20
675.3221491636137
 10
15744.03402353422
 20
675.3221491636137
 10
15744.03402353422
 20
651.3221491636141
  0
LWPOLYLINE
  5
72F
330
1F
100
AcDbEntity
  8
COLUMN-FOOTPRINT
100
AcDbPolyline
 90
        4
 70
     1
 43
0.0
 10
15822.28402353422
 20
232.9005558623485
 10
15822.28402353422
 20
256.9005558623485
 10
15810.28402353422
 20
256.9005558623485
 10
15810.28402353422
 20
232.9005558623485
  0
LWPOLYLINE
  5
730
330
1F
100
AcDbEntity
  8
COLUMN-FOOTPRINT
100
AcDbPolyline
 90
        4
 70
     1
 43
0.0
 10
15655.32731860105
 20
219.7540563125203
 10
15655.32731860105
 20
243.7540563125203
 10
15643.32731860105
 20
243.7540563125203
 10
15643.32731860105
 20
219.7540563125203
  0
LWPOLYLINE
  5
731
330
1F
100
AcDbEntity
  8
COLUMN-FOOTPRINT
100
AcDbPolyline
 90
        4
 70
     1
 43
0.0
 10
16112.03402353422
 20
625.303765772487
 10
16112.03402353422
 20
649.3037657724872
 10
16100.03402353422
 20
649.3037657724872
 10
16100.03402353422
 20
625.303765772487
  0
LWPOLYLINE
  5
733
330
1F
100
AcDbEntity
  8
COLUMN-FOOTPRINT
100
AcDbPolyline
 90
        4
 70
     1
 43
0.0
 10
15919.97152353422
 20
16.80376577248717
 10
15943.97152353422
 20
16.80376577248717
 10
15943.97152353422
 20
28.80376577248717
 10
15919.97152353422
 20
28.80376577248717
  0
LWPOLYLINE
  5
734
330
1F
100
AcDbEntity
  8
COLUMN-FOOTPRINT
100
AcDbPolyline
 90
        4
 70
     1
 43
0.0
 10
15668.40902353422
 20
16.80376577248717
 10
15692.40902353422
 20
16.80376577248717
 10
15692.40902353422
 20
28.80376577248717
 10
15668.40902353422
 20
28.80376577248717
  0
LWPOLYLINE
  5
735
330
1F
100
AcDbEntity
  8
COLUMN-FOOTPRINT
100
AcDbPolyline
 90
        4
 70
     1
 43
0.0
 10
15524.20979375203
 20
350.2398623217596
 10
15546.1359257818
 20
359.9992031915626
 10
15541.2562553469
 20
370.9622692064486
 10
15519.33012331713
 20
361.2029283366455
  0
LWPOLYLINE
  5
736
330
1F
100
AcDbEntity
  8
COLUMN-FOOTPRINT
100
AcDbPolyline
 90
        4
 70
     1
 43
0.0
 10
16112.03402353422
 20
16.80376577248717
 10
16112.03402353422
 20
40.80376577248713
 10
16100.03402353422
 20
40.80376577248713
 10
16100.03402353422
 20
16.80376577248717
  0
LWPOLYLINE
  5
737
330
1F
100
AcDbEntity
  8
COLUMN-FOOTPRINT
100
AcDbPolyline
 90
        4
 70
     1
 43
0.0
 10
18032.90462072052
 20
1061.303765772505
 10
18056.90462072051
 20
1061.303765772505
 10
18056.90462072051
 20
1073.303765772505
 10
18032.90462072052
 20
1073.303765772505
  0
LWPOLYLINE
  5
738
330
1F
100
AcDbEntity
  8
COLUMN-FOOTPRINT
100
AcDbPolyline
 90
        4
 70
     1
 43
0.0
 10
18099.75355176331
 20
910.0813183785922
 10
18109.51289263311
 20
888.1551863488201
 10
18120.475958648
 20
893.0348567837217
 10
18110.7166177782
 20
914.9609888134936
  0
LWPOLYLINE
  5
739
330
1F
100
AcDbEntity
  8
COLUMN-FOOTPRINT
100
AcDbPolyline
 90
        4
 70
     1
 43
0.0
 10
18285.08803815361
 20
937.8037657725045
 10
18294.84737902341
 20
915.8776337427324
 10
18305.81044503831
 20
920.757304177634
 10
18296.0511041685
 20
942.6834362074059
  0
LWPOLYLINE
  5
73A
330
1F
100
AcDbEntity
  8
COLUMN-FOOTPRINT
100
AcDbPolyline
 90
        4
 70
     1
 43
0.0
 10
18202.22663089625
 20
679.8569320659877
 10
18211.98597176605
 20
657.9308000362162
 10
18222.94903778093
 20
662.8104704711176
 10
18213.18969691114
 20
684.7366025008896
  0
LWPOLYLINE
  5
73B
330
1F
100
AcDbEntity
  8
COLUMN-FOOTPRINT
100
AcDbPolyline
 90
        4
 70
     1
 43
0.0
 10
18476.05865122867
 20
740.9187369729197
 10
18485.81799209847
 20
718.9926049431477
 10
18496.78105811336
 20
723.8722753780493
 10
18487.02171724356
 20
745.7984074078211
  0
LWPOLYLINE
  5
73C
330
1F
100
AcDbEntity
  8
COLUMN-FOOTPRINT
100
AcDbPolyline
 90
        4
 70
     1
 43
0.0
 10
18546.64951871604
 20
580.7865414206835
 10
18556.40885958585
 20
558.8604093909116
 10
18567.37192560073
 20
563.7400798258132
 10
18557.61258473093
 20
585.666211855585
  0
LWPOLYLINE
  5
73D
330
1F
100
AcDbEntity
  8
COLUMN-FOOTPRINT
100
AcDbPolyline
 90
        4
 70
     1
 43
0.0
 10
18299.69658218858
 20
460.8729812559866
 10
18309.45592305838
 20
438.9468492262149
 10
18320.41898907327
 20
443.8265196611164
 10
18310.65964820346
 20
465.7526516908882
  0
LWPOLYLINE
  5
73E
330
1F
100
AcDbEntity
  8
COLUMN-FOOTPRINT
100
AcDbPolyline
 90
        4
 70
     1
 43
0.0
 10
18388.87076902988
 20
260.526972195089
 10
18398.63010989969
 20
238.6008401653171
 10
18409.59317591457
 20
243.4805106002186
 10
18399.83383504477
 20
265.4066426299905
  0
LWPOLYLINE
  5
73F
330
1F
100
AcDbEntity
  8
COLUMN-FOOTPRINT
100
AcDbPolyline
 90
        4
 70
     1
 43
0.0
 10
18449.34602709693
 20
124.6583197315458
 10
18459.10536796673
 20
102.7321877017739
 10
18470.06843398162
 20
107.6118581366754
 10
18460.30909311181
 20
129.5379901664473
  0
LWPOLYLINE
  5
740
330
1F
100
AcDbEntity
  8
COLUMN-FOOTPRINT
100
AcDbPolyline
 90
        4
 70
     1
 43
0.0
 10
18659.58741920784
 20
857.5627520713787
 10
18659.58741920784
 20
881.5627520713787
 10
18647.58741920784
 20
881.5627520713787
 10
18647.58741920784
 20
857.5627520713787
  0
LWPOLYLINE
  5
741
330
1F
100
AcDbEntity
  8
COLUMN-FOOTPRINT
100
AcDbPolyline
 90
        4
 70
     1
 43
0.0
 10
18756.03402353422
 20
651.3221491636141
 10
18756.03402353422
 20
675.3221491636137
 10
18744.03402353422
 20
675.3221491636137
 10
18744.03402353422
 20
651.3221491636141
  0
LWPOLYLINE
  5
742
330
1F
100
AcDbEntity
  8
COLUMN-FOOTPRINT
100
AcDbPolyline
 90
        4
 70
     1
 43
0.0
 10
18822.28402353422
 20
232.9005558623485
 10
18822.28402353422
 20
256.9005558623485
 10
18810.28402353422
 20
256.9005558623485
 10
18810.28402353422
 20
232.9005558623485
  0
LWPOLYLINE
  5
743
330
1F
100
AcDbEntity
  8
COLUMN-FOOTPRINT
100
AcDbPolyline
 90
        4
 70
     1
 43
0.0
 10
18655.32731860105
 20
219.7540563125203
 10
18655.32731860105
 20
243.7540563125203
 10
18643.32731860105
 20
243.7540563125203
 10
18643.32731860105
 20
219.7540563125203
  0
LWPOLYLINE
  5
744
330
1F
100
AcDbEntity
  8
COLUMN-FOOTPRINT
100
AcDbPolyline
 90
        4
 70
     1
 43
0.0
 10
19112.03402353422
 20
625.303765772487
 10
19112.03402353422
 20
649.3037657724872
 10
19100.03402353422
 20
649.3037657724872
 10
19100.03402353422
 20
625.303765772487
  0
LWPOLYLINE
  5
746
330
1F
100
AcDbEntity
  8
COLUMN-FOOTPRINT
100
AcDbPolyline
 90
        4
 70
     1
 43
0.0
 10
18919.97152353422
 20
16.80376577248717
 10
18943.97152353422
 20
16.80376577248717
 10
18943.97152353422
 20
28.80376577248717
 10
18919.97152353422
 20
28.80376577248717
  0
LWPOLYLINE
  5
747
330
1F
100
AcDbEntity
  8
COLUMN-FOOTPRINT
100
AcDbPolyline
 90
        4
 70
     1
 43
0.0
 10
18668.40902353422
 20
16.80376577248717
 10
18692.40902353422
 20
16.80376577248717
 10
18692.40902353422
 20
28.80376577248717
 10
18668.40902353422
 20
28.80376577248717
  0
LWPOLYLINE
  5
748
330
1F
100
AcDbEntity
  8
COLUMN-FOOTPRINT
100
AcDbPolyline
 90
        4
 70
     1
 43
0.0
 10
18524.20979375203
 20
350.2398623217596
 10
18546.1359257818
 20
359.9992031915626
 10
18541.2562553469
 20
370.9622692064486
 10
18519.33012331713
 20
361.2029283366455
  0
LWPOLYLINE
  5
749
330
1F
100
AcDbEntity
  8
COLUMN-FOOTPRINT
100
AcDbPolyline
 90
        4
 70
     1
 43
0.0
 10
19112.03402353422
 20
16.80376577248717
 10
19112.03402353422
 20
40.80376577248713
 10
19100.03402353422
 20
40.80376577248713
 10
19100.03402353422
 20
16.80376577248717
  0
LWPOLYLINE
  5
74A
330
1F
100
AcDbEntity
  8
COLUMN-FOOTPRINT
100
AcDbPolyline
 90
        4
 70
     1
 43
0.0
 10
9032.904620720522
 20
1061.303765772505
 10
9056.904620720523
 20
1061.303765772505
 10
9056.904620720523
 20
1073.303765772505
 10
9032.904620720522
 20
1073.303765772505
  0
LWPOLYLINE
  5
74B
330
1F
100
AcDbEntity
  8
COLUMN-FOOTPRINT
100
AcDbPolyline
 90
        4
 70
     1
 43
0.0
 10
9099.753551763312
 20
910.0813183785923
 10
9109.512892633118
 20
888.1551863488205
 10
9120.475958648006
 20
893.0348567837221
 10
9110.7166177782
 20
914.9609888134939
  0
LWPOLYLINE
  5
74C
330
1F
100
AcDbEntity
  8
COLUMN-FOOTPRINT
100
AcDbPolyline
 90
        4
 70
     1
 43
0.0
 10
9285.088038153615
 20
937.8037657725045
 10
9294.847379023421
 20
915.8776337427322
 10
9305.810445038305
 20
920.7573041776338
 10
9296.051104168503
 20
942.6834362074057
  0
LWPOLYLINE
  5
74D
330
1F
100
AcDbEntity
  8
COLUMN-FOOTPRINT
100
AcDbPolyline
 90
        4
 70
     1
 43
0.0
 10
9202.22663089625
 20
679.8569320659882
 10
9211.985971766052
 20
657.9308000362162
 10
9222.94903778094
 20
662.8104704711177
 10
9213.189696911134
 20
684.7366025008897
  0
LWPOLYLINE
  5
74E
330
1F
100
AcDbEntity
  8
COLUMN-FOOTPRINT
100
AcDbPolyline
 90
        4
 70
     1
 43
0.0
 10
9476.058651228672
 20
740.9187369729193
 10
9485.817992098477
 20
718.9926049431476
 10
9496.781058113361
 20
723.8722753780491
 10
9487.021717243559
 20
745.798407407821
  0
LWPOLYLINE
  5
74F
330
1F
100
AcDbEntity
  8
COLUMN-FOOTPRINT
100
AcDbPolyline
 90
        4
 70
     1
 43
0.0
 10
9546.64951871605
 20
580.7865414206831
 10
9556.408859585848
 20
558.8604093909114
 10
9567.371925600737
 20
563.7400798258129
 10
9557.612584730932
 20
585.6662118555846
  0
LWPOLYLINE
  5
750
330
1F
100
AcDbEntity
  8
COLUMN-FOOTPRINT
100
AcDbPolyline
 90
        4
 70
     1
 43
0.0
 10
9299.69658218858
 20
460.872981255987
 10
9309.455923058379
 20
438.9468492262151
 10
9320.418989073266
 20
443.8265196611166
 10
9310.659648203465
 20
465.7526516908886
  0
LWPOLYLINE
  5
751
330
1F
100
AcDbEntity
  8
COLUMN-FOOTPRINT
100
AcDbPolyline
 90
        4
 70
     1
 43
0.0
 10
9388.870769029884
 20
260.5269721950888
 10
9398.630109899691
 20
238.6008401653169
 10
9409.593175914571
 20
243.4805106002184
 10
9399.833835044772
 20
265.4066426299903
  0
LWPOLYLINE
  5
752
330
1F
100
AcDbEntity
  8
COLUMN-FOOTPRINT
100
AcDbPolyline
 90
        4
 70
     1
 43
0.0
 10
9449.346027096927
 20
124.6583197315456
 10
9459.105367966733
 20
102.7321877017737
 10
9470.068433981618
 20
107.6118581366752
 10
9460.309093111817
 20
129.5379901664471
  0
LWPOLYLINE
  5
753
330
1F
100
AcDbEntity
  8
COLUMN-FOOTPRINT
100
AcDbPolyline
 90
        4
 70
     1
 43
0.0
 10
9659.587419207841
 20
857.5627520713791
 10
9659.587419207841
 20
881.5627520713789
 10
9647.587419207841
 20
881.5627520713789
 10
9647.587419207841
 20
857.5627520713791
  0
LWPOLYLINE
  5
754
330
1F
100
AcDbEntity
  8
COLUMN-FOOTPRINT
100
AcDbPolyline
 90
        4
 70
     1
 43
0.0
 10
9756.034023534219
 20
651.3221491636143
 10
9756.034023534219
 20
675.3221491636143
 10
9744.034023534219
 20
675.3221491636143
 10
9744.034023534219
 20
651.3221491636143
  0
LWPOLYLINE
  5
755
330
1F
100
AcDbEntity
  8
COLUMN-FOOTPRINT
100
AcDbPolyline
 90
        4
 70
     1
 43
0.0
 10
9822.284023534219
 20
232.9005558623487
 10
9822.284023534219
 20
256.9005558623487
 10
9810.284023534221
 20
256.9005558623487
 10
9810.284023534221
 20
232.9005558623487
  0
LWPOLYLINE
  5
756
330
1F
100
AcDbEntity
  8
COLUMN-FOOTPRINT
100
AcDbPolyline
 90
        4
 70
     1
 43
0.0
 10
9655.327318601052
 20
219.7540563125206
 10
9655.327318601052
 20
243.7540563125206
 10
9643.327318601052
 20
243.7540563125206
 10
9643.327318601052
 20
219.7540563125206
  0
LWPOLYLINE
  5
757
330
1F
100
AcDbEntity
  8
COLUMN-FOOTPRINT
100
AcDbPolyline
 90
        4
 70
     1
 43
0.0
 10
10112.03402353422
 20
870.3037657724872
 10
10112.03402353422
 20
894.3037657724872
 10
10100.03402353422
 20
894.3037657724872
 10
10100.03402353422
 20
870.3037657724872
  0
LWPOLYLINE
  5
758
330
1F
100
AcDbEntity
  8
COLUMN-FOOTPRINT
100
AcDbPolyline
 90
        4
 70
     1
 43
0.0
 10
10112.03402353422
 20
625.3037657724874
 10
10112.03402353422
 20
649.3037657724872
 10
10100.03402353422
 20
649.3037657724872
 10
10100.03402353422
 20
625.3037657724874
  0
LWPOLYLINE
  5
75A
330
1F
100
AcDbEntity
  8
COLUMN-FOOTPRINT
100
AcDbPolyline
 90
        4
 70
     1
 43
0.0
 10
9764.659023534219
 20
1061.303765772502
 10
9788.65902353422
 20
1061.303765772502
 10
9788.65902353422
 20
1073.303765772502
 10
9764.659023534219
 20
1073.303765772502
  0
LWPOLYLINE
  5
75B
330
1F
100
AcDbEntity
  8
COLUMN-FOOTPRINT
100
AcDbPolyline
 90
        4
 70
     1
 43
0.0
 10
9843.65902353422
 20
882.3037657724894
 10
9867.659023534219
 20
882.3037657724894
 10
9867.659023534219
 20
894.3037657724891
 10
9843.65902353422
 20
894.3037657724891
  0
LWPOLYLINE
  5
75C
330
1F
100
AcDbEntity
  8
COLUMN-FOOTPRINT
100
AcDbPolyline
 90
        4
 70
     1
 43
0.0
 10
9919.97152353422
 20
16.80376577248717
 10
9943.971523534219
 20
16.80376577248717
 10
9943.971523534219
 20
28.80376577248717
 10
9919.97152353422
 20
28.80376577248717
  0
LWPOLYLINE
  5
75D
330
1F
100
AcDbEntity
  8
COLUMN-FOOTPRINT
100
AcDbPolyline
 90
        4
 70
     1
 43
0.0
 10
9668.40902353422
 20
16.80376577248717
 10
9692.409023534219
 20
16.80376577248717
 10
9692.409023534219
 20
28.80376577248717
 10
9668.40902353422
 20
28.80376577248717
  0
LWPOLYLINE
  5
75E
330
1F
100
AcDbEntity
  8
COLUMN-FOOTPRINT
100
AcDbPolyline
 90
        4
 70
     1
 43
0.0
 10
9524.209793752033
 20
350.2398623217596
 10
9546.135925781804
 20
359.9992031915626
 10
9541.256255346906
 20
370.9622692064486
 10
9519.33012331713
 20
361.2029283366455
  0
LWPOLYLINE
  5
75F
330
1F
100
AcDbEntity
  8
COLUMN-FOOTPRINT
100
AcDbPolyline
 90
        4
 70
     1
 43
0.0
 10
10112.03402353422
 20
16.80376577248717
 10
10112.03402353422
 20
40.80376577248713
 10
10100.03402353422
 20
40.80376577248713
 10
10100.03402353422
 20
16.80376577248717
  0
LWPOLYLINE
  5
773
330
1F
100
AcDbEntity
  8
COLUMN-FOOTPRINT
100
AcDbPolyline
 90
        4
 70
     1
 43
0.0
 10
27154.39234202225
 20
846.3457303442774
 10
27132.46620999247
 20
836.5863894744725
 10
27137.34588042737
 20
825.6233234595892
 10
27159.27201245714
 20
835.3826643293905
  0
LWPOLYLINE
  5
774
330
1F
100
AcDbEntity
  8
COLUMN-FOOTPRINT
100
AcDbPolyline
 90
        4
 70
     1
 43
0.0
 10
27285.08803815361
 20
937.8037657725045
 10
27294.84737902343
 20
915.8776337427324
 10
27305.81044503831
 20
920.757304177634
 10
27296.05110416851
 20
942.6834362074059
  0
LWPOLYLINE
  5
775
330
1F
100
AcDbEntity
  8
COLUMN-FOOTPRINT
100
AcDbPolyline
 90
        4
 70
     1
 43
0.0
 10
27476.05865122867
 20
740.9187369729197
 10
27485.81799209847
 20
718.9926049431477
 10
27496.78105811336
 20
723.8722753780493
 10
27487.02171724356
 20
745.7984074078211
  0
LWPOLYLINE
  5
776
330
1F
100
AcDbEntity
  8
COLUMN-FOOTPRINT
100
AcDbPolyline
 90
        4
 70
     1
 43
0.0
 10
27546.64951871605
 20
580.7865414206835
 10
27556.40885958585
 20
558.8604093909116
 10
27567.37192560074
 20
563.7400798258132
 10
27557.61258473094
 20
585.666211855585
  0
LWPOLYLINE
  5
777
330
1F
100
AcDbEntity
  8
COLUMN-FOOTPRINT
100
AcDbPolyline
 90
        4
 70
     1
 43
0.0
 10
27299.69658218858
 20
460.8729812559866
 10
27309.45592305838
 20
438.9468492262149
 10
27320.41898907327
 20
443.8265196611164
 10
27310.65964820346
 20
465.7526516908882
  0
LWPOLYLINE
  5
778
330
1F
100
AcDbEntity
  8
COLUMN-FOOTPRINT
100
AcDbPolyline
 90
        4
 70
     1
 43
0.0
 10
27388.87076902989
 20
275.6894728447796
 10
27398.63010989969
 20
253.7633408150077
 10
27409.59317591457
 20
258.6430112499093
 10
27399.83383504477
 20
280.5691432796812
  0
LWPOLYLINE
  5
779
330
1F
100
AcDbEntity
  8
COLUMN-FOOTPRINT
100
AcDbPolyline
 90
        4
 70
     1
 43
0.0
 10
27822.28402353422
 20
232.9005558623485
 10
27822.28402353422
 20
256.9005558623485
 10
27810.28402353422
 20
256.9005558623485
 10
27810.28402353422
 20
232.9005558623485
  0
LWPOLYLINE
  5
77A
330
1F
100
AcDbEntity
  8
COLUMN-FOOTPRINT
100
AcDbPolyline
 90
        4
 70
     1
 43
0.0
 10
27655.32731860105
 20
219.7540563125203
 10
27655.32731860105
 20
243.7540563125203
 10
27643.32731860105
 20
243.7540563125203
 10
27643.32731860105
 20
219.7540563125203
  0
LWPOLYLINE
  5
77B
330
1F
100
AcDbEntity
  8
COLUMN-FOOTPRINT
100
AcDbPolyline
 90
        4
 70
     1
 43
0.0
 10
28105.73226776273
 20
624.9403429047251
 10
28105.73226776273
 20
648.9403429047253
 10
28093.73226776273
 20
648.9403429047253
 10
28093.73226776273
 20
624.9403429047251
  0
LWPOLYLINE
  5
77D
330
1F
100
AcDbEntity
  8
COLUMN-FOOTPRINT
100
AcDbPolyline
 90
        4
 70
     1
 43
0.0
 10
27919.01169847785
 20
22.56050549373504
 10
27943.01169847785
 20
22.56050549373504
 10
27943.01169847785
 20
34.56050549373504
 10
27919.01169847785
 20
34.56050549373504
  0
LWPOLYLINE
  5
77E
330
1F
100
AcDbEntity
  8
COLUMN-FOOTPRINT
100
AcDbPolyline
 90
        4
 70
     1
 43
0.0
 10
27524.20979375203
 20
350.2398623217596
 10
27546.13592578181
 20
359.9992031915626
 10
27541.25625534691
 20
370.9622692064486
 10
27519.33012331714
 20
361.2029283366455
  0
LWPOLYLINE
  5
77F
330
1F
100
AcDbEntity
  8
COLUMN-FOOTPRINT
100
AcDbPolyline
 90
        4
 70
     1
 43
0.0
 10
27240.0915540352
 20
653.8068834578451
 10
27218.16542200543
 20
644.0475425880404
 10
27223.04509244033
 20
633.0844765731573
 10
27244.97122447011
 20
642.8438174429584
  0
LWPOLYLINE
  5
780
330
1F
100
AcDbEntity
  8
COLUMN-FOOTPRINT
100
AcDbPolyline
 90
        4
 70
     1
 43
0.0
 10
27727.75305530439
 20
19.31435389996022
 10
27727.75305530439
 20
43.31435389996022
 10
27715.75305530439
 20
43.31435389996022
 10
27715.75305530439
 20
19.31435389996022
  0
LWPOLYLINE
  5
781
330
1F
100
AcDbEntity
  8
COLUMN-FOOTPRINT
100
AcDbPolyline
 90
        4
 70
     1
 43
0.0
 10
33154.39234202224
 20
846.3457303442774
 10
33132.46620999247
 20
836.5863894744725
 10
33137.34588042737
 20
825.6233234595892
 10
33159.27201245715
 20
835.3826643293905
  0
LWPOLYLINE
  5
782
330
1F
100
AcDbEntity
  8
COLUMN-FOOTPRINT
100
AcDbPolyline
 90
        4
 70
     1
 43
0.0
 10
33285.08803815363
 20
937.8037657725045
 10
33294.84737902342
 20
915.8776337427324
 10
33305.81044503831
 20
920.757304177634
 10
33296.05110416851
 20
942.6834362074059
  0
LWPOLYLINE
  5
783
330
1F
100
AcDbEntity
  8
COLUMN-FOOTPRINT
100
AcDbPolyline
 90
        4
 70
     1
 43
0.0
 10
33476.05865122867
 20
740.9187369729197
 10
33485.81799209849
 20
718.9926049431477
 10
33496.78105811337
 20
723.8722753780493
 10
33487.02171724357
 20
745.7984074078211
  0
LWPOLYLINE
  5
784
330
1F
100
AcDbEntity
  8
COLUMN-FOOTPRINT
100
AcDbPolyline
 90
        4
 70
     1
 43
0.0
 10
33546.64951871604
 20
580.7865414206835
 10
33556.40885958585
 20
558.8604093909116
 10
33567.37192560075
 20
563.7400798258132
 10
33557.61258473094
 20
585.666211855585
  0
LWPOLYLINE
  5
785
330
1F
100
AcDbEntity
  8
COLUMN-FOOTPRINT
100
AcDbPolyline
 90
        4
 70
     1
 43
0.0
 10
33299.69658218858
 20
460.8729812559866
 10
33309.45592305838
 20
438.9468492262149
 10
33320.41898907327
 20
443.8265196611164
 10
33310.65964820347
 20
465.7526516908882
  0
LWPOLYLINE
  5
786
330
1F
100
AcDbEntity
  8
COLUMN-FOOTPRINT
100
AcDbPolyline
 90
        4
 70
     1
 43
0.0
 10
33388.87076902989
 20
275.6894728447796
 10
33398.63010989969
 20
253.7633408150077
 10
33409.59317591458
 20
258.6430112499093
 10
33399.83383504478
 20
280.5691432796812
  0
LWPOLYLINE
  5
787
330
1F
100
AcDbEntity
  8
COLUMN-FOOTPRINT
100
AcDbPolyline
 90
        4
 70
     1
 43
0.0
 10
33822.28402353423
 20
232.9005558623485
 10
33822.28402353423
 20
256.9005558623485
 10
33810.28402353422
 20
256.9005558623485
 10
33810.28402353422
 20
232.9005558623485
  0
LWPOLYLINE
  5
788
330
1F
100
AcDbEntity
  8
COLUMN-FOOTPRINT
100
AcDbPolyline
 90
        4
 70
     1
 43
0.0
 10
33655.32731860105
 20
219.7540563125203
 10
33655.32731860105
 20
243.7540563125203
 10
33643.32731860105
 20
243.7540563125203
 10
33643.32731860105
 20
219.7540563125203
  0
LWPOLYLINE
  5
789
330
1F
100
AcDbEntity
  8
COLUMN-FOOTPRINT
100
AcDbPolyline
 90
        4
 70
     1
 43
0.0
 10
34105.73226776274
 20
624.9403429047251
 10
34105.73226776274
 20
648.9403429047253
 10
34093.73226776274
 20
648.9403429047253
 10
34093.73226776274
 20
624.9403429047251
  0
LWPOLYLINE
  5
78B
330
1F
100
AcDbEntity
  8
COLUMN-FOOTPRINT
100
AcDbPolyline
 90
        4
 70
     1
 43
0.0
 10
33919.01169847786
 20
22.56050549373504
 10
33943.01169847786
 20
22.56050549373504
 10
33943.01169847786
 20
34.56050549373504
 10
33919.01169847786
 20
34.56050549373504
  0
LWPOLYLINE
  5
78C
330
1F
100
AcDbEntity
  8
COLUMN-FOOTPRINT
100
AcDbPolyline
 90
        4
 70
     1
 43
0.0
 10
33524.20979375204
 20
350.2398623217596
 10
33546.13592578181
 20
359.9992031915626
 10
33541.25625534692
 20
370.9622692064486
 10
33519.33012331714
 20
361.2029283366455
  0
LWPOLYLINE
  5
78D
330
1F
100
AcDbEntity
  8
COLUMN-FOOTPRINT
100
AcDbPolyline
 90
        4
 70
     1
 43
0.0
 10
33240.09155403521
 20
653.8068834578451
 10
33218.16542200544
 20
644.0475425880404
 10
33223.04509244033
 20
633.0844765731573
 10
33244.9712244701
 20
642.8438174429584
  0
LWPOLYLINE
  5
78E
330
1F
100
AcDbEntity
  8
COLUMN-FOOTPRINT
100
AcDbPolyline
 90
        4
 70
     1
 43
0.0
 10
33727.75305530441
 20
19.31435389996022
 10
33727.75305530441
 20
43.31435389996022
 10
33715.7530553044
 20
43.31435389996022
 10
33715.7530553044
 20
19.31435389996022
  0
TEXT
  5
7A4
330
1F
100
AcDbEntity
  8
FLOOR LABELS
100
AcDbText
 10
6819.502619788663
 20
-594.3434570021326
 30
0.0
 40
120.0
  1
1
  7
Calibri_B_1
100
AcDbText
1001
REVIT
1002
{
1070
     1
1000
23877729
1002
}
1002
{
1070
     5
1000
4957678
1002
}
1002
{
1070
     2
1000
-2000150
1002
}
  0
TEXT
  5
7A7
330
1F
100
AcDbEntity
  8
FLOOR LABELS
100
AcDbText
 10
12825.68723517327
 20
-594.3434570021326
 30
0.0
 40
120.0
  1
3-7
  7
Calibri_B_1
100
AcDbText
1001
REVIT
1002
{
1070
     1
1000
23877729
1002
}
1002
{
1070
     5
1000
4957678
1002
}
1002
{
1070
     2
1000
-2000150
1002
}
  0
TEXT
  5
7A8
330
1F
100
AcDbEntity
  8
FLOOR LABELS
100
AcDbText
 10
15827.53338901943
 20
-594.3434570021326
 30
0.0
 40
120.0
  1
8
  7
Calibri_B_1
100
AcDbText
1001
REVIT
1002
{
1070
     1
1000
23877729
1002
}
1002
{
1070
     5
1000
4957678
1002
}
1002
{
1070
     2
1000
-2000150
1002
}
  0
TEXT
  5
7A9
330
1F
100
AcDbEntity
  8
FLOOR LABELS
100
AcDbText
 10
18827.07185055789
 20
-594.3434570021326
 30
0.0
 40
120.0
  1
9-10
  7
Calibri_B_1
100
AcDbText
1001
REVIT
1002
{
1070
     1
1000
23877729
1002
}
1002
{
1070
     5
1000
4957678
1002
}
1002
{
1070
     2
1000
-2000150
1002
}
  0
TEXT
  5
7AA
330
1F
100
AcDbEntity
  8
FLOOR LABELS
100
AcDbText
 10
21819.50261978866
 20
-594.3434570021326
 30
0.0
 40
120.0
  1
11-13
  7
Calibri_B_1
100
AcDbText
1001
REVIT
1002
{
1070
     1
1000
23877729
1002
}
1002
{
1070
     5
1000
4957678
1002
}
1002
{
1070
     2
1000
-2000150
1002
}
  0
TEXT
  5
7AB
330
1F
100
AcDbEntity
  8
FLOOR LABELS
100
AcDbText
 10
27819.50261978866
 20
-594.3434570021326
 30
0.0
 40
120.0
  1
15-17
  7
Calibri_B_1
100
AcDbText
1001
REVIT
1002
{
1070
     1
1000
23877729
1002
}
1002
{
1070
     5
1000
4957678
1002
}
1002
{
1070
     2
1000
-2000150
1002
}
  0
TEXT
  5
7AC
330
1F
100
AcDbEntity
  8
FLOOR LABELS
100
AcDbText
 10
33820.14877363482
 20
-594.3434570021326
 30
0.0
 40
120.0
  1
ROOF
  7
Calibri_B_1
100
AcDbText
1001
REVIT
1002
{
1070
     1
1000
23877729
1002
}
1002
{
1070
     5
1000
4957678
1002
}
1002
{
1070
     2
1000
-2000150
1002
}
  0
TEXT
  5
7AD
330
1F
100
AcDbEntity
  8
FLOOR LABELS
100
AcDbText
 10
36820.14877363482
 20
-594.3434570021326
 30
0.0
 40
120.0
  1
BULKHEAD
  7
Calibri_B_1
100
AcDbText
1001
REVIT
1002
{
1070
     1
1000
23877729
1002
}
1002
{
1070
     5
1000
4957678
1002
}
1002
{
1070
     2
1000
-2000150
1002
}
  0
TEXT
  5
7AE
330
1F
100
AcDbEntity
  8
FLOOR LABELS
100
AcDbText
 10
9825.318004404046
 20
-594.3434570021326
 30
0.0
 40
120.0
  1
2
  7
Calibri_B_1
100
AcDbText
1001
REVIT
1002
{
1070
     1
1000
23877729
1002
}
1002
{
1070
     5
1000
4957678
1002
}
1002
{
1070
     2
1000
-2000150
1002
}
  0
POINT
  5
7B0
330
1F
100
AcDbEntity
  8
0
100
AcDbPoint
 10
33721.75305530813
 20
31.31435389996382
 30
0.0
  0
POINT
  5
7B1
330
1F
100
AcDbEntity
  8
0
100
AcDbPoint
 10
33231.56832335406
 20
643.445680018283
 30
0.0
  0
POINT
  5
7B2
330
1F
100
AcDbEntity
  8
0
100
AcDbPoint
 10
33532.73302454971
 20
360.6010657641002
 30
0.0
  0
POINT
  5
7B3
330
1F
100
AcDbEntity
  8
0
100
AcDbPoint
 10
33931.01169848247
 20
28.56050549374099
 30
0.0
  0
POINT
  5
7B5
330
1F
100
AcDbEntity
  8
0
100
AcDbPoint
 10
34099.73226775896
 20
636.9403429047077
 30
0.0
  0
POINT
  5
7B6
330
1F
100
AcDbEntity
  8
0
100
AcDbPoint
 10
33649.32731860212
 20
231.7540563125481
 30
0.0
  0
POINT
  5
7B7
330
1F
100
AcDbEntity
  8
0
100
AcDbPoint
 10
33816.28402352969
 20
244.9005558623324
 30
0.0
  0
POINT
  5
7B8
330
1F
100
AcDbEntity
  8
0
100
AcDbPoint
 10
33399.23197248318
 20
267.1662420474811
 30
0.0
  0
POINT
  5
7B9
330
1F
100
AcDbEntity
  8
0
100
AcDbPoint
 10
33310.05778563189
 20
452.3497504585388
 30
0.0
  0
POINT
  5
7BA
330
1F
100
AcDbEntity
  8
0
100
AcDbPoint
 10
33557.01072218764
 20
572.2633106238776
 30
0.0
  0
POINT
  5
7BB
330
1F
100
AcDbEntity
  8
0
100
AcDbPoint
 10
33486.41985473099
 20
732.3955061771433
 30
0.0
  0
POINT
  5
7BC
330
1F
100
AcDbEntity
  8
0
100
AcDbPoint
 10
33295.44924165412
 20
929.2805349770842
 30
0.0
  0
POINT
  5
7BD
330
1F
100
AcDbEntity
  8
0
100
AcDbPoint
 10
33145.86911122447
 20
835.9845269018853
 30
0.0
  0
POINT
  5
7BE
330
1F
100
AcDbEntity
  8
0
100
AcDbPoint
 10
27721.75305529962
 20
31.3143538999582
 30
0.0
  0
POINT
  5
7BF
330
1F
100
AcDbEntity
  8
0
100
AcDbPoint
 10
27231.56832326452
 20
643.4456800161797
 30
0.0
  0
POINT
  5
7C0
330
1F
100
AcDbEntity
  8
0
100
AcDbPoint
 10
27532.7330245497
 20
360.6010657640829
 30
0.0
  0
POINT
  5
7C1
330
1F
100
AcDbEntity
  8
0
100
AcDbPoint
 10
27931.01169848125
 20
28.56050549374099
 30
0.0
  0
POINT
  5
7C3
330
1F
100
AcDbEntity
  8
0
100
AcDbPoint
 10
28099.73226776181
 20
636.9403429046387
 30
0.0
  0
POINT
  5
7C4
330
1F
100
AcDbEntity
  8
0
100
AcDbPoint
 10
27649.32731862764
 20
231.7540563127457
 30
0.0
  0
POINT
  5
7C5
330
1F
100
AcDbEntity
  8
0
100
AcDbPoint
 10
27816.28402356
 20
244.9005558625974
 30
0.0
  0
POINT
  5
7C6
330
1F
100
AcDbEntity
  8
0
100
AcDbPoint
 10
27399.23197246978
 20
267.1662420473165
 30
0.0
  0
POINT
  5
7C7
330
1F
100
AcDbEntity
  8
0
100
AcDbPoint
 10
27310.05778563133
 20
452.3497504586077
 30
0.0
  0
POINT
  5
7C8
330
1F
100
AcDbEntity
  8
0
100
AcDbPoint
 10
27557.01072215979
 20
572.2633106233034
 30
0.0
  0
POINT
  5
7C9
330
1F
100
AcDbEntity
  8
0
100
AcDbPoint
 10
27486.41985472427
 20
732.3955061772123
 30
0.0
  0
POINT
  5
7CA
330
1F
100
AcDbEntity
  8
0
100
AcDbPoint
 10
27295.44924159845
 20
929.2805349750926
 30
0.0
  0
POINT
  5
7CB
330
1F
100
AcDbEntity
  8
0
100
AcDbPoint
 10
27145.86911122481
 20
835.9845269019327
 30
0.0
  0
POINT
  5
7DF
330
1F
100
AcDbEntity
  8
0
100
AcDbPoint
 10
10106.03402353431
 20
28.80376577248725
 30
0.0
  0
POINT
  5
7E0
330
1F
100
AcDbEntity
  8
0
100
AcDbPoint
 10
9532.733024547736
 20
360.6010657640027
 30
0.0
  0
POINT
  5
7E1
330
1F
100
AcDbEntity
  8
0
100
AcDbPoint
 10
9680.40902353443
 20
22.80376577248758
 30
0.0
  0
POINT
  5
7E2
330
1F
100
AcDbEntity
  8
0
100
AcDbPoint
 10
9931.971523534306
 20
22.80376577248758
 30
0.0
  0
POINT
  5
7E3
330
1F
100
AcDbEntity
  8
0
100
AcDbPoint
 10
9855.659023534093
 20
888.3037657724969
 30
0.0
  0
POINT
  5
7E4
330
1F
100
AcDbEntity
  8
0
100
AcDbPoint
 10
9776.659023541657
 20
1067.303765773654
 30
0.0
  0
POINT
  5
7E6
330
1F
100
AcDbEntity
  8
0
100
AcDbPoint
 10
10106.03402354208
 20
637.3037657731712
 30
0.0
  0
POINT
  5
7E7
330
1F
100
AcDbEntity
  8
0
100
AcDbPoint
 10
10106.03402352662
 20
882.3037657715365
 30
0.0
  0
POINT
  5
7E8
330
1F
100
AcDbEntity
  8
0
100
AcDbPoint
 10
9649.327318601073
 20
231.7540563125216
 30
0.0
  0
POINT
  5
7E9
330
1F
100
AcDbEntity
  8
0
100
AcDbPoint
 10
9816.284023534208
 20
244.900555862349
 30
0.0
  0
POINT
  5
7EA
330
1F
100
AcDbEntity
  8
0
100
AcDbPoint
 10
9750.034023534224
 20
663.3221491636402
 30
0.0
  0
POINT
  5
7EB
330
1F
100
AcDbEntity
  8
0
100
AcDbPoint
 10
9653.587419207832
 20
869.5627520713907
 30
0.0
  0
POINT
  5
7EC
330
1F
100
AcDbEntity
  8
0
100
AcDbPoint
 10
9459.707230538825
 20
116.1350889341009
 30
0.0
  0
POINT
  5
7ED
330
1F
100
AcDbEntity
  8
0
100
AcDbPoint
 10
9399.231972473087
 20
252.0037413976879
 30
0.0
  0
POINT
  5
7EE
330
1F
100
AcDbEntity
  8
0
100
AcDbPoint
 10
9310.057785632599
 20
452.3497504586672
 30
0.0
  0
POINT
  5
7EF
330
1F
100
AcDbEntity
  8
0
100
AcDbPoint
 10
9557.010722158443
 20
572.2633106232557
 30
0.0
  0
POINT
  5
7F0
330
1F
100
AcDbEntity
  8
0
100
AcDbPoint
 10
9486.41985467097
 20
732.3955061754849
 30
0.0
  0
POINT
  5
7F1
330
1F
100
AcDbEntity
  8
0
100
AcDbPoint
 10
9212.587834338521
 20
671.3337012685607
 30
0.0
  0
POINT
  5
7F2
330
1F
100
AcDbEntity
  8
0
100
AcDbPoint
 10
9295.449241595809
 20
929.2805349750667
 30
0.0
  0
POINT
  5
7F3
330
1F
100
AcDbEntity
  8
0
100
AcDbPoint
 10
9110.114755205708
 20
901.5580875811437
 30
0.0
  0
POINT
  5
7F4
330
1F
100
AcDbEntity
  8
0
100
AcDbPoint
 10
9044.904620720556
 20
1067.303765772514
 30
0.0
  0
POINT
  5
7F5
330
1F
100
AcDbEntity
  8
0
100
AcDbPoint
 10
19106.03402353331
 20
28.80376577248682
 30
0.0
  0
POINT
  5
7F6
330
1F
100
AcDbEntity
  8
0
100
AcDbPoint
 10
18532.73302455025
 20
360.6010657641002
 30
0.0
  0
POINT
  5
7F7
330
1F
100
AcDbEntity
  8
0
100
AcDbPoint
 10
18680.40902353437
 20
22.80376577248723
 30
0.0
  0
POINT
  5
7F8
330
1F
100
AcDbEntity
  8
0
100
AcDbPoint
 10
18931.97152353546
 20
22.80376577248831
 30
0.0
  0
POINT
  5
7FA
330
1F
100
AcDbEntity
  8
0
100
AcDbPoint
 10
19106.03402349303
 20
637.3037657710462
 30
0.0
  0
POINT
  5
7FB
330
1F
100
AcDbEntity
  8
0
100
AcDbPoint
 10
18649.32731860069
 20
231.7540563125136
 30
0.0
  0
POINT
  5
7FC
330
1F
100
AcDbEntity
  8
0
100
AcDbPoint
 10
18816.28402353404
 20
244.9005558623324
 30
0.0
  0
POINT
  5
7FD
330
1F
100
AcDbEntity
  8
0
100
AcDbPoint
 10
18750.03402357509
 20
663.3221491650921
 30
0.0
  0
POINT
  5
7FE
330
1F
100
AcDbEntity
  8
0
100
AcDbPoint
 10
18653.58741920827
 20
869.562752071352
 30
0.0
  0
POINT
  5
7FF
330
1F
100
AcDbEntity
  8
0
100
AcDbPoint
 10
18459.70723054063
 20
116.135088934112
 30
0.0
  0
POINT
  5
800
330
1F
100
AcDbEntity
  8
0
100
AcDbPoint
 10
18399.2319724706
 20
252.0037413976215
 30
0.0
  0
POINT
  5
801
330
1F
100
AcDbEntity
  8
0
100
AcDbPoint
 10
18310.05778565108
 20
452.3497504591047
 30
0.0
  0
POINT
  5
802
330
1F
100
AcDbEntity
  8
0
100
AcDbPoint
 10
18557.01072215896
 20
572.263310623243
 30
0.0
  0
POINT
  5
803
330
1F
100
AcDbEntity
  8
0
100
AcDbPoint
 10
18486.41985465265
 20
732.3955061747722
 30
0.0
  0
POINT
  5
804
330
1F
100
AcDbEntity
  8
0
100
AcDbPoint
 10
18212.58783433973
 20
671.3337012685712
 30
0.0
  0
POINT
  5
805
330
1F
100
AcDbEntity
  8
0
100
AcDbPoint
 10
18295.44924161621
 20
929.280534976149
 30
0.0
  0
POINT
  5
806
330
1F
100
AcDbEntity
  8
0
100
AcDbPoint
 10
18110.11475522657
 20
901.5580875821139
 30
0.0
  0
POINT
  5
807
330
1F
100
AcDbEntity
  8
0
100
AcDbPoint
 10
18044.90462072083
 20
1067.303765772531
 30
0.0
  0
POINT
  5
808
330
1F
100
AcDbEntity
  8
0
100
AcDbPoint
 10
16106.03402353433
 20
28.80376577248768
 30
0.0
  0
POINT
  5
809
330
1F
100
AcDbEntity
  8
0
100
AcDbPoint
 10
15532.73302455716
 20
360.601065764278
 30
0.0
  0
POINT
  5
80A
330
1F
100
AcDbEntity
  8
0
100
AcDbPoint
 10
15680.40902353437
 20
22.80376577248723
 30
0.0
  0
POINT
  5
80B
330
1F
100
AcDbEntity
  8
0
100
AcDbPoint
 10
15931.97152353437
 20
22.80376577248831
 30
0.0
  0
POINT
  5
80D
330
1F
100
AcDbEntity
  8
0
100
AcDbPoint
 10
16106.03402353469
 20
637.3037657725098
 30
0.0
  0
POINT
  5
80E
330
1F
100
AcDbEntity
  8
0
100
AcDbPoint
 10
15649.32731860932
 20
231.7540563126469
 30
0.0
  0
POINT
  5
80F
330
1F
100
AcDbEntity
  8
0
100
AcDbPoint
 10
15816.284023534
 20
244.9005558623496
 30
0.0
  0
POINT
  5
810
330
1F
100
AcDbEntity
  8
0
100
AcDbPoint
 10
15750.03402353456
 20
663.3221491636208
 30
0.0
  0
POINT
  5
811
330
1F
100
AcDbEntity
  8
0
100
AcDbPoint
 10
15653.58741917447
 20
869.5627520694534
 30
0.0
  0
POINT
  5
812
330
1F
100
AcDbEntity
  8
0
100
AcDbPoint
 10
15459.7072305374
 20
116.1350889341065
 30
0.0
  0
POINT
  5
813
330
1F
100
AcDbEntity
  8
0
100
AcDbPoint
 10
15399.23197247309
 20
252.0037413976776
 30
0.0
  0
POINT
  5
814
330
1F
100
AcDbEntity
  8
0
100
AcDbPoint
 10
15310.05778564772
 20
452.3497504590443
 30
0.0
  0
POINT
  5
815
330
1F
100
AcDbEntity
  8
0
100
AcDbPoint
 10
15557.01072215896
 20
572.2633106232604
 30
0.0
  0
POINT
  5
816
330
1F
100
AcDbEntity
  8
0
100
AcDbPoint
 10
15486.41985467062
 20
732.3955061754417
 30
0.0
  0
POINT
  5
817
330
1F
100
AcDbEntity
  8
0
100
AcDbPoint
 10
15212.58783433834
 20
671.333701268537
 30
0.0
  0
POINT
  5
818
330
1F
100
AcDbEntity
  8
0
100
AcDbPoint
 10
15295.44924159403
 20
929.2805349750496
 30
0.0
  0
POINT
  5
819
330
1F
100
AcDbEntity
  8
0
100
AcDbPoint
 10
15110.11475522128
 20
901.5580875821227
 30
0.0
  0
POINT
  5
81A
330
1F
100
AcDbEntity
  8
0
100
AcDbPoint
 10
15044.90462072083
 20
1067.303765772462
 30
0.0
  0
POINT
  5
82E
330
1F
100
AcDbEntity
  8
0
100
AcDbPoint
 10
13106.03402353434
 20
28.80376577248725
 30
0.0
  0
POINT
  5
82F
330
1F
100
AcDbEntity
  8
0
100
AcDbPoint
 10
12532.73302454943
 20
360.6010657641002
 30
0.0
  0
POINT
  5
830
330
1F
100
AcDbEntity
  8
0
100
AcDbPoint
 10
12680.40902353452
 20
22.80376577248738
 30
0.0
  0
POINT
  5
831
330
1F
100
AcDbEntity
  8
0
100
AcDbPoint
 10
12931.97152353427
 20
22.80376577248738
 30
0.0
  0
POINT
  5
835
330
1F
100
AcDbEntity
  8
0
100
AcDbPoint
 10
13106.03402353387
 20
637.3037657724731
 30
0.0
  0
POINT
  5
837
330
1F
100
AcDbEntity
  8
0
100
AcDbPoint
 10
12649.32731860146
 20
231.7540563125216
 30
0.0
  0
POINT
  5
838
330
1F
100
AcDbEntity
  8
0
100
AcDbPoint
 10
12816.28402353395
 20
244.900555862349
 30
0.0
  0
POINT
  5
839
330
1F
100
AcDbEntity
  8
0
100
AcDbPoint
 10
12750.03402352348
 20
663.3221491629224
 30
0.0
  0
POINT
  5
83A
330
1F
100
AcDbEntity
  8
0
100
AcDbPoint
 10
12653.5874191972
 20
869.5627520704414
 30
0.0
  0
POINT
  5
83B
330
1F
100
AcDbEntity
  8
0
100
AcDbPoint
 10
12459.70723053951
 20
116.1350889341071
 30
0.0
  0
POINT
  5
83C
330
1F
100
AcDbEntity
  8
0
100
AcDbPoint
 10
12399.23197247515
 20
252.0037413977261
 30
0.0
  0
POINT
  5
83D
330
1F
100
AcDbEntity
  8
0
100
AcDbPoint
 10
12310.05778562614
 20
452.3497504583203
 30
0.0
  0
POINT
  5
83E
330
1F
100
AcDbEntity
  8
0
100
AcDbPoint
 10
12557.01072215344
 20
572.2633106229602
 30
0.0
  0
POINT
  5
83F
330
1F
100
AcDbEntity
  8
0
100
AcDbPoint
 10
12486.41985466605
 20
732.3955061751286
 30
0.0
  0
POINT
  5
840
330
1F
100
AcDbEntity
  8
0
100
AcDbPoint
 10
12212.5878343389
 20
671.3337012685671
 30
0.0
  0
POINT
  5
841
330
1F
100
AcDbEntity
  8
0
100
AcDbPoint
 10
12295.44924158501
 20
929.2805349740319
 30
0.0
  0
POINT
  5
842
330
1F
100
AcDbEntity
  8
0
100
AcDbPoint
 10
12110.11475520484
 20
901.5580875811478
 30
0.0
  0
POINT
  5
843
330
1F
100
AcDbEntity
  8
0
100
AcDbPoint
 10
12044.90462074014
 20
1067.303765774795
 30
0.0
  0
POINT
  5
85A
330
1F
100
AcDbEntity
  8
0
100
AcDbPoint
 10
7106.034023534213
 20
28.80376577248712
 30
0.0
  0
POINT
  5
85B
330
1F
100
AcDbEntity
  8
0
100
AcDbPoint
 10
6532.733024549473
 20
360.6010657641097
 30
0.0
  0
POINT
  5
85C
330
1F
100
AcDbEntity
  8
0
100
AcDbPoint
 10
6680.409023534219
 20
22.80376577248717
 30
0.0
  0
POINT
  5
85D
330
1F
100
AcDbEntity
  8
0
100
AcDbPoint
 10
6931.971523534219
 20
22.80376577248714
 30
0.0
  0
POINT
  5
85E
330
1F
100
AcDbEntity
  8
0
100
AcDbPoint
 10
6855.659023534101
 20
888.3037657723727
 30
0.0
  0
POINT
  5
85F
330
1F
100
AcDbEntity
  8
0
100
AcDbPoint
 10
6776.659023534222
 20
1067.303765772501
 30
0.0
  0
POINT
  5
861
330
1F
100
AcDbEntity
  8
0
100
AcDbPoint
 10
7106.034023534363
 20
637.3037657725756
 30
0.0
  0
POINT
  5
862
330
1F
100
AcDbEntity
  8
0
100
AcDbPoint
 10
7106.034023534362
 20
882.3037657726077
 30
0.0
  0
POINT
  5
863
330
1F
100
AcDbEntity
  8
0
100
AcDbPoint
 10
6649.32731860107
 20
231.7540563125283
 30
0.0
  0
POINT
  5
864
330
1F
100
AcDbEntity
  8
0
100
AcDbPoint
 10
6816.284023534222
 20
244.9005558623487
 30
0.0
  0
POINT
  5
865
330
1F
100
AcDbEntity
  8
0
100
AcDbPoint
 10
6750.034023534168
 20
663.3221491635675
 30
0.0
  0
POINT
  5
866
330
1F
100
AcDbEntity
  8
0
100
AcDbPoint
 10
6653.587419207927
 20
869.5627520714964
 30
0.0
  0
POINT
  5
867
330
1F
100
AcDbEntity
  8
0
100
AcDbPoint
 10
6459.707230539274
 20
116.1350889341106
 30
0.0
  0
POINT
  5
868
330
1F
100
AcDbEntity
  8
0
100
AcDbPoint
 10
6399.231972472228
 20
252.0037413976532
 30
0.0
  0
POINT
  5
869
330
1F
100
AcDbEntity
  8
0
100
AcDbPoint
 10
6310.057785630919
 20
452.3497504585509
 30
0.0
  0
POINT
  5
86A
330
1F
100
AcDbEntity
  8
0
100
AcDbPoint
 10
6557.010722158389
 20
572.2633106232462
 30
0.0
  0
POINT
  5
86B
330
1F
100
AcDbEntity
  8
0
100
AcDbPoint
 10
6486.419854671033
 20
732.3955061755095
 30
0.0
  0
POINT
  5
86C
330
1F
100
AcDbEntity
  8
0
100
AcDbPoint
 10
6212.587834338595
 20
671.3337012685655
 30
0.0
  0
POINT
  5
86D
330
1F
100
AcDbEntity
  8
0
100
AcDbPoint
 10
6295.449241595971
 20
929.2805349750985
 30
0.0
  0
POINT
  5
86E
330
1F
100
AcDbEntity
  8
0
100
AcDbPoint
 10
6110.114755205655
 20
901.5580875811542
 30
0.0
  0
POINT
  5
86F
330
1F
100
AcDbEntity
  8
0
100
AcDbPoint
 10
6044.904620720521
 20
1067.303765772506
 30
0.0
  0
LWPOLYLINE
  5
885
330
1F
100
AcDbEntity
  8
SHEAR-WALL
100
AcDbPolyline
 90
        6
 70
     1
 43
0.0
 10
25001.90902353423
 20
507.9287657724862
 10
25001.90902353423
 20
495.9287657724861
 10
25100.65902353423
 20
495.9287657724861
 10
25100.65902353423
 20
233.4287657724866
 10
25112.65902353422
 20
233.4287657724866
 10
25112.65902353423
 20
507.9287657724862
  0
TEXT
  5
8A3
330
1F
100
AcDbEntity
  8
FLOOR LABELS
100
AcDbText
 10
24819.50261978866
 20
-594.3434570021326
 30
0.0
 40
120.0
  1
14
  7
Calibri_B_1
100
AcDbText
1001
REVIT
1002
{
1070
     1
1000
23877729
1002
}
1002
{
1070
     5
1000
4957678
1002
}
1002
{
1070
     2
1000
-2000150
1002
}
  0
LWPOLYLINE
  5
8BB
330
1F
100
AcDbEntity
  8
SECONDARY AREA
100
AcDbPolyline
 90
        4
 70
     1
 43
0.0
 10
24227.51785629422
 20
1077.062163899198
 10
24304.74647150147
 20
903.5540514046083
 10
24126.17072765371
 20
834.1392505552674
 10
24018.04552284376
 20
1077.062163899198
  0
LWPOLYLINE
  5
8C7
330
1F
100
AcDbEntity
  8
SECONDARY AREA
100
AcDbPolyline
 90
        4
 70
     1
 43
0.0
 10
24943.97152353422
 20
14.06216389918609
 10
24943.97152353422
 20
145.4287657724881
 10
25117.72600451678
 20
145.4287657724881
 10
25118.48884021985
 20
14.06216389918609
  0
LWPOLYLINE
  5
8C8
330
1F
100
AcDbEntity
  8
SECONDARY AREA
100
AcDbPolyline
 90
        6
 70
     1
 43
0.0
 10
24709.53402353422
 20
14.06216389918609
 10
24709.53402353422
 20
145.4287657724881
 10
24642.18871049076
 20
145.4287657724881
 10
24558.99719264357
 20
332.3336221976378
 10
24388.90100736037
 20
243.8679527372515
 10
24491.18776838506
 20
14.06216389918609
  0
LWPOLYLINE
  5
8C9
330
1F
100
AcDbEntity
  8
SECONDARY AREA
100
AcDbPolyline
 90
        4
 70
     1
 43
0.0
 10
24471.87518389686
 20
528.0690403947692
 10
24388.20916789843
 20
716.0399431083305
 10
24217.00965047538
 20
630.0531097183511
 10
24297.04024059306
 20
450.2498516141021
  0
LWPOLYLINE
  5
8CA
330
1F
100
AcDbEntity
  8
SLAB
100
AcDbPolyline
 90
        6
 70
     1
 43
0.0
 10
21570.81059711876
 20
1077.062163899198
 10
21018.04552284376
 20
1077.062163899198
 10
21491.18776838506
 20
14.06216389918609
 10
22118.48884021985
 20
14.06216389918609
 10
22114.78402353422
 20
652.0621638991825
 10
21759.97847515738
 20
652.0621638991861
  0
LWPOLYLINE
  5
8CD
330
1F
100
AcDbEntity
  8
SLAB
100
AcDbPolyline
 90
       19
 70
     1
 43
0.0
 10
27943.97152353422
 20
145.4287657724881
 10
27943.97152353422
 20
14.06216389918609
 10
27709.53402353422
 20
14.06216389918609
 10
27709.53402353422
 20
145.4287657724881
 10
27642.18871049076
 20
145.4287657724881
 10
27558.99719264356
 20
332.3336221976378
 10
27388.90100736038
 20
243.8679527372532
 10
27297.04024059306
 20
450.2498516141026
 10
27471.87518389686
 20
528.0690403947692
 10
27388.20916789843
 20
716.0399431083305
 10
27217.00965047538
 20
630.0531097183514
 10
27126.17072765371
 20
834.1392505552681
 10
27304.74647150148
 20
903.5540514046083
 10
27227.51785629422
 20
1077.062163899198
 10
27570.81059711876
 20
1077.062163899198
 10
27759.97847515738
 20
652.0621638991861
 10
27940.65902353422
 20
652.0621638991842
 10
28114.78402353422
 20
652.0621638991825
 10
28117.72600451678
 20
145.4287657724881
  0
LWPOLYLINE
  5
8CE
330
1F
100
AcDbEntity
  8
SECONDARY AREA
100
AcDbPolyline
 90
       22
 70
     1
 43
0.0
 10
33943.97152353422
 20
145.4287657724881
 10
33943.97152353422
 20
14.06216389918609
 10
33709.53402353422
 20
14.06216389918609
 10
33709.53402353422
 20
145.4287657724881
 10
33642.18871049075
 20
145.4287657724881
 10
33558.99719264357
 20
332.3336221976378
 10
33388.90100736039
 20
243.8679527372532
 10
33297.04024059305
 20
450.2498516141026
 10
33471.87518389686
 20
528.0690403947692
 10
33388.20916789844
 20
716.0399431083305
 10
33217.00965047539
 20
630.0531097183514
 10
33126.17072765372
 20
834.1392505552681
 10
33304.74647150148
 20
903.5540514046083
 10
33227.51785629423
 20
1077.062163899198
 10
33424.81667735969
 20
1077.062163899198
 10
33686.20591273377
 20
489.8037657724851
 10
33710.53402353424
 20
489.8037657724851
 10
33710.53402353424
 20
501.1787657724863
 10
33940.65902353422
 20
499.0705620258785
 10
33940.65902353422
 20
652.0621638991842
 10
34114.78402353422
 20
652.0621638991825
 10
34117.72600451679
 20
145.4287657724881
  0
LWPOLYLINE
  5
8D0
330
1F
100
AcDbEntity
  8
SHEAR-WALL
100
AcDbPolyline
 90
        6
 70
     1
 43
0.0
 10
34001.90902353424
 20
507.9287657724862
 10
34001.90902353424
 20
495.9287657724861
 10
34100.65902353425
 20
495.9287657724861
 10
34100.65902353422
 20
233.4287657724866
 10
34112.65902353422
 20
233.4287657724866
 10
34112.65902353424
 20
507.9287657724862
  0
LWPOLYLINE
  5
999
330
1F
100
AcDbEntity
  8
SHEAR-WALL
100
AcDbPolyline
 90
        5
 70
     1
 43
0.0
 10
27489.09374867962
 20
1064.303765772502
 10
27230.3233468471
 20
1064.303765772503
 10
27230.3233468471
 20
1074.303765772503
 10
27564.45915138054
 20
1074.303765772503
 10
27564.45915138054
 20
1064.303765772502
  0
LWPOLYLINE
  5
99B
330
1F
100
AcDbEntity
  8
SHEAR-WALL
100
AcDbPolyline
 90
        5
 70
     1
 43
0.0
 10
12489.09374867962
 20
1064.303765772502
 10
12091.76729963785
 20
1064.303765772503
 10
12091.76729963785
 20
1074.303765772503
 10
12546.11784940909
 20
1074.303765772503
 10
12546.11784940909
 20
1064.303765772502
  0
LWPOLYLINE
  5
99D
330
1F
100
AcDbEntity
  8
SHEAR-WALL
100
AcDbPolyline
 90
        5
 70
     1
 43
0.0
 10
9489.093748679621
 20
1064.303765772502
 10
9230.323346847107
 20
1064.303765772503
 10
9230.323346847107
 20
1074.303765772503
 10
9489.093748679621
 20
1074.303765772503
 10
9489.093748679621
 20
1064.303765772502
  0
LWPOLYLINE
  5
9A0
330
1F
100
AcDbEntity
  8
SHEAR-WALL
100
AcDbPolyline
 90
       10
 70
     1
 43
0.0
 10
6712.659023534218
 20
400.5537657724862
 10
6712.659023534218
 20
499.0621638991833
 10
6928.659023534219
 20
499.0621638991833
 10
6928.659023534219
 20
671.4528306302017
 10
6940.65902353422
 20
671.4528306302017
 10
6940.65902353422
 20
400.553765772485
 10
6928.659023534219
 20
400.553765772485
 10
6928.659023534219
 20
487.0621638991815
 10
6724.659023534219
 20
487.0621638991815
 10
6724.659023534219
 20
400.5537657724862
  0
LWPOLYLINE
  5
9A1
330
1F
100
AcDbEntity
  8
SHEAR-WALL
100
AcDbPolyline
 90
        5
 70
     1
 43
0.0
 10
6489.093748679619
 20
1064.303765772502
 10
6230.323346847108
 20
1064.303765772503
 10
6230.323346847108
 20
1074.303765772503
 10
6489.093748679619
 20
1074.303765772503
 10
6489.093748679619
 20
1064.303765772502
  0
LWPOLYLINE
  5
9A5
330
1F
100
AcDbEntity
  8
SHEAR-WALL
100
AcDbPolyline
 90
        4
 70
     1
 43
0.0
 10
33230.32334684712
 20
1064.303765772503
 10
33230.32334684712
 20
1074.303765772503
 10
33422.82091854118
 20
1074.303765772503
 10
33422.82091854118
 20
1064.303765772502
  0
TEXT
  5
9A6
330
1F
100
AcDbEntity
  8
COLUMN-LABEL
100
AcDbText
 10
21035.52199853992
 20
1057.925573811733
 30
0.0
 40
23.83206066533843
  1
1
100
AcDbText
  0
TEXT
  5
9A7
330
1F
100
AcDbEntity
  8
COLUMN-LABEL
100
AcDbText
 10
21100.73213302506
 20
892.1798956203845
 30
0.0
 40
23.83206066533843
  1
3
100
AcDbText
  0
TEXT
  5
9A8
330
1F
100
AcDbEntity
  8
COLUMN-LABEL
100
AcDbText
 10
21286.06661941536
 20
919.9023430142965
 30
0.0
 40
23.83206066533843
  1
4
100
AcDbText
  0
TEXT
  5
9A9
330
1F
100
AcDbEntity
  8
COLUMN-LABEL
100
AcDbText
 10
21644.20479702724
 20
860.1845601106065
 30
0.0
 40
23.83206066533843
  1
5
100
AcDbText
  0
TEXT
  5
9AB
330
1F
100
AcDbEntity
  8
COLUMN-LABEL
100
AcDbText
 10
22096.65140135362
 20
627.9255738117149
 30
0.0
 40
23.83206066533843
  1
12
100
AcDbText
  0
TEXT
  5
9AC
330
1F
100
AcDbEntity
  8
COLUMN-LABEL
100
AcDbText
 10
21740.65140135362
 20
653.9439572028417
 30
0.0
 40
23.83206066533843
  1
10
100
AcDbText
  0
TEXT
  5
9AD
330
1F
100
AcDbEntity
  8
COLUMN-LABEL
100
AcDbText
 10
21806.90140135362
 20
235.5223639015762
 30
0.0
 40
23.83206066533843
  1
19
100
AcDbText
  0
TEXT
  5
9AE
330
1F
100
AcDbEntity
  8
COLUMN-LABEL
100
AcDbText
 10
21922.58890135362
 20
13.42557381171491
 30
0.0
 40
23.83206066533843
  1
21
100
AcDbText
  0
TEXT
  5
9AF
330
1F
100
AcDbEntity
  8
COLUMN-LABEL
100
AcDbText
 10
22096.65140135362
 20
19.42557381171491
 30
0.0
 40
23.83206066533843
  1
22
100
AcDbText
  0
TEXT
  5
9B0
330
1F
100
AcDbEntity
  8
COLUMN-LABEL
100
AcDbText
 10
21671.02640135362
 20
13.42557381171491
 30
0.0
 40
23.83206066533843
  1
20
100
AcDbText
  0
TEXT
  5
9B1
330
1F
100
AcDbEntity
  8
COLUMN-LABEL
100
AcDbText
 10
21639.94469642045
 20
222.3758643517481
 30
0.0
 40
23.83206066533843
  1
18
100
AcDbText
  0
TEXT
  5
9B2
330
1F
100
AcDbEntity
  8
COLUMN-LABEL
100
AcDbText
 10
21450.32460835867
 20
106.7568969733379
 30
0.0
 40
23.83206066533843
  1
17
100
AcDbText
  0
TEXT
  5
9B3
330
1F
100
AcDbEntity
  8
COLUMN-LABEL
100
AcDbText
 10
21523.35040236887
 20
351.2228738033314
 30
0.0
 40
23.83206066533843
  1
16
100
AcDbText
  0
TEXT
  5
9B4
330
1F
100
AcDbEntity
  8
COLUMN-LABEL
100
AcDbText
 10
21389.84935029163
 20
242.6255494368811
 30
0.0
 40
23.83206066533843
  1
15
100
AcDbText
  0
TEXT
  5
9B5
330
1F
100
AcDbEntity
  8
COLUMN-LABEL
100
AcDbText
 10
21547.62809997779
 20
562.8851186624756
 30
0.0
 40
23.83206066533843
  1
14
100
AcDbText
  0
TEXT
  5
9B6
330
1F
100
AcDbEntity
  8
COLUMN-LABEL
100
AcDbText
 10
21300.67516345032
 20
442.9715584977794
 30
0.0
 40
23.83206066533843
  1
13
100
AcDbText
  0
TEXT
  5
9B7
330
1F
100
AcDbEntity
  8
COLUMN-LABEL
100
AcDbText
 10
21477.03723249042
 20
723.0173142147117
 30
0.0
 40
23.83206066533843
  1
9
100
AcDbText
  0
TEXT
  5
9B8
330
1F
100
AcDbEntity
  8
COLUMN-LABEL
100
AcDbText
 10
21203.20521215799
 20
661.9555093077806
 30
0.0
 40
23.83206066533843
  1
8
100
AcDbText
  0
LWPOLYLINE
  5
9B9
330
1F
100
AcDbEntity
  8
COLUMN-FOOTPRINT
100
AcDbPolyline
 90
        4
 70
     1
 43
0.0
 10
21032.90462072052
 20
1061.3121638992
 10
21056.90462072052
 20
1061.3121638992
 10
21056.90462072052
 20
1073.3121638992
 10
21032.90462072052
 20
1073.3121638992
  0
LWPOLYLINE
  5
9BA
330
1F
100
AcDbEntity
  8
COLUMN-FOOTPRINT
100
AcDbPolyline
 90
        4
 70
     1
 43
0.0
 10
21099.75355176331
 20
910.0897165052874
 10
21109.51289263311
 20
888.1635844755153
 10
21120.475958648
 20
893.0432549104171
 10
21110.7166177782
 20
914.9693869401891
  0
LWPOLYLINE
  5
9BB
330
1F
100
AcDbEntity
  8
COLUMN-FOOTPRINT
100
AcDbPolyline
 90
        4
 70
     1
 43
0.0
 10
21285.08803815361
 20
937.8121638991997
 10
21294.84737902342
 20
915.8860318694278
 10
21305.8104450383
 20
920.7657023043294
 10
21296.0511041685
 20
942.6918343341013
  0
LWPOLYLINE
  5
9BC
330
1F
100
AcDbEntity
  8
COLUMN-FOOTPRINT
100
AcDbPolyline
 90
        4
 70
     1
 43
0.0
 10
21202.22663089624
 20
679.8653301926832
 10
21211.98597176605
 20
657.9391981629115
 10
21222.94903778093
 20
662.818868597813
 10
21213.18969691113
 20
684.7450006275849
  0
LWPOLYLINE
  5
9BD
330
1F
100
AcDbEntity
  8
COLUMN-FOOTPRINT
100
AcDbPolyline
 90
        4
 70
     1
 43
0.0
 10
21476.05865122867
 20
740.927135099615
 10
21485.81799209847
 20
719.0010030698431
 10
21496.78105811336
 20
723.8806735047447
 10
21487.02171724356
 20
745.8068055345164
  0
LWPOLYLINE
  5
9BE
330
1F
100
AcDbEntity
  8
COLUMN-FOOTPRINT
100
AcDbPolyline
 90
        4
 70
     1
 43
0.0
 10
21546.64951871604
 20
580.7949395473788
 10
21556.40885958585
 20
558.8688075176069
 10
21567.37192560073
 20
563.7484779525084
 10
21557.61258473093
 20
585.6746099822802
  0
LWPOLYLINE
  5
9BF
330
1F
100
AcDbEntity
  8
COLUMN-FOOTPRINT
100
AcDbPolyline
 90
        4
 70
     1
 43
0.0
 10
21299.69658218858
 20
460.881379382682
 10
21309.45592305838
 20
438.9552473529101
 10
21320.41898907327
 20
443.8349177878116
 10
21310.65964820346
 20
465.7610498175836
  0
LWPOLYLINE
  5
9C0
330
1F
100
AcDbEntity
  8
COLUMN-FOOTPRINT
100
AcDbPolyline
 90
        4
 70
     1
 43
0.0
 10
21388.87076902988
 20
260.5353703217843
 10
21398.63010989969
 20
238.6092382920124
 10
21409.59317591457
 20
243.4889087269139
 10
21399.83383504477
 20
265.4150407566858
  0
LWPOLYLINE
  5
9C1
330
1F
100
AcDbEntity
  8
COLUMN-FOOTPRINT
100
AcDbPolyline
 90
        4
 70
     1
 43
0.0
 10
21449.34602709693
 20
124.6667178582411
 10
21459.10536796673
 20
102.7405858284692
 10
21470.06843398162
 20
107.6202562633707
 10
21460.30909311182
 20
129.5463882931426
  0
LWPOLYLINE
  5
9C2
330
1F
100
AcDbEntity
  8
COLUMN-FOOTPRINT
100
AcDbPolyline
 90
        4
 70
     1
 43
0.0
 10
21659.58741920784
 20
857.5711501980741
 10
21659.58741920784
 20
881.5711501980741
 10
21647.58741920784
 20
881.5711501980741
 10
21647.58741920784
 20
857.5711501980741
  0
LWPOLYLINE
  5
9C3
330
1F
100
AcDbEntity
  8
COLUMN-FOOTPRINT
100
AcDbPolyline
 90
        4
 70
     1
 43
0.0
 10
21756.03402353422
 20
651.3305472903092
 10
21756.03402353422
 20
675.3305472903092
 10
21744.03402353421
 20
675.3305472903092
 10
21744.03402353421
 20
651.3305472903092
  0
LWPOLYLINE
  5
9C4
330
1F
100
AcDbEntity
  8
COLUMN-FOOTPRINT
100
AcDbPolyline
 90
        4
 70
     1
 43
0.0
 10
21822.28402353421
 20
232.9089539890438
 10
21822.28402353421
 20
256.9089539890438
 10
21810.28402353422
 20
256.9089539890438
 10
21810.28402353422
 20
232.9089539890438
  0
LWPOLYLINE
  5
9C5
330
1F
100
AcDbEntity
  8
COLUMN-FOOTPRINT
100
AcDbPolyline
 90
        4
 70
     1
 43
0.0
 10
21655.32731860105
 20
219.7624544392156
 10
21655.32731860105
 20
243.7624544392156
 10
21643.32731860105
 20
243.7624544392156
 10
21643.32731860105
 20
219.7624544392156
  0
LWPOLYLINE
  5
9C6
330
1F
100
AcDbEntity
  8
COLUMN-FOOTPRINT
100
AcDbPolyline
 90
        4
 70
     1
 43
0.0
 10
22112.03402353421
 20
625.3121638991823
 10
22112.03402353421
 20
649.3121638991823
 10
22100.03402353422
 20
649.3121638991823
 10
22100.03402353422
 20
625.3121638991823
  0
LWPOLYLINE
  5
9C8
330
1F
100
AcDbEntity
  8
COLUMN-FOOTPRINT
100
AcDbPolyline
 90
        4
 70
     1
 43
0.0
 10
21919.97152353422
 20
16.81216389918245
 10
21943.97152353422
 20
16.81216389918245
 10
21943.97152353422
 20
28.81216389918245
 10
21919.97152353422
 20
28.81216389918245
  0
LWPOLYLINE
  5
9C9
330
1F
100
AcDbEntity
  8
COLUMN-FOOTPRINT
100
AcDbPolyline
 90
        4
 70
     1
 43
0.0
 10
21668.40902353422
 20
16.81216389918245
 10
21692.40902353422
 20
16.81216389918245
 10
21692.40902353422
 20
28.81216389918245
 10
21668.40902353422
 20
28.81216389918245
  0
LWPOLYLINE
  5
9CA
330
1F
100
AcDbEntity
  8
COLUMN-FOOTPRINT
100
AcDbPolyline
 90
        4
 70
     1
 43
0.0
 10
21524.20979375203
 20
350.2482604484549
 10
21546.13592578181
 20
360.0076013182579
 10
21541.2562553469
 20
370.9706673331439
 10
21519.33012331713
 20
361.2113264633408
  0
LWPOLYLINE
  5
9CB
330
1F
100
AcDbEntity
  8
COLUMN-FOOTPRINT
100
AcDbPolyline
 90
        4
 70
     1
 43
0.0
 10
22112.03402353421
 20
16.81216389918245
 10
22112.03402353421
 20
40.81216389918245
 10
22100.03402353422
 20
40.81216389918245
 10
22100.03402353422
 20
16.81216389918245
  0
POINT
  5
9CC
330
1F
100
AcDbEntity
  8
0
100
AcDbPoint
 10
22106.03402353331
 20
28.812163899182
 30
0.0
  0
POINT
  5
9CD
330
1F
100
AcDbEntity
  8
0
100
AcDbPoint
 10
21532.73302455025
 20
360.6094638907957
 30
0.0
  0
POINT
  5
9CE
330
1F
100
AcDbEntity
  8
0
100
AcDbPoint
 10
21680.40902353436
 20
22.81216389918245
 30
0.0
  0
POINT
  5
9CF
330
1F
100
AcDbEntity
  8
0
100
AcDbPoint
 10
21931.97152353547
 20
22.81216389918382
 30
0.0
  0
POINT
  5
9D1
330
1F
100
AcDbEntity
  8
0
100
AcDbPoint
 10
22106.03402349303
 20
637.3121638977412
 30
0.0
  0
POINT
  5
9D2
330
1F
100
AcDbEntity
  8
0
100
AcDbPoint
 10
21649.32731860068
 20
231.7624544392088
 30
0.0
  0
POINT
  5
9D3
330
1F
100
AcDbEntity
  8
0
100
AcDbPoint
 10
21816.28402353404
 20
244.9089539890278
 30
0.0
  0
POINT
  5
9D4
330
1F
100
AcDbEntity
  8
0
100
AcDbPoint
 10
21750.03402357509
 20
663.3305472917872
 30
0.0
  0
POINT
  5
9D5
330
1F
100
AcDbEntity
  8
0
100
AcDbPoint
 10
21653.58741920827
 20
869.5711501980472
 30
0.0
  0
POINT
  5
9D6
330
1F
100
AcDbEntity
  8
0
100
AcDbPoint
 10
21459.70723054062
 20
116.1434870608073
 30
0.0
  0
POINT
  5
9D7
330
1F
100
AcDbEntity
  8
0
100
AcDbPoint
 10
21399.2319724706
 20
252.0121395243168
 30
0.0
  0
POINT
  5
9D8
330
1F
100
AcDbEntity
  8
0
100
AcDbPoint
 10
21310.05778565107
 20
452.3581485857999
 30
0.0
  0
POINT
  5
9D9
330
1F
100
AcDbEntity
  8
0
100
AcDbPoint
 10
21557.01072215896
 20
572.2717087499383
 30
0.0
  0
POINT
  5
9DA
330
1F
100
AcDbEntity
  8
0
100
AcDbPoint
 10
21486.41985465264
 20
732.4039043014677
 30
0.0
  0
POINT
  5
9DB
330
1F
100
AcDbEntity
  8
0
100
AcDbPoint
 10
21212.58783433972
 20
671.3420993952667
 30
0.0
  0
POINT
  5
9DC
330
1F
100
AcDbEntity
  8
0
100
AcDbPoint
 10
21295.44924161621
 20
929.2889331028439
 30
0.0
  0
POINT
  5
9DD
330
1F
100
AcDbEntity
  8
0
100
AcDbPoint
 10
21110.11475522657
 20
901.5664857088095
 30
0.0
  0
POINT
  5
9DE
330
1F
100
AcDbEntity
  8
0
100
AcDbPoint
 10
21044.90462072083
 20
1067.312163899226
 30
0.0
  0
LINE
  5
9DF
330
1F
100
AcDbEntity
  8
0
100
AcDbLine
 10
21724.65902353422
 20
400.5621638991815
 30
0.0
 11
21989.99842589704
 21
350.2241071583867
 31
0.0
  0
TEXT
  5
9E0
330
1F
100
AcDbEntity
  8
COLUMN-LABEL
100
AcDbText
 10
24035.52199853992
 20
1057.925573811733
 30
0.0
 40
23.83206066533843
  1
1
100
AcDbText
  0
TEXT
  5
9E1
330
1F
100
AcDbEntity
  8
COLUMN-LABEL
100
AcDbText
 10
24100.73213302506
 20
892.1798956203845
 30
0.0
 40
23.83206066533843
  1
3
100
AcDbText
  0
TEXT
  5
9E2
330
1F
100
AcDbEntity
  8
COLUMN-LABEL
100
AcDbText
 10
24286.06661941536
 20
919.9023430142965
 30
0.0
 40
23.83206066533843
  1
4
100
AcDbText
  0
TEXT
  5
9E3
330
1F
100
AcDbEntity
  8
COLUMN-LABEL
100
AcDbText
 10
24644.20479702724
 20
860.1845601106065
 30
0.0
 40
23.83206066533843
  1
5
100
AcDbText
  0
TEXT
  5
9E5
330
1F
100
AcDbEntity
  8
COLUMN-LABEL
100
AcDbText
 10
25096.65140135362
 20
627.9255738117149
 30
0.0
 40
23.83206066533843
  1
12
100
AcDbText
  0
TEXT
  5
9E6
330
1F
100
AcDbEntity
  8
COLUMN-LABEL
100
AcDbText
 10
24740.65140135362
 20
653.9439572028417
 30
0.0
 40
23.83206066533843
  1
10
100
AcDbText
  0
TEXT
  5
9E7
330
1F
100
AcDbEntity
  8
COLUMN-LABEL
100
AcDbText
 10
24806.90140135362
 20
235.5223639015762
 30
0.0
 40
23.83206066533843
  1
19
100
AcDbText
  0
TEXT
  5
9E8
330
1F
100
AcDbEntity
  8
COLUMN-LABEL
100
AcDbText
 10
24922.58890135361
 20
13.42557381171491
 30
0.0
 40
23.83206066533843
  1
21
100
AcDbText
  0
TEXT
  5
9E9
330
1F
100
AcDbEntity
  8
COLUMN-LABEL
100
AcDbText
 10
25096.65140135362
 20
19.42557381171491
 30
0.0
 40
23.83206066533843
  1
22
100
AcDbText
  0
TEXT
  5
9EA
330
1F
100
AcDbEntity
  8
COLUMN-LABEL
100
AcDbText
 10
24671.02640135362
 20
13.42557381171491
 30
0.0
 40
23.83206066533843
  1
20
100
AcDbText
  0
TEXT
  5
9EB
330
1F
100
AcDbEntity
  8
COLUMN-LABEL
100
AcDbText
 10
24639.94469642045
 20
222.3758643517481
 30
0.0
 40
23.83206066533843
  1
18
100
AcDbText
  0
TEXT
  5
9EC
330
1F
100
AcDbEntity
  8
COLUMN-LABEL
100
AcDbText
 10
24450.32460835867
 20
106.7568969733379
 30
0.0
 40
23.83206066533843
  1
17
100
AcDbText
  0
TEXT
  5
9ED
330
1F
100
AcDbEntity
  8
COLUMN-LABEL
100
AcDbText
 10
24523.35040236887
 20
351.2228738033314
 30
0.0
 40
23.83206066533843
  1
16
100
AcDbText
  0
TEXT
  5
9EE
330
1F
100
AcDbEntity
  8
COLUMN-LABEL
100
AcDbText
 10
24389.84935029163
 20
242.6255494368811
 30
0.0
 40
23.83206066533843
  1
15
100
AcDbText
  0
TEXT
  5
9EF
330
1F
100
AcDbEntity
  8
COLUMN-LABEL
100
AcDbText
 10
24547.62809997779
 20
562.8851186624756
 30
0.0
 40
23.83206066533843
  1
14
100
AcDbText
  0
TEXT
  5
9F0
330
1F
100
AcDbEntity
  8
COLUMN-LABEL
100
AcDbText
 10
24300.67516345032
 20
442.9715584977794
 30
0.0
 40
23.83206066533843
  1
13
100
AcDbText
  0
TEXT
  5
9F1
330
1F
100
AcDbEntity
  8
COLUMN-LABEL
100
AcDbText
 10
24477.03723249042
 20
723.0173142147117
 30
0.0
 40
23.83206066533843
  1
9
100
AcDbText
  0
TEXT
  5
9F2
330
1F
100
AcDbEntity
  8
COLUMN-LABEL
100
AcDbText
 10
24203.20521215799
 20
661.9555093077806
 30
0.0
 40
23.83206066533843
  1
8
100
AcDbText
  0
LWPOLYLINE
  5
9F3
330
1F
100
AcDbEntity
  8
COLUMN-FOOTPRINT
100
AcDbPolyline
 90
        4
 70
     1
 43
0.0
 10
24032.90462072052
 20
1061.3121638992
 10
24056.90462072052
 20
1061.3121638992
 10
24056.90462072052
 20
1073.3121638992
 10
24032.90462072052
 20
1073.3121638992
  0
LWPOLYLINE
  5
9F4
330
1F
100
AcDbEntity
  8
COLUMN-FOOTPRINT
100
AcDbPolyline
 90
        4
 70
     1
 43
0.0
 10
24099.75355176331
 20
910.0897165052874
 10
24109.51289263312
 20
888.1635844755153
 10
24120.475958648
 20
893.0432549104171
 10
24110.7166177782
 20
914.9693869401891
  0
LWPOLYLINE
  5
9F5
330
1F
100
AcDbEntity
  8
COLUMN-FOOTPRINT
100
AcDbPolyline
 90
        4
 70
     1
 43
0.0
 10
24285.08803815361
 20
937.8121638991997
 10
24294.84737902342
 20
915.8860318694278
 10
24305.8104450383
 20
920.7657023043294
 10
24296.0511041685
 20
942.6918343341013
  0
LWPOLYLINE
  5
9F6
330
1F
100
AcDbEntity
  8
COLUMN-FOOTPRINT
100
AcDbPolyline
 90
        4
 70
     1
 43
0.0
 10
24202.22663089624
 20
679.8653301926832
 10
24211.98597176605
 20
657.9391981629115
 10
24222.94903778094
 20
662.818868597813
 10
24213.18969691113
 20
684.7450006275849
  0
LWPOLYLINE
  5
9F7
330
1F
100
AcDbEntity
  8
COLUMN-FOOTPRINT
100
AcDbPolyline
 90
        4
 70
     1
 43
0.0
 10
24476.05865122867
 20
740.927135099615
 10
24485.81799209847
 20
719.0010030698431
 10
24496.78105811336
 20
723.8806735047447
 10
24487.02171724356
 20
745.8068055345164
  0
LWPOLYLINE
  5
9F8
330
1F
100
AcDbEntity
  8
COLUMN-FOOTPRINT
100
AcDbPolyline
 90
        4
 70
     1
 43
0.0
 10
24546.64951871604
 20
580.7949395473788
 10
24556.40885958585
 20
558.8688075176069
 10
24567.37192560073
 20
563.7484779525084
 10
24557.61258473093
 20
585.6746099822802
  0
LWPOLYLINE
  5
9F9
330
1F
100
AcDbEntity
  8
COLUMN-FOOTPRINT
100
AcDbPolyline
 90
        4
 70
     1
 43
0.0
 10
24299.69658218857
 20
460.881379382682
 10
24309.45592305838
 20
438.9552473529101
 10
24320.41898907327
 20
443.8349177878116
 10
24310.65964820346
 20
465.7610498175836
  0
LWPOLYLINE
  5
9FA
330
1F
100
AcDbEntity
  8
COLUMN-FOOTPRINT
100
AcDbPolyline
 90
        4
 70
     1
 43
0.0
 10
24388.8707690299
 20
260.5353703217843
 10
24398.63010989968
 20
238.6092382920124
 10
24409.59317591457
 20
243.4889087269139
 10
24399.83383504477
 20
265.4150407566858
  0
LWPOLYLINE
  5
9FB
330
1F
100
AcDbEntity
  8
COLUMN-FOOTPRINT
100
AcDbPolyline
 90
        4
 70
     1
 43
0.0
 10
24449.34602709694
 20
124.6667178582411
 10
24459.10536796674
 20
102.7405858284692
 10
24470.06843398161
 20
107.6202562633707
 10
24460.30909311181
 20
129.5463882931426
  0
LWPOLYLINE
  5
9FC
330
1F
100
AcDbEntity
  8
COLUMN-FOOTPRINT
100
AcDbPolyline
 90
        4
 70
     1
 43
0.0
 10
24659.58741920784
 20
857.5711501980741
 10
24659.58741920784
 20
881.5711501980741
 10
24647.58741920784
 20
881.5711501980741
 10
24647.58741920784
 20
857.5711501980741
  0
LWPOLYLINE
  5
9FD
330
1F
100
AcDbEntity
  8
COLUMN-FOOTPRINT
100
AcDbPolyline
 90
        4
 70
     1
 43
0.0
 10
24756.03402353422
 20
651.3305472903092
 10
24756.03402353422
 20
675.3305472903092
 10
24744.03402353422
 20
675.3305472903092
 10
24744.03402353422
 20
651.3305472903092
  0
LWPOLYLINE
  5
9FE
330
1F
100
AcDbEntity
  8
COLUMN-FOOTPRINT
100
AcDbPolyline
 90
        4
 70
     1
 43
0.0
 10
24822.28402353422
 20
232.9089539890438
 10
24822.28402353422
 20
256.9089539890438
 10
24810.28402353421
 20
256.9089539890438
 10
24810.28402353421
 20
232.9089539890438
  0
LWPOLYLINE
  5
9FF
330
1F
100
AcDbEntity
  8
COLUMN-FOOTPRINT
100
AcDbPolyline
 90
        4
 70
     1
 43
0.0
 10
24655.32731860105
 20
219.7624544392156
 10
24655.32731860105
 20
243.7624544392156
 10
24643.32731860105
 20
243.7624544392156
 10
24643.32731860105
 20
219.7624544392156
  0
LWPOLYLINE
  5
A00
330
1F
100
AcDbEntity
  8
COLUMN-FOOTPRINT
100
AcDbPolyline
 90
        4
 70
     1
 43
0.0
 10
25112.03402353422
 20
625.3121638991823
 10
25112.03402353422
 20
649.3121638991823
 10
25100.03402353421
 20
649.3121638991823
 10
25100.03402353421
 20
625.3121638991823
  0
LWPOLYLINE
  5
A02
330
1F
100
AcDbEntity
  8
COLUMN-FOOTPRINT
100
AcDbPolyline
 90
        4
 70
     1
 43
0.0
 10
24919.97152353421
 20
16.81216389918245
 10
24943.97152353422
 20
16.81216389918245
 10
24943.97152353422
 20
28.81216389918245
 10
24919.97152353421
 20
28.81216389918245
  0
LWPOLYLINE
  5
A03
330
1F
100
AcDbEntity
  8
COLUMN-FOOTPRINT
100
AcDbPolyline
 90
        4
 70
     1
 43
0.0
 10
24668.40902353422
 20
16.81216389918245
 10
24692.40902353422
 20
16.81216389918245
 10
24692.40902353422
 20
28.81216389918245
 10
24668.40902353422
 20
28.81216389918245
  0
LWPOLYLINE
  5
A04
330
1F
100
AcDbEntity
  8
COLUMN-FOOTPRINT
100
AcDbPolyline
 90
        4
 70
     1
 43
0.0
 10
24524.20979375203
 20
350.2482604484549
 10
24546.1359257818
 20
360.0076013182579
 10
24541.25625534691
 20
370.9706673331439
 10
24519.33012331713
 20
361.2113264633408
  0
LWPOLYLINE
  5
A05
330
1F
100
AcDbEntity
  8
COLUMN-FOOTPRINT
100
AcDbPolyline
 90
        4
 70
     1
 43
0.0
 10
25112.03402353422
 20
16.81216389918245
 10
25112.03402353422
 20
40.81216389918245
 10
25100.03402353421
 20
40.81216389918245
 10
25100.03402353421
 20
16.81216389918245
  0
POINT
  5
A06
330
1F
100
AcDbEntity
  8
0
100
AcDbPoint
 10
25106.03402353331
 20
28.812163899182
 30
0.0
  0
POINT
  5
A07
330
1F
100
AcDbEntity
  8
0
100
AcDbPoint
 10
24532.73302455025
 20
360.6094638907957
 30
0.0
  0
POINT
  5
A08
330
1F
100
AcDbEntity
  8
0
100
AcDbPoint
 10
24680.40902353437
 20
22.81216389918245
 30
0.0
  0
POINT
  5
A09
330
1F
100
AcDbEntity
  8
0
100
AcDbPoint
 10
24931.97152353547
 20
22.81216389918382
 30
0.0
  0
POINT
  5
A0B
330
1F
100
AcDbEntity
  8
0
100
AcDbPoint
 10
25106.03402349303
 20
637.3121638977412
 30
0.0
  0
POINT
  5
A0C
330
1F
100
AcDbEntity
  8
0
100
AcDbPoint
 10
24649.32731860069
 20
231.7624544392088
 30
0.0
  0
POINT
  5
A0D
330
1F
100
AcDbEntity
  8
0
100
AcDbPoint
 10
24816.28402353404
 20
244.9089539890278
 30
0.0
  0
POINT
  5
A0E
330
1F
100
AcDbEntity
  8
0
100
AcDbPoint
 10
24750.03402357509
 20
663.3305472917872
 30
0.0
  0
POINT
  5
A0F
330
1F
100
AcDbEntity
  8
0
100
AcDbPoint
 10
24653.58741920828
 20
869.5711501980472
 30
0.0
  0
POINT
  5
A10
330
1F
100
AcDbEntity
  8
0
100
AcDbPoint
 10
24459.70723054062
 20
116.1434870608073
 30
0.0
  0
POINT
  5
A11
330
1F
100
AcDbEntity
  8
0
100
AcDbPoint
 10
24399.2319724706
 20
252.0121395243168
 30
0.0
  0
POINT
  5
A12
330
1F
100
AcDbEntity
  8
0
100
AcDbPoint
 10
24310.05778565108
 20
452.3581485857999
 30
0.0
  0
POINT
  5
A13
330
1F
100
AcDbEntity
  8
0
100
AcDbPoint
 10
24557.01072215896
 20
572.2717087499383
 30
0.0
  0
POINT
  5
A14
330
1F
100
AcDbEntity
  8
0
100
AcDbPoint
 10
24486.41985465265
 20
732.4039043014677
 30
0.0
  0
POINT
  5
A15
330
1F
100
AcDbEntity
  8
0
100
AcDbPoint
 10
24212.58783433972
 20
671.3420993952667
 30
0.0
  0
POINT
  5
A16
330
1F
100
AcDbEntity
  8
0
100
AcDbPoint
 10
24295.44924161621
 20
929.2889331028439
 30
0.0
  0
POINT
  5
A17
330
1F
100
AcDbEntity
  8
0
100
AcDbPoint
 10
24110.11475522657
 20
901.5664857088095
 30
0.0
  0
POINT
  5
A18
330
1F
100
AcDbEntity
  8
0
100
AcDbPoint
 10
24044.90462072083
 20
1067.312163899226
 30
0.0
  0
LWPOLYLINE
  5
B26
330
1F
100
AcDbEntity
  8
SLAB
100
AcDbPolyline
 90
        3
 70
     0
 43
0.0
 10
10114.78402353422
 20
722.0537657724872
 10
9728.821412892193
 20
722.0537657724872
 10
9570.869939171636
 20
1076.928838044058
  0
TEXT
  5
BB8
330
1F
100
AcDbEntity
  8
COLUMN-LABEL
100
AcDbText
 10
27644.20479702724
 20
860.1845601106065
 30
0.0
 40
23.83206066533843
  1
5
100
AcDbText
  0
TEXT
  5
BB9
330
1F
100
AcDbEntity
  8
COLUMN-LABEL
100
AcDbText
 10
27740.65140135362
 20
653.9439572028417
 30
0.0
 40
23.83206066533843
  1
10
100
AcDbText
  0
LWPOLYLINE
  5
BBA
330
1F
100
AcDbEntity
  8
COLUMN-FOOTPRINT
100
AcDbPolyline
 90
        4
 70
     1
 43
0.0
 10
27659.58741920784
 20
857.5711501980741
 10
27659.58741920784
 20
881.5711501980741
 10
27647.58741920784
 20
881.5711501980741
 10
27647.58741920784
 20
857.5711501980741
  0
LWPOLYLINE
  5
BBB
330
1F
100
AcDbEntity
  8
COLUMN-FOOTPRINT
100
AcDbPolyline
 90
        4
 70
     1
 43
0.0
 10
27756.03402353422
 20
651.3305472903092
 10
27756.03402353422
 20
675.3305472903092
 10
27744.03402353422
 20
675.3305472903092
 10
27744.03402353422
 20
651.3305472903092
  0
POINT
  5
BBC
330
1F
100
AcDbEntity
  8
0
100
AcDbPoint
 10
27750.03402357509
 20
663.3305472917872
 30
0.0
  0
POINT
  5
BBD
330
1F
100
AcDbEntity
  8
0
100
AcDbPoint
 10
27653.58741920828
 20
869.5711501980472
 30
0.0
  0
LWPOLYLINE
  5
C03
330
1F
100
AcDbEntity
  8
SHEAR-WALL
100
AcDbPolyline
 90
       10
 70
     1
 43
0.0
 10
9712.65902353422
 20
400.5537657724862
 10
9712.65902353422
 20
499.0621638991833
 10
9928.659023534219
 20
499.0621638991833
 10
9928.659023534219
 20
671.4528306302017
 10
9940.659023534221
 20
671.4528306302017
 10
9940.659023534221
 20
400.553765772485
 10
9928.659023534219
 20
400.553765772485
 10
9928.659023534219
 20
487.0621638991815
 10
9724.65902353422
 20
487.0621638991815
 10
9724.65902353422
 20
400.5537657724862
  0
LWPOLYLINE
  5
C04
330
1F
100
AcDbEntity
  8
SHEAR-WALL
100
AcDbPolyline
 90
       10
 70
     1
 43
0.0
 10
12712.65902353422
 20
400.5537657724862
 10
12712.65902353422
 20
499.0621638991833
 10
12928.65902353422
 20
499.0621638991833
 10
12928.65902353422
 20
671.4528306302017
 10
12940.65902353422
 20
671.4528306302017
 10
12940.65902353422
 20
400.553765772485
 10
12928.65902353422
 20
400.553765772485
 10
12928.65902353422
 20
487.0621638991815
 10
12724.65902353422
 20
487.0621638991815
 10
12724.65902353422
 20
400.5537657724862
  0
LWPOLYLINE
  5
C05
330
1F
100
AcDbEntity
  8
SHEAR-WALL
100
AcDbPolyline
 90
       10
 70
     1
 43
0.0
 10
15712.65902353422
 20
400.5537657724862
 10
15712.65902353422
 20
499.0621638991833
 10
15928.65902353422
 20
499.0621638991833
 10
15928.65902353422
 20
671.4528306302017
 10
15940.65902353422
 20
671.4528306302017
 10
15940.65902353422
 20
400.553765772485
 10
15928.65902353422
 20
400.553765772485
 10
15928.65902353422
 20
487.0621638991815
 10
15724.65902353422
 20
487.0621638991815
 10
15724.65902353422
 20
400.5537657724862
  0
LWPOLYLINE
  5
C06
330
1F
100
AcDbEntity
  8
SHEAR-WALL
100
AcDbPolyline
 90
       10
 70
     1
 43
0.0
 10
18712.65902353422
 20
400.5537657724862
 10
18712.65902353422
 20
499.0621638991833
 10
18928.65902353422
 20
499.0621638991833
 10
18928.65902353422
 20
671.4528306302017
 10
18940.65902353422
 20
671.4528306302017
 10
18940.65902353422
 20
400.553765772485
 10
18928.65902353422
 20
400.553765772485
 10
18928.65902353422
 20
487.0621638991815
 10
18724.65902353422
 20
487.0621638991815
 10
18724.65902353422
 20
400.5537657724862
  0
LWPOLYLINE
  5
C07
330
1F
100
AcDbEntity
  8
SHEAR-WALL
100
AcDbPolyline
 90
       10
 70
     1
 43
0.0
 10
21712.65902353422
 20
400.5537657724862
 10
21712.65902353422
 20
499.0621638991833
 10
21928.65902353422
 20
499.0621638991833
 10
21928.65902353422
 20
671.4528306302017
 10
21940.65902353422
 20
671.4528306302017
 10
21940.65902353422
 20
400.553765772485
 10
21928.65902353422
 20
400.553765772485
 10
21928.65902353422
 20
487.0621638991815
 10
21724.65902353422
 20
487.0621638991815
 10
21724.65902353422
 20
400.5537657724862
  0
LWPOLYLINE
  5
C08
330
1F
100
AcDbEntity
  8
SHEAR-WALL
100
AcDbPolyline
 90
       10
 70
     1
 43
0.0
 10
24712.65902353422
 20
400.5537657724862
 10
24712.65902353422
 20
499.0621638991833
 10
24928.65902353422
 20
499.0621638991833
 10
24928.65902353422
 20
671.4528306302017
 10
24940.65902353422
 20
671.4528306302017
 10
24940.65902353422
 20
400.553765772485
 10
24928.65902353422
 20
400.553765772485
 10
24928.65902353422
 20
487.0621638991815
 10
24724.65902353422
 20
487.0621638991815
 10
24724.65902353422
 20
400.5537657724862
  0
LWPOLYLINE
  5
C09
330
1F
100
AcDbEntity
  8
SHEAR-WALL
100
AcDbPolyline
 90
       10
 70
     1
 43
0.0
 10
27712.65902353422
 20
400.5537657724862
 10
27712.65902353422
 20
499.0621638991833
 10
27928.65902353422
 20
499.0621638991833
 10
27928.65902353422
 20
671.4528306302017
 10
27940.65902353422
 20
671.4528306302017
 10
27940.65902353422
 20
400.553765772485
 10
27928.65902353422
 20
400.553765772485
 10
27928.65902353422
 20
487.0621638991815
 10
27724.65902353422
 20
487.0621638991815
 10
27724.65902353422
 20
400.5537657724862
  0
LWPOLYLINE
  5
C0A
330
1F
100
AcDbEntity
  8
SHEAR-WALL
100
AcDbPolyline
 90
       10
 70
     1
 43
0.0
 10
33712.65902353422
 20
400.5537657724862
 10
33712.65902353422
 20
499.0621638991833
 10
33928.65902353422
 20
499.0621638991833
 10
33928.65902353422
 20
671.4528306302017
 10
33940.65902353423
 20
671.4528306302017
 10
33940.65902353423
 20
400.553765772485
 10
33928.65902353422
 20
400.553765772485
 10
33928.65902353422
 20
487.0621638991815
 10
33724.65902353422
 20
487.0621638991815
 10
33724.65902353422
 20
400.5537657724862
  0
LWPOLYLINE
  5
C0B
330
1F
100
AcDbEntity
  8
SHEAR-WALL
100
AcDbPolyline
 90
        5
 70
     1
 43
0.0
 10
30489.09374867962
 20
1064.303765772502
 10
30230.3233468471
 20
1064.303765772503
 10
30230.3233468471
 20
1074.303765772503
 10
30562.01024340109
 20
1074.303765772503
 10
30562.01024340109
 20
1064.303765772502
  0
LWPOLYLINE
  5
C0C
330
1F
100
AcDbEntity
  8
SHEAR-WALL
100
AcDbPolyline
 90
        6
 70
     1
 43
0.0
 10
31001.90902353424
 20
507.9287657724862
 10
31001.90902353424
 20
495.9287657724861
 10
31100.65902353424
 20
495.9287657724861
 10
31100.65902353422
 20
233.4287657724866
 10
31112.65902353422
 20
233.4287657724866
 10
31112.65902353424
 20
507.9287657724862
  0
TEXT
  5
C0D
330
1F
100
AcDbEntity
  8
COLUMN-LABEL
100
AcDbText
 10
30125.74892004606
 20
823.7021891006307
 30
0.0
 40
23.83206066533843
  1
23
100
AcDbText
  0
TEXT
  5
C0E
330
1F
100
AcDbEntity
  8
COLUMN-LABEL
100
AcDbText
 10
30286.06661941536
 20
919.8939448876016
 30
0.0
 40
23.83206066533843
  1
4
100
AcDbText
  0
TEXT
  5
C0F
330
1F
100
AcDbEntity
  8
COLUMN-LABEL
100
AcDbText
 10
31090.34964558213
 20
627.5537528172581
 30
0.0
 40
23.83206066533843
  1
12
100
AcDbText
  0
TEXT
  5
C10
330
1F
100
AcDbEntity
  8
COLUMN-LABEL
100
AcDbText
 10
30806.90140135363
 20
235.5139657748814
 30
0.0
 40
23.83206066533843
  1
19
100
AcDbText
  0
TEXT
  5
C11
330
1F
100
AcDbEntity
  8
COLUMN-LABEL
100
AcDbText
 10
30921.62907629724
 20
19.17391540626795
 30
0.0
 40
23.83206066533843
  1
21
100
AcDbText
  0
TEXT
  5
C12
330
1F
100
AcDbEntity
  8
COLUMN-LABEL
100
AcDbText
 10
30639.94469642045
 20
222.3674662250533
 30
0.0
 40
23.83206066533843
  1
18
100
AcDbText
  0
TEXT
  5
C13
330
1F
100
AcDbEntity
  8
COLUMN-LABEL
100
AcDbText
 10
30523.35040236886
 20
351.2144756766365
 30
0.0
 40
23.83206066533843
  1
16
100
AcDbText
  0
TEXT
  5
C14
330
1F
100
AcDbEntity
  8
COLUMN-LABEL
100
AcDbText
 10
30389.84935029163
 20
257.7796519598769
 30
0.0
 40
23.83206066533843
  1
15
100
AcDbText
  0
TEXT
  5
C15
330
1F
100
AcDbEntity
  8
COLUMN-LABEL
100
AcDbText
 10
30547.62809997779
 20
562.8767205357807
 30
0.0
 40
23.83206066533843
  1
14
100
AcDbText
  0
TEXT
  5
C16
330
1F
100
AcDbEntity
  8
COLUMN-LABEL
100
AcDbText
 10
30300.67516345033
 20
442.9631603710845
 30
0.0
 40
23.83206066533843
  1
13
100
AcDbText
  0
TEXT
  5
C17
330
1F
100
AcDbEntity
  8
COLUMN-LABEL
100
AcDbText
 10
30477.03723249042
 20
723.0089160880168
 30
0.0
 40
23.83206066533843
  1
9
100
AcDbText
  0
TEXT
  5
C18
330
1F
100
AcDbEntity
  8
COLUMN-LABEL
100
AcDbText
 10
30211.44813205902
 20
631.1633422141985
 30
0.0
 40
23.83206066533843
  1
24
100
AcDbText
  0
TEXT
  5
C19
330
1F
100
AcDbEntity
  8
COLUMN-LABEL
100
AcDbText
 10
30712.3704331238
 20
21.92776381249314
 30
0.0
 40
23.83206066533843
  1
25
100
AcDbText
  0
LWPOLYLINE
  5
C1A
330
1F
100
AcDbEntity
  8
COLUMN-FOOTPRINT
100
AcDbPolyline
 90
        4
 70
     1
 43
0.0
 10
30154.39234202225
 20
846.3457303442774
 10
30132.46620999247
 20
836.5863894744725
 10
30137.34588042737
 20
825.6233234595892
 10
30159.27201245714
 20
835.3826643293905
  0
LWPOLYLINE
  5
C1B
330
1F
100
AcDbEntity
  8
COLUMN-FOOTPRINT
100
AcDbPolyline
 90
        4
 70
     1
 43
0.0
 10
30285.08803815361
 20
937.8037657725045
 10
30294.84737902343
 20
915.8776337427324
 10
30305.81044503831
 20
920.757304177634
 10
30296.05110416851
 20
942.6834362074059
  0
LWPOLYLINE
  5
C1C
330
1F
100
AcDbEntity
  8
COLUMN-FOOTPRINT
100
AcDbPolyline
 90
        4
 70
     1
 43
0.0
 10
30476.05865122867
 20
740.9187369729197
 10
30485.81799209847
 20
718.9926049431477
 10
30496.78105811336
 20
723.8722753780493
 10
30487.02171724356
 20
745.7984074078211
  0
LWPOLYLINE
  5
C1D
330
1F
100
AcDbEntity
  8
COLUMN-FOOTPRINT
100
AcDbPolyline
 90
        4
 70
     1
 43
0.0
 10
30546.64951871605
 20
580.7865414206835
 10
30556.40885958585
 20
558.8604093909116
 10
30567.37192560075
 20
563.7400798258132
 10
30557.61258473094
 20
585.666211855585
  0
LWPOLYLINE
  5
C1E
330
1F
100
AcDbEntity
  8
COLUMN-FOOTPRINT
100
AcDbPolyline
 90
        4
 70
     1
 43
0.0
 10
30299.69658218858
 20
460.8729812559866
 10
30309.45592305838
 20
438.9468492262149
 10
30320.41898907327
 20
443.8265196611164
 10
30310.65964820346
 20
465.7526516908882
  0
LWPOLYLINE
  5
C1F
330
1F
100
AcDbEntity
  8
COLUMN-FOOTPRINT
100
AcDbPolyline
 90
        4
 70
     1
 43
0.0
 10
30388.8707690299
 20
275.6894728447796
 10
30398.63010989969
 20
253.7633408150077
 10
30409.59317591457
 20
258.6430112499093
 10
30399.83383504477
 20
280.5691432796812
  0
LWPOLYLINE
  5
C20
330
1F
100
AcDbEntity
  8
COLUMN-FOOTPRINT
100
AcDbPolyline
 90
        4
 70
     1
 43
0.0
 10
30822.28402353422
 20
232.9005558623485
 10
30822.28402353422
 20
256.9005558623485
 10
30810.28402353422
 20
256.9005558623485
 10
30810.28402353422
 20
232.9005558623485
  0
LWPOLYLINE
  5
C21
330
1F
100
AcDbEntity
  8
COLUMN-FOOTPRINT
100
AcDbPolyline
 90
        4
 70
     1
 43
0.0
 10
30655.32731860105
 20
219.7540563125203
 10
30655.32731860105
 20
243.7540563125203
 10
30643.32731860105
 20
243.7540563125203
 10
30643.32731860105
 20
219.7540563125203
  0
LWPOLYLINE
  5
C22
330
1F
100
AcDbEntity
  8
COLUMN-FOOTPRINT
100
AcDbPolyline
 90
        4
 70
     1
 43
0.0
 10
31105.73226776273
 20
624.9403429047251
 10
31105.73226776273
 20
648.9403429047253
 10
31093.73226776273
 20
648.9403429047253
 10
31093.73226776273
 20
624.9403429047251
  0
LWPOLYLINE
  5
C23
330
1F
100
AcDbEntity
  8
COLUMN-FOOTPRINT
100
AcDbPolyline
 90
        4
 70
     1
 43
0.0
 10
30919.01169847785
 20
22.56050549373504
 10
30943.01169847785
 20
22.56050549373504
 10
30943.01169847785
 20
34.56050549373504
 10
30919.01169847785
 20
34.56050549373504
  0
LWPOLYLINE
  5
C24
330
1F
100
AcDbEntity
  8
COLUMN-FOOTPRINT
100
AcDbPolyline
 90
        4
 70
     1
 43
0.0
 10
30524.20979375203
 20
350.2398623217596
 10
30546.13592578181
 20
359.9992031915626
 10
30541.25625534691
 20
370.9622692064486
 10
30519.33012331714
 20
361.2029283366455
  0
LWPOLYLINE
  5
C25
330
1F
100
AcDbEntity
  8
COLUMN-FOOTPRINT
100
AcDbPolyline
 90
        4
 70
     1
 43
0.0
 10
30240.0915540352
 20
653.8068834578451
 10
30218.16542200543
 20
644.0475425880404
 10
30223.04509244033
 20
633.0844765731573
 10
30244.97122447011
 20
642.8438174429584
  0
LWPOLYLINE
  5
C26
330
1F
100
AcDbEntity
  8
COLUMN-FOOTPRINT
100
AcDbPolyline
 90
        4
 70
     1
 43
0.0
 10
30727.75305530439
 20
19.31435389996022
 10
30727.75305530439
 20
43.31435389996022
 10
30715.75305530439
 20
43.31435389996022
 10
30715.75305530439
 20
19.31435389996022
  0
TEXT
  5
C27
330
1F
100
AcDbEntity
  8
FLOOR LABELS
100
AcDbText
 10
30819.50261978866
 20
-594.3434570021326
 30
0.0
 40
120.0
  1
18
  7
Calibri_B_1
100
AcDbText
1001
REVIT
1002
{
1070
     1
1000
23877729
1002
}
1002
{
1070
     5
1000
4957678
1002
}
1002
{
1070
     2
1000
-2000150
1002
}
  0
POINT
  5
C28
330
1F
100
AcDbEntity
  8
0
100
AcDbPoint
 10
30721.75305529962
 20
31.3143538999582
 30
0.0
  0
POINT
  5
C29
330
1F
100
AcDbEntity
  8
0
100
AcDbPoint
 10
30231.56832326452
 20
643.4456800161797
 30
0.0
  0
POINT
  5
C2A
330
1F
100
AcDbEntity
  8
0
100
AcDbPoint
 10
30532.7330245497
 20
360.6010657640829
 30
0.0
  0
POINT
  5
C2B
330
1F
100
AcDbEntity
  8
0
100
AcDbPoint
 10
30931.01169848125
 20
28.56050549374099
 30
0.0
  0
POINT
  5
C2C
330
1F
100
AcDbEntity
  8
0
100
AcDbPoint
 10
31099.73226776181
 20
636.9403429046387
 30
0.0
  0
POINT
  5
C2D
330
1F
100
AcDbEntity
  8
0
100
AcDbPoint
 10
30649.32731862764
 20
231.7540563127457
 30
0.0
  0
POINT
  5
C2E
330
1F
100
AcDbEntity
  8
0
100
AcDbPoint
 10
30816.28402356
 20
244.9005558625974
 30
0.0
  0
POINT
  5
C2F
330
1F
100
AcDbEntity
  8
0
100
AcDbPoint
 10
30399.23197246978
 20
267.1662420473165
 30
0.0
  0
POINT
  5
C30
330
1F
100
AcDbEntity
  8
0
100
AcDbPoint
 10
30310.05778563133
 20
452.3497504586077
 30
0.0
  0
POINT
  5
C31
330
1F
100
AcDbEntity
  8
0
100
AcDbPoint
 10
30557.01072215979
 20
572.2633106233034
 30
0.0
  0
POINT
  5
C32
330
1F
100
AcDbEntity
  8
0
100
AcDbPoint
 10
30486.41985472427
 20
732.3955061772123
 30
0.0
  0
POINT
  5
C33
330
1F
100
AcDbEntity
  8
0
100
AcDbPoint
 10
30295.44924159845
 20
929.2805349750926
 30
0.0
  0
POINT
  5
C34
330
1F
100
AcDbEntity
  8
0
100
AcDbPoint
 10
30145.86911122481
 20
835.9845269019327
 30
0.0
  0
TEXT
  5
C36
330
1F
100
AcDbEntity
  8
COLUMN-LABEL
100
AcDbText
 10
30644.20479702724
 20
860.1845601106065
 30
0.0
 40
23.83206066533843
  1
5
100
AcDbText
  0
TEXT
  5
C37
330
1F
100
AcDbEntity
  8
COLUMN-LABEL
100
AcDbText
 10
30740.65140135362
 20
653.9439572028417
 30
0.0
 40
23.83206066533843
  1
10
100
AcDbText
  0
LWPOLYLINE
  5
C38
330
1F
100
AcDbEntity
  8
COLUMN-FOOTPRINT
100
AcDbPolyline
 90
        4
 70
     1
 43
0.0
 10
30659.58741920784
 20
857.5711501980741
 10
30659.58741920784
 20
881.5711501980741
 10
30647.58741920784
 20
881.5711501980741
 10
30647.58741920784
 20
857.5711501980741
  0
LWPOLYLINE
  5
C39
330
1F
100
AcDbEntity
  8
COLUMN-FOOTPRINT
100
AcDbPolyline
 90
        4
 70
     1
 43
0.0
 10
30756.03402353422
 20
651.3305472903092
 10
30756.03402353422
 20
675.3305472903092
 10
30744.03402353422
 20
675.3305472903092
 10
30744.03402353422
 20
651.3305472903092
  0
POINT
  5
C3A
330
1F
100
AcDbEntity
  8
0
100
AcDbPoint
 10
30750.03402357509
 20
663.3305472917872
 30
0.0
  0
POINT
  5
C3B
330
1F
100
AcDbEntity
  8
0
100
AcDbPoint
 10
30653.58741920828
 20
869.5711501980472
 30
0.0
  0
LWPOLYLINE
  5
C3C
330
1F
100
AcDbEntity
  8
SHEAR-WALL
100
AcDbPolyline
 90
       10
 70
     1
 43
0.0
 10
30712.65902353422
 20
400.5537657724862
 10
30712.65902353422
 20
499.0621638991833
 10
30928.65902353422
 20
499.0621638991833
 10
30928.65902353422
 20
671.4528306302017
 10
30940.65902353422
 20
671.4528306302017
 10
30940.65902353422
 20
400.553765772485
 10
30928.65902353422
 20
400.553765772485
 10
30928.65902353422
 20
487.0621638991815
 10
30724.65902353422
 20
487.0621638991815
 10
30724.65902353422
 20
400.5537657724862
  0
LWPOLYLINE
  5
C3D
330
1F
100
AcDbEntity
  8
SLAB
100
AcDbPolyline
 90
       22
 70
     1
 43
0.0
 10
30943.97152353423
 20
145.4287657724881
 10
30943.97152353423
 20
14.06216389918609
 10
30709.53402353422
 20
14.06216389918609
 10
30709.53402353422
 20
145.4287657724881
 10
30642.18871049075
 20
145.4287657724881
 10
30558.99719264357
 20
332.3336221976378
 10
30388.90100736039
 20
243.8679527372532
 10
30297.04024059305
 20
450.2498516141026
 10
30471.87518389686
 20
528.0690403947692
 10
30388.20916789844
 20
716.0399431083305
 10
30217.00965047539
 20
630.0531097183514
 10
30126.17072765372
 20
834.1392505552681
 10
30304.74647150148
 20
903.5540514046083
 10
30227.51785629422
 20
1077.062163899198
 10
30424.81667735969
 20
1077.062163899198
 10
30686.20591273377
 20
489.8037657724851
 10
30710.53402353424
 20
489.8037657724851
 10
30710.53402353424
 20
501.1787657724863
 10
30940.65902353422
 20
499.0705620258785
 10
30940.65902353422
 20
652.0621638991842
 10
31114.78402353422
 20
652.0621638991825
 10
31117.72600451679
 20
145.4287657724881
  0
LWPOLYLINE
  5
C3F
330
1F
100
AcDbEntity
  8
SECONDARY AREA
100
AcDbPolyline
 90
        8
 70
     1
 43
0.0
 10
9570.869939171636
 20
1076.928838044058
 10
9813.784023534219
 20
1077.053765772502
 10
9813.784023534219
 20
941.0537657724871
 10
9851.78402353422
 20
941.0537657724871
 10
9851.78402353422
 20
897.0537657724872
 10
10114.78402353422
 20
897.0537657724872
 10
10114.78402353422
 20
722.0537657724872
 10
9728.821412892193
 20
722.0537657724872
  0
LWPOLYLINE
  5
C40
330
1F
100
AcDbEntity
  8
SLAB
100
AcDbPolyline
 90
        6
 70
     1
 43
0.0
 10
9570.81059711875
 20
1077.062163899198
 10
9018.045522843761
 20
1077.062163899198
 10
9491.187768385049
 20
14.06216389918609
 10
10118.48884021984
 20
14.06216389918609
 10
10114.78402353422
 20
722.0537657724872
 10
9728.821412892191
 20
722.0537657724872
  0
LWPOLYLINE
  5
C45
330
1F
100
AcDbEntity
  8
SECONDARY AREA
100
AcDbPolyline
 90
        4
 70
     1
 43
0.0
 10
16114.78402353422
 20
722.0537657724872
 10
16115.15027936802
 20
652.0621638991825
 10
15759.97847515736
 20
652.0621638991861
 10
15728.82515090584
 20
722.0537657724872
  0
LWPOLYLINE
  5
C46
330
1F
100
AcDbEntity
  8
SECONDARY AREA
100
AcDbPolyline
 90
        8
 70
     1
 43
0.0
 10
30424.81667735969
 20
1077.062163899198
 10
30570.81059711876
 20
1077.062163899198
 10
30759.97847515739
 20
652.0621638991861
 10
30940.65902353422
 20
652.0621638991842
 10
30940.65902353422
 20
499.0705620258785
 10
30710.53402353424
 20
501.1787657724863
 10
30710.53402353424
 20
489.8037657724851
 10
30686.20591273377
 20
489.8037657724851
  0
LWPOLYLINE
  5
C86
330
1F
100
AcDbEntity
  8
SECONDARY AREA
100
AcDbPolyline
 90
        4
 70
     1
 43
0.0
 10
12649.48525108021
 20
900.3010811890167
 10
12731.70667970476
 20
936.8979122059791
 10
12780.50338405378
 20
827.2672520571195
 10
12698.28099196066
 20
790.6699921994396
  0
LWPOLYLINE
  5
CB3
330
1F
100
AcDbEntity
  8
SECONDARY AREA
100
AcDbPolyline
 90
        4
 70
     1
 43
0.0
 10
18930.65902353422
 20
736.0537657724876
 10
18722.59373845281
 20
736.0537657724876
 10
18759.97847515737
 20
652.0621638991861
 10
18930.65902353422
 20
652.0621638991843
  0
LWPOLYLINE
  5
CB4
330
1F
100
AcDbEntity
  8
SECONDARY AREA
100
AcDbPolyline
 90
        4
 70
     1
 43
0.0
 10
21649.48680450589
 20
900.3017726201644
 10
21731.70667970476
 20
936.8979122059776
 10
21780.50338405378
 20
827.2672520571191
 10
21698.2835088549
 20
790.6711124713042
  0
LWPOLYLINE
  5
CB5
330
1F
100
AcDbEntity
  8
SECONDARY AREA
100
AcDbPolyline
 90
        4
 70
     1
 43
0.0
 10
21930.65902353422
 20
736.0537657724876
 10
21722.59373845282
 20
736.0537657724876
 10
21759.97847515737
 20
652.0621638991861
 10
21930.65902353422
 20
652.0621638991843
  0
LWPOLYLINE
  5
CB6
330
1F
100
AcDbEntity
  8
SECONDARY AREA
100
AcDbPolyline
 90
        4
 70
     1
 43
0.0
 10
24930.65902353422
 20
736.0537657724876
 10
24722.59373845282
 20
736.0537657724876
 10
24759.97847515737
 20
652.0621638991861
 10
24930.65902353422
 20
652.0621638991843
  0
LWPOLYLINE
  5
CB7
330
1F
100
AcDbEntity
  8
SECONDARY AREA
100
AcDbPolyline
 90
        4
 70
     1
 43
0.0
 10
27930.65902353422
 20
736.0537657724876
 10
27722.59373845281
 20
736.0537657724876
 10
27759.97847515737
 20
652.0621638991861
 10
27930.65902353422
 20
652.0621638991843
  0
LWPOLYLINE
  5
CB8
330
1F
100
AcDbEntity
  8
SHEAR-WALL
100
AcDbPolyline
 90
        5
 70
     1
 43
0.0
 10
15489.09374867962
 20
1064.303765772502
 10
15091.76729963785
 20
1064.303765772503
 10
15091.76729963785
 20
1074.303765772503
 10
15546.1178494091
 20
1074.303765772503
 10
15546.1178494091
 20
1064.303765772502
  0
LWPOLYLINE
  5
CB9
330
1F
100
AcDbEntity
  8
SHEAR-WALL
100
AcDbPolyline
 90
        5
 70
     1
 43
0.0
 10
18489.09374867962
 20
1064.303765772502
 10
18091.76729963786
 20
1064.303765772503
 10
18091.76729963786
 20
1074.303765772503
 10
18546.1178494091
 20
1074.303765772503
 10
18546.1178494091
 20
1064.303765772502
  0
LWPOLYLINE
  5
CBA
330
1F
100
AcDbEntity
  8
SHEAR-WALL
100
AcDbPolyline
 90
        5
 70
     1
 43
0.0
 10
21489.09374867962
 20
1064.303765772502
 10
21091.76729963786
 20
1064.303765772503
 10
21091.76729963786
 20
1074.303765772503
 10
21546.1178494091
 20
1074.303765772503
 10
21546.1178494091
 20
1064.303765772502
  0
LWPOLYLINE
  5
CBB
330
1F
100
AcDbEntity
  8
SHEAR-WALL
100
AcDbPolyline
 90
        5
 70
     1
 43
0.0
 10
24489.09374867962
 20
1064.303765772502
 10
24091.76729963786
 20
1064.303765772503
 10
24091.76729963786
 20
1074.303765772503
 10
24546.1178494091
 20
1074.303765772503
 10
24546.1178494091
 20
1064.303765772502
  0
POINT
  5
CFC
330
1F
100
AcDbEntity
  8
DATUM
100
AcDbPoint
 10
36724.65902353422
 20
400.5621638991808
 30
0.0
  0
POINT
  5
D20
330
1F
100
AcDbEntity
  8
DATUM
100
AcDbPoint
 10
33724.65902353422
 20
400.5537657724862
 30
0.0
  0
POINT
  5
D44
330
1F
100
AcDbEntity
  8
DATUM
100
AcDbPoint
 10
30724.65902353422
 20
400.5537657724862
 30
0.0
  0
POINT
  5
D45
330
1F
100
AcDbEntity
  8
DATUM
100
AcDbPoint
 10
27724.65902353422
 20
400.5537657724862
 30
0.0
  0
POINT
  5
D46
330
1F
100
AcDbEntity
  8
DATUM
100
AcDbPoint
 10
24724.65902353422
 20
400.5537657724862
 30
0.0
  0
POINT
  5
D47
330
1F
100
AcDbEntity
  8
DATUM
100
AcDbPoint
 10
21724.65902353422
 20
400.5537657724862
 30
0.0
  0
POINT
  5
D48
330
1F
100
AcDbEntity
  8
DATUM
100
AcDbPoint
 10
18724.65902353422
 20
400.5537657724862
 30
0.0
  0
POINT
  5
D49
330
1F
100
AcDbEntity
  8
DATUM
100
AcDbPoint
 10
15724.65902353422
 20
400.5537657724862
 30
0.0
  0
POINT
  5
D4A
330
1F
100
AcDbEntity
  8
DATUM
100
AcDbPoint
 10
12724.65902353422
 20
400.5537657724862
 30
0.0
  0
POINT
  5
D4B
330
1F
100
AcDbEntity
  8
DATUM
100
AcDbPoint
 10
9724.65902353422
 20
400.5537657724862
 30
0.0
  0
POINT
  5
D4C
330
1F
100
AcDbEntity
  8
DATUM
100
AcDbPoint
 10
6724.659023534219
 20
400.5537657724862
 30
0.0
  0
LWPOLYLINE
  5
D77
330
1F
100
AcDbEntity
  8
SHEAR-WALL
100
AcDbPolyline
 90
        8
 70
     1
 43
0.0
 10
39712.65902353422
 20
400.5621638991808
 10
39712.65902353422
 20
499.0705620258771
 10
39940.65902353422
 20
499.0705620258771
 10
39940.65902353422
 20
400.5621638991808
 10
39928.65902353422
 20
400.5621638991808
 10
39928.65902353422
 20
487.0705620258773
 10
39724.65902353422
 20
487.0705620258773
 10
39724.65902353422
 20
400.5621638991808
  0
LWPOLYLINE
  5
D78
330
1F
100
AcDbEntity
  8
SECONDARY AREA
100
AcDbPolyline
 90
        6
 70
     1
 43
0.0
 10
39710.53402353423
 20
501.1787657724863
 10
40114.78402353422
 20
501.1787657724863
 10
40114.78402353422
 20
224.0537657724876
 10
39997.28402353422
 20
224.0537657724876
 10
39997.28402353422
 20
329.928765772484
 10
39710.53402353423
 20
329.9287657724863
  0
TEXT
  5
D79
330
1F
100
AcDbEntity
  8
FLOOR LABELS
100
AcDbText
 10
39820.14877363482
 20
-594.3434570021326
 30
0.0
 40
120.0
  1
EMR1
  7
Calibri_B_1
100
AcDbText
1001
REVIT
1002
{
1070
     1
1000
23877729
1002
}
1002
{
1070
     5
1000
4957678
1002
}
1002
{
1070
     2
1000
-2000150
1002
}
  0
POINT
  5
D7A
330
1F
100
AcDbEntity
  8
DATUM
100
AcDbPoint
 10
39724.65902353422
 20
400.5621638991808
 30
0.0
  0
LWPOLYLINE
  5
D7B
330
1F
100
AcDbEntity
  8
SHEAR-WALL
100
AcDbPolyline
 90
        8
 70
     1
 43
0.0
 10
42712.65902353421
 20
400.5621638991808
 10
42712.65902353421
 20
499.0705620258771
 10
42940.65902353422
 20
499.0705620258771
 10
42940.65902353422
 20
400.5621638991808
 10
42928.65902353422
 20
400.5621638991808
 10
42928.65902353422
 20
487.0705620258773
 10
42724.65902353421
 20
487.0705620258773
 10
42724.65902353421
 20
400.5621638991808
  0
LWPOLYLINE
  5
D7C
330
1F
100
AcDbEntity
  8
SECONDARY AREA
100
AcDbPolyline
 90
        6
 70
     1
 43
0.0
 10
42710.53402353422
 20
501.1787657724863
 10
43114.78402353423
 20
501.1787657724863
 10
43114.78402353422
 20
364.1113121738744
 10
42928.65902353422
 20
364.1113121738744
 10
42928.65902353422
 20
400.5621638991808
 10
42710.53402353422
 20
400.5621638991808
  0
TEXT
  5
D7D
330
1F
100
AcDbEntity
  8
FLOOR LABELS
100
AcDbText
 10
42820.14877363482
 20
-594.3434570021326
 30
0.0
 40
120.0
  1
EMR2
  7
Calibri_B_1
100
AcDbText
1001
REVIT
1002
{
1070
     1
1000
23877729
1002
}
1002
{
1070
     5
1000
4957678
1002
}
1002
{
1070
     2
1000
-2000150
1002
}
  0
POINT
  5
D7E
330
1F
100
AcDbEntity
  8
DATUM
100
AcDbPoint
 10
42724.65902353421
 20
400.5621638991808
 30
0.0
  0
ENDSEC
  0
SECTION
  2
OBJECTS
  0
DICTIONARY
  5
C
330
0
100
AcDbDictionary
281
     1
  3
ACAD_BACKGROUND
350
8CB
  3
ACAD_CIP_PREVIOUS_PRODUCT_INFO
350
1A5
  3
ACAD_COLOR
350
73
  3
ACAD_DETAILVIEWSTYLE
350
1AB
  3
ACAD_GROUP
350
D
  3
ACAD_LAST_SAVED_VERSION_INFO
350
8D1
  3
ACAD_LAYOUT
350
1A
  3
ACAD_MATERIAL
350
72
  3
ACAD_MLEADERSTYLE
350
D7
  3
ACAD_MLINESTYLE
350
17
  3
ACAD_PLOTSETTINGS
350
19
  3
ACAD_PLOTSTYLENAME
350
E
  3
ACAD_SCALELIST
350
B6
  3
ACAD_SECTIONVIEWSTYLE
350
1A8
  3
ACAD_TABLESTYLE
350
86
  3
ACAD_VISUALSTYLE
350
99
  3
ACDB_RECOMPOSE_DATA
350
DDF
  3
ACDBVARIABLEDICTIONARY
350
D21
  3
AcDsDecomposeData
350
DE5
  3
AEC_PROPERTY_SET_DEFS
350
26E
  0
DICTIONARY
  5
18E
330
2
100
AcDbDictionary
280
     1
281
     1
  3
ACAD_LAYERSTATES
360
18F
  0
DICTIONARY
  5
E6
330
10
100
AcDbDictionary
280
     1
281
     1
  0
DICTIONARY
  5
15D
330
1F
100
AcDbDictionary
280
     1
281
     1
  3
ACAD_SORTENTS
360
991
  0
DICTIONARY
  5
8CB
102
{ACAD_REACTORS
330
C
102
}
330
C
100
AcDbDictionary
281
     1
  0
XRECORD
  5
1A5
102
{ACAD_REACTORS
330
C
102
}
330
C
100
AcDbXrecord
280
     1
300
ARCHDESK
300
2024
300

  0
DICTIONARY
  5
73
102
{ACAD_REACTORS
330
C
102
}
330
C
100
AcDbDictionary
281
     1
  0
DICTIONARY
  5
1AB
102
{ACAD_REACTORS
330
C
102
}
330
C
100
AcDbDictionary
281
     1
  3
Imperial24
350
1AC
  0
DICTIONARY
  5
D
102
{ACAD_REACTORS
330
C
102
}
330
C
100
AcDbDictionary
281
     1
  0
XRECORD
  5
8D1
102
{ACAD_REACTORS
330
C
102
}
330
C
100
AcDbXrecord
280
     1
300
{7378395C-2F3F-7B41-882D-7D6E3E9D6EB0}
301
{3A8FAC76-996D-B149-BDB9-1F528EADEF8C}
302
{7378395C-2F3F-7B41-882D-7D6E3E9D6EB0}
303
\\data\data\PROJECTS\S.E.T\1025 ATLANTIC AVENUE, BROOKLYN NY\CALCULATIONS & ANALYSIS\COLUMN LOAD TAKEDOWN\GEOM\2026-06-18 GEOM.dxf
  0
DICTIONARY
  5
1A
102
{ACAD_REACTORS
330
C
102
}
330
C
100
AcDbDictionary
281
     1
  3
Layout1
350
59
  3
Layout2
350
5E
  3
Model
350
22
  0
DICTIONARY
  5
72
102
{ACAD_REACTORS
330
C
102
}
330
C
100
AcDbDictionary
281
     1
  3
ByBlock
350
97
  3
ByLayer
350
96
  3
Global
350
98
  0
DICTIONARY
  5
D7
102
{ACAD_REACTORS
330
C
102
}
330
C
100
AcDbDictionary
281
     1
  3
Annotative
350
E5
  3
Standard
350
D8
  0
DICTIONARY
  5
17
102
{ACAD_REACTORS
330
C
102
}
330
C
100
AcDbDictionary
281
     1
  3
Standard
350
18
  0
DICTIONARY
  5
19
102
{ACAD_REACTORS
330
C
102
}
330
C
100
AcDbDictionary
281
     1
  0
ACDBDICTIONARYWDFLT
  5
E
102
{ACAD_REACTORS
330
C
102
}
330
C
100
AcDbDictionary
281
     1
  3
Normal
350
F
100
AcDbDictionaryWithDefault
340
F
  0
DICTIONARY
  5
B6
102
{ACAD_REACTORS
330
C
102
}
330
C
100
AcDbDictionary
281
     1
  3
A0
350
B7
  3
A1
350
124
  3
A2
350
125
  3
A3
350
126
  3
A4
350
127
  3
A5
350
128
  3
A6
350
129
  3
A7
350
12A
  3
A8
350
12B
  3
A9
350
12C
  3
B0
350
12D
  3
B1
350
12E
  3
B2
350
12F
  3
B3
350
130
  3
B4
350
131
  3
B5
350
132
  3
B6
350
133
  3
B7
350
134
  3
B8
350
135
  3
B9
350
136
  3
C0
350
137
  3
C1
350
138
  3
C2
350
139
  3
C3
350
13A
  3
C4
350
13B
  3
C5
350
13C
  3
C6
350
13D
  3
C7
350
13E
  3
C8
350
13F
  3
C9
350
140
  3
D0
350
141
  3
D1
350
142
  3
D2
350
143
  0
DICTIONARY
  5
1A8
102
{ACAD_REACTORS
330
C
102
}
330
C
100
AcDbDictionary
281
     1
  3
Imperial24
350
1AA
  0
DICTIONARY
  5
86
102
{ACAD_REACTORS
330
C
102
}
330
C
100
AcDbDictionary
281
     1
  3
Standard
350
87
  0
DICTIONARY
  5
99
102
{ACAD_REACTORS
330
C
102
}
330
C
100
AcDbDictionary
281
     1
  3
2dWireframe
350
9F
  3
Basic
350
9E
  3
Brighten
350
A5
  3
ColorChange
350
A9
  3
Conceptual
350
A2
  3
Dim
350
A4
  3
EdgeColorOff
350
175
  3
Facepattern
350
A8
  3
Flat
350
9A
  3
FlatWithEdges
350
9B
  3
Gouraud
350
9C
  3
GouraudWithEdges
350
9D
  3
Hidden
350
A1
  3
JitterOff
350
173
  3
Linepattern
350
A7
  3
OverhangOff
350
174
  3
Realistic
350
A3
  3
Shaded
350
182
  3
Shaded with edges
350
181
  3
Shades of Gray
350
17E
  3
Sketchy
350
17F
  3
Thicken
350
A6
  3
Wireframe
350
A0
  3
X-Ray
350
180
  0
XRECORD
  5
DDF
102
{ACAD_REACTORS
330
C
102
}
330
C
100
AcDbXrecord
280
     1
 90
        1
330
87
  0
DICTIONARY
  5
D21
102
{ACAD_REACTORS
330
C
102
}
330
C
100
AcDbDictionary
281
     2
  3
#COMPAREDIFFTOTAL
350
D22
  3
#REVCLOUDAPPROXARCLEN
350
D23
  3
ANNOALLVISIBLE
350
D24
  3
CANNOSCALE
350
D25
  3
CMLEADERSTYLE
350
D26
  3
CTABLESTYLE
350
D27
  3
CVIEWDETAILSTYLE
350
D28
  3
CVIEWSECTIONSTYLE
350
D29
  3
DIMADEC
350
D2A
  3
DIMASSOC
350
D2B
  3
DIMLAYER
350
D2C
  3
EXPORTPAPERSPACE
350
D2D
  3
FIELDEVAL
350
D2E
  3
HPCOLOR
350
D2F
  3
HPINHERIT
350
D30
  3
HPLAYER
350
D31
  3
HPTRANSPARENCY
350
D32
  3
INDEXCTL
350
D33
  3
LAYEREVAL
350
D34
  3
LAYERNOTIFY
350
D35
  3
LIGHTINGUNITS
350
D36
  3
MLEADERSCALE
350
D37
  3
MSLTSCALE
350
D38
  3
OLEFRAME
350
D39
  3
PDFFRAME
350
D3A
  3
SOLIDHIST
350
D3B
  3
SORTENTS
350
D3C
  0
DICTIONARY
  5
DE5
102
{ACAD_REACTORS
330
C
102
}
330
C
100
AcDbDictionary
281
     1
  3
AcDsRecords
350
DE7
  3
AcDsSchemas
350
DE6
1001
ACAD
1070
     2
  0
DICTIONARY
  5
26E
102
{ACAD_REACTORS
330
C
102
}
330
C
100
AcDbDictionary
281
     1
  0
DICTIONARY
  5
18F
102
{ACAD_REACTORS
330
18E
102
}
330
18E
100
AcDbDictionary
281
     1
  0
SORTENTSTABLE
  5
991
102
{ACAD_REACTORS
330
15D
102
}
330
15D
100
AcDbSortentsTable
330
1F
331
279
  5
286
331
27E
  5
2F1
331
27F
  5
548
331
280
  5
549
331
281
  5
54A
331
283
  5
54B
331
284
  5
54C
331
286
  5
54E
331
288
  5
54F
331
2E6
  5
550
331
2E7
  5
551
331
2E8
  5
552
331
2EB
  5
553
331
2F1
  5
557
331
549
  5
559
331
54A
  5
55A
331
54B
  5
55B
331
54C
  5
55C
331
54D
  5
55D
331
54E
  5
55E
331
54F
  5
55F
331
551
  5
561
331
552
  5
562
331
553
  5
563
331
554
  5
564
331
555
  5
565
331
556
  5
566
331
557
  5
567
331
558
  5
568
331
559
  5
569
331
55A
  5
56A
331
55B
  5
56B
331
55C
  5
56C
331
55D
  5
56D
331
55E
  5
56E
331
575
  5
588
331
576
  5
589
331
577
  5
58A
331
579
  5
59E
331
57D
  5
5A0
331
57E
  5
5A1
331
57F
  5
5A2
331
580
  5
5A3
331
581
  5
5A4
331
582
  5
5A5
331
583
  5
5A6
331
584
  5
5A7
331
585
  5
5A8
331
586
  5
5A9
331
587
  5
5AA
331
588
  5
5AB
331
589
  5
5AC
331
58A
  5
5AD
331
59E
  5
5AE
331
59F
  5
5AF
331
5A0
  5
5B0
331
5A1
  5
5B1
331
5A3
  5
5B3
331
5A4
  5
5B4
331
5A5
  5
5B5
331
5A6
  5
5B6
331
5A7
  5
5B7
331
5A8
  5
5B8
331
5A9
  5
5B9
331
5AA
  5
5BA
331
5AB
  5
5BB
331
5AC
  5
5BC
331
5AD
  5
5BD
331
5AE
  5
5BE
331
5AF
  5
5BF
331
5B0
  5
5C0
331
5B1
  5
5C1
331
5B2
  5
5C2
331
5B3
  5
5C3
331
5B4
  5
5C4
331
5B6
  5
5C6
331
5B7
  5
5C7
331
5B8
  5
5C8
331
5B9
  5
5C9
331
5BA
  5
5CA
331
5BB
  5
5CB
331
5BC
  5
5CC
331
5BD
  5
5CD
331
5BE
  5
5CE
331
5BF
  5
5CF
331
5C0
  5
5D0
331
5C1
  5
5D1
331
5C2
  5
5D2
331
5C3
  5
5D3
331
5C4
  5
5D4
331
5C5
  5
5D5
331
5C6
  5
5D6
331
5C7
  5
5D7
331
5C8
  5
5D8
331
5C9
  5
5D9
331
5CA
  5
5DB
331
5CC
  5
5DE
331
5CD
  5
5DF
331
5CE
  5
5E1
331
5CF
  5
5E2
331
5D0
  5
5E4
331
5D1
  5
5E6
331
5D2
  5
5E7
331
5D3
  5
5E8
331
5D4
  5
5E9
331
5D5
  5
5EA
331
5D6
  5
5EB
331
5D7
  5
5EC
331
5D8
  5
5ED
331
5D9
  5
5EE
331
5ED
  5
5FD
331
5EE
  5
5FE
331
5F0
  5
600
331
5F1
  5
601
331
5F2
  5
602
331
5F3
  5
603
331
5F4
  5
604
331
5F5
  5
605
331
5F6
  5
606
331
5F7
  5
607
331
5F8
  5
608
331
5F9
  5
6CF
331
5FA
  5
6D0
331
5FB
  5
6D1
331
5FC
  5
6D2
331
5FE
  5
6D4
331
5FF
  5
6D5
331
600
  5
6D6
331
601
  5
6D7
331
602
  5
6D8
331
603
  5
6D9
331
604
  5
6DA
331
605
  5
6DB
331
606
  5
6DC
331
607
  5
6DD
331
608
  5
6DE
331
6CF
  5
6DF
331
6D0
  5
6E0
331
6D1
  5
6E1
331
6D2
  5
6E2
331
6D3
  5
6E3
331
6D4
  5
6E4
331
6D5
  5
6E5
331
6D6
  5
6E6
331
6D7
  5
6E7
331
6D8
  5
6E8
331
6D9
  5
6E9
331
6DA
  5
6EA
331
6DB
  5
6EB
331
6DC
  5
6EC
331
6DD
  5
6ED
331
6DF
  5
6EF
331
6E0
  5
6F0
331
6E1
  5
6F1
331
6E2
  5
6F2
331
6E3
  5
6F3
331
6E4
  5
6F4
331
6FB
  5
70E
331
6FC
  5
70F
331
6FD
  5
710
331
6FE
  5
724
331
6FF
  5
725
331
700
  5
726
331
701
  5
727
331
702
  5
728
331
703
  5
729
331
704
  5
72A
331
705
  5
72B
331
706
  5
72C
331
707
  5
72D
331
709
  5
72E
331
70D
  5
730
331
70E
  5
731
331
70F
  5
732
331
710
  5
733
331
724
  5
734
331
725
  5
735
331
726
  5
736
331
727
  5
737
331
728
  5
738
331
729
  5
739
331
72A
  5
73A
331
72B
  5
73B
331
72C
  5
73C
331
72D
  5
73D
331
72E
  5
73E
331
72F
  5
73F
331
730
  5
740
331
731
  5
741
331
733
  5
743
331
734
  5
744
331
735
  5
745
331
736
  5
746
331
737
  5
747
331
738
  5
748
331
739
  5
749
331
73A
  5
74A
331
73B
  5
74B
331
73C
  5
74C
331
73D
  5
74D
331
73E
  5
74E
331
73F
  5
74F
331
740
  5
750
331
741
  5
751
331
742
  5
752
331
743
  5
753
331
744
  5
754
331
746
  5
756
331
747
  5
757
331
748
  5
758
331
749
  5
759
331
74A
  5
75A
331
74B
  5
75B
331
74C
  5
75C
331
74D
  5
75D
331
74E
  5
75E
331
74F
  5
75F
331
750
  5
761
331
751
  5
762
331
752
  5
763
331
753
  5
764
331
754
  5
765
331
755
  5
766
331
756
  5
76A
331
757
  5
76B
331
758
  5
76C
331
75A
  5
76E
331
75B
  5
76F
331
75C
  5
771
331
75D
  5
772
331
75E
  5
773
331
75F
  5
774
331
773
  5
783
331
774
  5
784
331
775
  5
785
331
776
  5
786
331
777
  5
787
331
778
  5
788
331
779
  5
789
331
77A
  5
78A
331
77B
  5
78B
331
77D
  5
78D
331
77E
  5
78E
331
77F
  5
7A4
331
780
  5
7A5
331
781
  5
7A7
331
782
  5
7A8
331
783
  5
7A9
331
784
  5
7AA
331
785
  5
7AB
331
786
  5
7AC
331
787
  5
7AD
331
788
  5
7AE
331
789
  5
7B0
331
78B
  5
7B2
331
78C
  5
7B3
331
78D
  5
7B4
331
78E
  5
7B5
331
7A4
  5
7B6
331
7A7
  5
7B8
331
7A8
  5
7B9
331
7A9
  5
7BA
331
7AA
  5
7BB
331
7AB
  5
7BC
331
7AC
  5
7BD
331
7AD
  5
7BE
331
7AE
  5
7BF
331
7B0
  5
7C0
331
7B1
  5
7C1
331
7B2
  5
7C2
331
7B3
  5
7C3
331
7B5
  5
7C5
331
7B6
  5
7C6
331
7B7
  5
7C7
331
7B8
  5
7C8
331
7B9
  5
7C9
331
7BA
  5
7CA
331
7BB
  5
7CB
331
7BC
  5
7CC
331
7BD
  5
7CD
331
7BE
  5
7CF
331
7BF
  5
7D0
331
7C0
  5
7D1
331
7C1
  5
7D2
331
7C3
  5
7D4
331
7C4
  5
7D8
331
7C5
  5
7D9
331
7C6
  5
7DA
331
7C7
  5
7DB
331
7C8
  5
7DC
331
7C9
  5
7DD
331
7CA
  5
7DF
331
7CB
  5
7E0
331
7DF
  5
7EF
331
7E0
  5
7F0
331
7E1
  5
7F1
331
7E2
  5
7F2
331
7E3
  5
7F3
331
7E4
  5
7F4
331
7E6
  5
7F6
331
7E7
  5
7F7
331
7E8
  5
7F8
331
7E9
  5
7F9
331
7EA
  5
7FA
331
7EB
  5
7FB
331
7EC
  5
7FC
331
7ED
  5
7FD
331
7EE
  5
7FE
331
7EF
  5
7FF
331
7F0
  5
800
331
7F1
  5
801
331
7F2
  5
802
331
7F3
  5
803
331
7F4
  5
804
331
7F5
  5
805
331
7F6
  5
806
331
7F7
  5
807
331
7F8
  5
808
331
7FA
  5
80A
331
7FB
  5
80B
331
7FC
  5
80C
331
7FD
  5
80D
331
7FE
  5
80E
331
7FF
  5
80F
331
800
  5
810
331
801
  5
811
331
802
  5
812
331
803
  5
813
331
804
  5
814
331
805
  5
815
331
806
  5
816
331
807
  5
817
331
808
  5
818
331
809
  5
819
331
80A
  5
81A
331
80B
  5
82E
331
80D
  5
830
331
80E
  5
831
331
80F
  5
834
331
810
  5
835
331
811
  5
837
331
812
  5
838
331
813
  5
839
331
814
  5
83A
331
815
  5
83B
331
816
  5
83C
331
817
  5
83D
331
818
  5
83E
331
819
  5
83F
331
81A
  5
840
331
82E
  5
841
331
82F
  5
842
331
830
  5
843
331
831
  5
844
331
835
  5
846
331
837
  5
847
331
838
  5
848
331
839
  5
849
331
83A
  5
84A
331
83B
  5
84B
331
83C
  5
84C
331
83D
  5
84D
331
83E
  5
84E
331
83F
  5
84F
331
840
  5
850
331
841
  5
851
331
842
  5
852
331
843
  5
853
331
85A
  5
86A
331
85B
  5
86B
331
85C
  5
86C
331
85D
  5
86D
331
85E
  5
86E
331
85F
  5
86F
331
861
  5
887
331
862
  5
888
331
863
  5
889
331
864
  5
88A
331
865
  5
88B
331
866
  5
88C
331
867
  5
88D
331
868
  5
88E
331
869
  5
88F
331
86A
  5
890
331
86B
  5
891
331
86C
  5
892
331
86D
  5
893
331
86E
  5
894
331
86F
  5
895
331
885
  5
898
331
8A3
  5
8BB
331
8BB
  5
956
331
8C7
  5
95B
331
8C8
  5
95C
331
8C9
  5
95D
331
8CA
  5
95E
331
8CD
  5
95F
331
8CE
  5
960
331
8D0
  5
963
331
999
  5
285
331
99B
  5
2E6
331
99D
  5
2E8
331
9A0
  5
2ED
331
9A1
  5
2EE
331
9A5
  5
962
  0
ACDBDETAILVIEWSTYLE
  5
1AC
102
{ACAD_XDICTIONARY
360
DEA
102
}
102
{ACAD_REACTORS
330
1AB
102
}
330
1AB
100
AcDbModelDocViewStyle
 70
     0
  3
Imperial24
290
     0
100
AcDbDetailViewStyle
 70
     0
 71
     0
 90
        3
 71
     1
340
11
 62
   256
 40
0.24
340
0
 62
   256
 40
0.24
300

 40
0.36
280
     3
 71
     2
340
16
 90
       25
 62
   256
 71
     3
340
11
 62
   256
 40
0.24
 90
        1
 40
0.75
 90
        1
300
%<\AcVar ViewType \f "%tc1">% %<\AcVar ViewDetailId>%\PSCALE %<\AcVar ViewScale \f "%sn">%
 71
     4
340
16
 90
       25
 62
   256
340
16
 90
       25
 62
   256
280
     0
  0
LAYOUT
  5
59
102
{ACAD_REACTORS
330
1A
102
}
330
1A
100
AcDbPlotSettings
  1

  2
None
  4

  6

 40
0.0
 41
0.0
 42
0.0
 43
0.0
 44
0.0
 45
0.0
 46
0.0
 47
0.0
 48
0.0
 49
0.0
140
0.0
141
0.0
142
1.0
143
1.0
 70
   688
 72
     0
 73
     0
 74
     5
  7

 75
    16
147
1.0
 76
     0
 77
     2
 78
   300
148
0.0
149
0.0
100
AcDbLayout
  1
Layout1
 70
     1
 71
     1
 10
0.0
 20
0.0
 11
12.0
 21
9.0
 12
0.0
 22
0.0
 32
0.0
 14
0.0
 24
0.0
 34
0.0
 15
0.0
 25
0.0
 35
0.0
146
0.0
 13
0.0
 23
0.0
 33
0.0
 16
1.0
 26
0.0
 36
0.0
 17
0.0
 27
1.0
 37
0.0
 76
     0
330
58
  0
LAYOUT
  5
5E
102
{ACAD_REACTORS
330
1A
102
}
330
1A
100
AcDbPlotSettings
  1

  2
None
  4

  6

 40
0.0
 41
0.0
 42
0.0
 43
0.0
 44
0.0
 45
0.0
 46
0.0
 47
0.0
 48
0.0
 49
0.0
140
0.0
141
0.0
142
1.0
143
1.0
 70
   688
 72
     0
 73
     0
 74
     5
  7

 75
    16
147
1.0
 76
     0
 77
     2
 78
   300
148
0.0
149
0.0
100
AcDbLayout
  1
Layout2
 70
     1
 71
     2
 10
0.0
 20
0.0
 11
12.0
 21
9.0
 12
0.0
 22
0.0
 32
0.0
 14
0.0
 24
0.0
 34
0.0
 15
0.0
 25
0.0
 35
0.0
146
0.0
 13
0.0
 23
0.0
 33
0.0
 16
1.0
 26
0.0
 36
0.0
 17
0.0
 27
1.0
 37
0.0
 76
     0
330
5D
  0
LAYOUT
  5
22
102
{ACAD_XDICTIONARY
360
194
102
}
102
{ACAD_REACTORS
330
1A
102
}
330
1A
100
AcDbPlotSettings
  1

  2
none_device
  4
ANSI_A_(8.50_x_11.00_Inches)
  6

 40
6.349999904632567
 41
19.04999923706055
 42
6.350006103515625
 43
19.04998779296875
 44
215.8999938964844
 45
279.3999938964844
 46
0.0
 47
0.0
 48
0.0
 49
0.0
140
0.0
141
0.0
142
1.0
143
2.584895464708373
 70
 11952
 72
     0
 73
     1
 74
     0
  7

 75
     0
147
0.3868628397755418
 76
     0
 77
     2
 78
   300
148
0.0
149
0.0
100
AcDbLayout
  1
Model
 70
     1
 71
     0
 10
0.0
 20
0.0
 11
12.0
 21
9.0
 12
0.0
 22
0.0
 32
0.0
 14
0.0
 24
0.0
 34
0.0
 15
0.0
 25
0.0
 35
0.0
146
0.0
 13
0.0
 23
0.0
 33
0.0
 16
1.0
 26
0.0
 36
0.0
 17
0.0
 27
1.0
 37
0.0
 76
     0
330
1F
331
94
  0
MATERIAL
  5
97
102
{ACAD_XDICTIONARY
360
188
102
}
102
{ACAD_REACTORS
330
72
102
}
330
72
100
AcDbMaterial
  1
ByBlock
 94
       63
  0
MATERIAL
  5
96
102
{ACAD_XDICTIONARY
360
186
102
}
102
{ACAD_REACTORS
330
72
102
}
330
72
100
AcDbMaterial
  1
ByLayer
 94
       63
  0
MATERIAL
  5
98
102
{ACAD_XDICTIONARY
360
110
102
}
102
{ACAD_REACTORS
330
72
102
}
330
72
100
AcDbMaterial
  1
Global
 43
0.0208000000566244
 43
0.0
 43
0.0
 43
0.0
 43
0.0
 43
0.0208000000566244
 43
0.0
 43
0.0
 43
0.0
 43
0.0
 43
1.0
 43
0.0
 43
0.0
 43
0.0
 43
0.0
 43
1.0
 49
0.0208000000566244
 49
0.0
 49
0.0
 49
0.0
 49
0.0
 49
0.0208000000566244
 49
0.0
 49
0.0
 49
0.0
 49
0.0
 49
1.0
 49
0.0
 49
0.0
 49
0.0
 49
0.0
 49
1.0
142
0.0208000000566244
142
0.0
142
0.0
142
0.0
142
0.0
142
0.0208000000566244
142
0.0
142
0.0
142
0.0
142
0.0
142
1.0
142
0.0
142
0.0
142
0.0
142
0.0
142
1.0
144
0.0208000000566244
144
0.0
144
0.0
144
0.0
144
0.0
144
0.0208000000566244
144
0.0
144
0.0
144
0.0
144
0.0
144
1.0
144
0.0
144
0.0
144
0.0
144
0.0
144
1.0
 94
       63
1001
ACAD
1070
    -1
1070
     3
1070
     0
1000

1071
        0
1070
     0
  0
MLEADERSTYLE
  5
E5
102
{ACAD_REACTORS
330
D7
102
}
330
D7
100
AcDbMLeaderStyle
179
     2
170
     2
171
     1
172
     0
 90
        2
 40
0.0
 41
0.0
173
     1
 91
-1056964608
340
14
 92
       -2
290
     1
 42
0.09
291
     1
 43
0.36
  3
Standard
 44
0.18
300

342
11
174
     1
178
     1
175
     1
176
     0
 93
-1056964608
 45
0.18
292
     0
297
     0
 46
0.18
 94
-1056964608
 47
1.0
 49
1.0
140
1.0
293
     1
141
0.0
294
     1
177
     0
142
1.0
295
     0
296
     1
143
0.125
271
     0
272
     9
273
     9
298
     0
1001
ACAD_MLEADERVER
1070
     2
  0
MLEADERSTYLE
  5
D8
102
{ACAD_REACTORS
330
D7
102
}
330
D7
100
AcDbMLeaderStyle
179
     2
170
     2
171
     1
172
     0
 90
        2
 40
0.0
 41
0.0
173
     1
 91
-1056964608
340
14
 92
       -2
290
     1
 42
0.09
291
     1
 43
0.36
  3
Standard
 44
0.18
300

342
11
174
     1
178
     1
175
     1
176
     0
 93
-1056964608
 45
0.18
292
     0
297
     0
 46
0.18
 94
-1056964608
 47
1.0
 49
1.0
140
1.0
293
     1
141
0.0
294
     1
177
     0
142
1.0
295
     0
296
     0
143
0.125
271
     0
272
     9
273
     9
298
     0
1001
ACAD_MLEADERVER
1070
     2
  0
MLINESTYLE
  5
18
102
{ACAD_REACTORS
330
17
102
}
330
17
100
AcDbMlineStyle
  2
STANDARD
 70
     0
  3

 62
   256
 51
90.0
 52
90.0
 71
     2
 49
0.5
 62
   256
  6
BYLAYER
 49
-0.5
 62
   256
  6
BYLAYER
  0
ACDBPLACEHOLDER
  5
F
102
{ACAD_REACTORS
330
E
102
}
330
E
  0
SCALE
  5
B7
102
{ACAD_REACTORS
330
B6
102
}
330
B6
100
AcDbScale
 70
     0
300
1:1
140
1.0
141
1.0
290
     1
  0
SCALE
  5
124
102
{ACAD_REACTORS
330
B6
102
}
330
B6
100
AcDbScale
 70
     0
300
1:2
140
1.0
141
2.0
290
     0
  0
SCALE
  5
125
102
{ACAD_REACTORS
330
B6
102
}
330
B6
100
AcDbScale
 70
     0
300
1:4
140
1.0
141
4.0
290
     0
  0
SCALE
  5
126
102
{ACAD_REACTORS
330
B6
102
}
330
B6
100
AcDbScale
 70
     0
300
1:5
140
1.0
141
5.0
290
     0
  0
SCALE
  5
127
102
{ACAD_REACTORS
330
B6
102
}
330
B6
100
AcDbScale
 70
     0
300
1:8
140
1.0
141
8.0
290
     0
  0
SCALE
  5
128
102
{ACAD_REACTORS
330
B6
102
}
330
B6
100
AcDbScale
 70
     0
300
1:10
140
1.0
141
10.0
290
     0
  0
SCALE
  5
129
102
{ACAD_REACTORS
330
B6
102
}
330
B6
100
AcDbScale
 70
     0
300
1:16
140
1.0
141
16.0
290
     0
  0
SCALE
  5
12A
102
{ACAD_REACTORS
330
B6
102
}
330
B6
100
AcDbScale
 70
     0
300
1:20
140
1.0
141
20.0
290
     0
  0
SCALE
  5
12B
102
{ACAD_REACTORS
330
B6
102
}
330
B6
100
AcDbScale
 70
     0
300
1:30
140
1.0
141
30.0
290
     0
  0
SCALE
  5
12C
102
{ACAD_REACTORS
330
B6
102
}
330
B6
100
AcDbScale
 70
     0
300
1:40
140
1.0
141
40.0
290
     0
  0
SCALE
  5
12D
102
{ACAD_REACTORS
330
B6
102
}
330
B6
100
AcDbScale
 70
     0
300
1:50
140
1.0
141
50.0
290
     0
  0
SCALE
  5
12E
102
{ACAD_REACTORS
330
B6
102
}
330
B6
100
AcDbScale
 70
     0
300
1:100
140
1.0
141
100.0
290
     0
  0
SCALE
  5
12F
102
{ACAD_REACTORS
330
B6
102
}
330
B6
100
AcDbScale
 70
     0
300
2:1
140
2.0
141
1.0
290
     0
  0
SCALE
  5
130
102
{ACAD_REACTORS
330
B6
102
}
330
B6
100
AcDbScale
 70
     0
300
4:1
140
4.0
141
1.0
290
     0
  0
SCALE
  5
131
102
{ACAD_REACTORS
330
B6
102
}
330
B6
100
AcDbScale
 70
     0
300
8:1
140
8.0
141
1.0
290
     0
  0
SCALE
  5
132
102
{ACAD_REACTORS
330
B6
102
}
330
B6
100
AcDbScale
 70
     0
300
10:1
140
10.0
141
1.0
290
     0
  0
SCALE
  5
133
102
{ACAD_REACTORS
330
B6
102
}
330
B6
100
AcDbScale
 70
     0
300
100:1
140
100.0
141
1.0
290
     0
  0
SCALE
  5
134
102
{ACAD_REACTORS
330
B6
102
}
330
B6
100
AcDbScale
 70
     0
300
1/128" = 1'-0"
140
0.0078125
141
12.0
290
     0
  0
SCALE
  5
135
102
{ACAD_REACTORS
330
B6
102
}
330
B6
100
AcDbScale
 70
     0
300
1/64" = 1'-0"
140
0.015625
141
12.0
290
     0
  0
SCALE
  5
136
102
{ACAD_REACTORS
330
B6
102
}
330
B6
100
AcDbScale
 70
     0
300
1/32" = 1'-0"
140
0.03125
141
12.0
290
     0
  0
SCALE
  5
137
102
{ACAD_REACTORS
330
B6
102
}
330
B6
100
AcDbScale
 70
     0
300
1/16" = 1'-0"
140
0.0625
141
12.0
290
     0
  0
SCALE
  5
138
102
{ACAD_REACTORS
330
B6
102
}
330
B6
100
AcDbScale
 70
     0
300
3/32" = 1'-0"
140
0.09375
141
12.0
290
     0
  0
SCALE
  5
139
102
{ACAD_REACTORS
330
B6
102
}
330
B6
100
AcDbScale
 70
     0
300
1/8" = 1'-0"
140
0.125
141
12.0
290
     0
  0
SCALE
  5
13A
102
{ACAD_REACTORS
330
B6
102
}
330
B6
100
AcDbScale
 70
     0
300
3/16" = 1'-0"
140
0.1875
141
12.0
290
     0
  0
SCALE
  5
13B
102
{ACAD_REACTORS
330
B6
102
}
330
B6
100
AcDbScale
 70
     0
300
1/4" = 1'-0"
140
0.25
141
12.0
290
     0
  0
SCALE
  5
13C
102
{ACAD_REACTORS
330
B6
102
}
330
B6
100
AcDbScale
 70
     0
300
3/8" = 1'-0"
140
0.375
141
12.0
290
     0
  0
SCALE
  5
13D
102
{ACAD_REACTORS
330
B6
102
}
330
B6
100
AcDbScale
 70
     0
300
1/2" = 1'-0"
140
0.5
141
12.0
290
     0
  0
SCALE
  5
13E
102
{ACAD_REACTORS
330
B6
102
}
330
B6
100
AcDbScale
 70
     0
300
3/4" = 1'-0"
140
0.75
141
12.0
290
     0
  0
SCALE
  5
13F
102
{ACAD_REACTORS
330
B6
102
}
330
B6
100
AcDbScale
 70
     0
300
1" = 1'-0"
140
1.0
141
12.0
290
     0
  0
SCALE
  5
140
102
{ACAD_REACTORS
330
B6
102
}
330
B6
100
AcDbScale
 70
     0
300
1-1/2" = 1'-0"
140
1.5
141
12.0
290
     0
  0
SCALE
  5
141
102
{ACAD_REACTORS
330
B6
102
}
330
B6
100
AcDbScale
 70
     0
300
3" = 1'-0"
140
3.0
141
12.0
290
     0
  0
SCALE
  5
142
102
{ACAD_REACTORS
330
B6
102
}
330
B6
100
AcDbScale
 70
     0
300
6" = 1'-0"
140
6.0
141
12.0
290
     0
  0
SCALE
  5
143
102
{ACAD_REACTORS
330
B6
102
}
330
B6
100
AcDbScale
 70
     0
300
1'-0" = 1'-0"
140
12.0
141
12.0
290
     0
  0
ACDBSECTIONVIEWSTYLE
  5
1AA
102
{ACAD_XDICTIONARY
360
DE8
102
}
102
{ACAD_REACTORS
330
1A8
102
}
330
1A8
100
AcDbModelDocViewStyle
 70
     0
  3
Imperial24
290
     0
100
AcDbSectionViewStyle
 70
     0
 71
     0
 90
       78
 71
     1
340
11
 62
   256
 40
0.24
340
0
340
0
 62
   256
 40
0.24
300
I, O, Q, S, X, Z
 40
0.48
 90
        3
 40
0.18
 90
        1
 71
     2
340
16
 90
       25
 62
   256
340
16
 90
       50
 62
   256
 40
0.24
 40
0.0
 40
0.24
 71
     3
340
11
 62
   256
 40
0.24
 90
        1
 40
0.75
 90
        1
300
%<\AcVar ViewType \f "%tc1">% %<\AcVar ViewSectionStartId>%-%<\AcVar ViewSectionEndId>%\PSCALE %<\AcVar ViewScale \f "%sn">%
 71
     4
 62
   256
 62
   257
300
ANSI31
 40
1.0
 90
        0
290
     0
290
     0
 90
        6
 40
0.0
 40
1.570796326794896
 40
0.2617993877991494
 40
1.308996938995747
 40
-0.2617993877991494
 40
1.832595714594044
  0
TABLESTYLE
  5
87
102
{ACAD_XDICTIONARY
360
104
102
}
102
{ACAD_REACTORS
330
86
102
}
330
86
100
AcDbTableStyle
280
     0
  3
Standard
 70
     0
 71
     0
 40
0.06
 41
0.06
280
     0
281
     0
  7
Standard
140
0.18
170
     2
 62
     0
 63
     7
283
     0
 90
      512
 91
        0
  1

274
    -2
284
     1
 64
     0
275
    -2
285
     1
 65
     0
276
    -2
286
     1
 66
     0
277
    -2
287
     1
 67
     0
278
    -2
288
     1
 68
     0
279
    -2
289
     1
 69
     0
  7
Standard
140
0.25
170
     5
 62
     0
 63
     7
283
     0
 90
      512
 91
        0
  1

274
    -2
284
     1
 64
     0
275
    -2
285
     1
 65
     0
276
    -2
286
     1
 66
     0
277
    -2
287
     1
 67
     0
278
    -2
288
     1
 68
     0
279
    -2
289
     1
 69
     0
  7
Standard
140
0.18
170
     5
 62
     0
 63
     7
283
     0
 90
      512
 91
        0
  1

274
    -2
284
     1
 64
     0
275
    -2
285
     1
 65
     0
276
    -2
286
     1
 66
     0
277
    -2
287
     1
 67
     0
278
    -2
288
     1
 68
     0
279
    -2
289
     1
 69
     0
  0
VISUALSTYLE
  5
9F
102
{ACAD_REACTORS
330
99
102
}
330
99
100
AcDbVisualStyle
  2

 70
     4
177
     3
291
     0
 70
    58
 90
        0
176
     1
 90
        2
176
     1
 90
        1
176
     1
 90
        0
176
     1
 40
0.6
176
     1
 40
30.0
176
     1
 62
     7
420
 16777215
176
     1
 90
        1
176
     1
 90
        4
176
     1
 62
     7
176
     1
 62
   257
176
     1
 90
        1
176
     1
 90
        1
176
     1
 40
1.0
176
     1
 90
        0
176
     1
 62
   257
176
     1
 40
1.0
176
     1
 90
        1
176
     1
 90
        6
176
     1
 90
        2
176
     1
 62
     7
176
     1
 90
        5
176
     1
 90
        0
176
     1
 90
        0
176
     1
290
     0
176
     1
 90
        1
176
     1
 40
0.0
176
     1
 90
        0
176
     1
290
     1
176
     1
290
     1
176
     1
290
     0
176
     1
290
     0
176
     1
290
     0
176
     1
290
     0
176
     1
290
     0
176
     1
290
     0
176
     1
290
     0
176
     1
 90
       50
176
     1
 40
0.0
176
     1
 40
1.0
176
     1
 90
        0
176
     1
 62
    18
420
        0
176
     1
 90
       50
176
     1
 90
        3
176
     1
 62
     5
420
      255
176
     1
290
     0
176
     1
 90
       50
176
     1
 90
       50
176
     1
 90
       50
176
     1
290
     0
176
     1
 90
       50
176
     1
 62
   256
176
     0
 40
1.0
176
     0
 90
        2
176
     1
  1
strokes_ogs.tif
176
     1
290
     0
176
     1
 40
1.0
176
     1
 40
1.0
176
     1
1001
ACAD
1000
AcDbSavedByObjectVersion
1070
     0
  0
VISUALSTYLE
  5
9E
102
{ACAD_REACTORS
330
99
102
}
330
99
100
AcDbVisualStyle
  2

 70
     7
177
     3
291
     1
 70
    58
 90
        1
176
     1
 90
        0
176
     1
 90
        1
176
     1
 90
        0
176
     1
 40
0.6
176
     1
 40
30.0
176
     1
 62
     7
420
 16777215
176
     1
 90
        0
176
     1
 90
        4
176
     1
 62
     7
176
     1
 62
   257
176
     1
 90
        1
176
     1
 90
        1
176
     1
 40
1.0
176
     1
 90
        8
176
     1
 62
     7
176
     1
 40
1.0
176
     1
 90
        1
176
     1
 90
        6
176
     1
 90
        2
176
     1
 62
     7
176
     1
 90
        5
176
     1
 90
        0
176
     1
 90
        0
176
     1
290
     0
176
     1
 90
        1
176
     1
 40
0.0
176
     1
 90
        0
176
     1
290
     0
176
     1
290
     1
176
     1
290
     1
176
     1
290
     0
176
     1
290
     0
176
     1
290
     0
176
     1
290
     0
176
     1
290
     0
176
     1
290
     0
176
     1
 90
       50
176
     1
 40
0.0
176
     1
 40
1.0
176
     1
 90
        0
176
     1
 62
    18
420
        0
176
     1
 90
       50
176
     1
 90
        3
176
     1
 62
     5
420
      255
176
     1
290
     0
176
     1
 90
       50
176
     1
 90
       50
176
     1
 90
       50
176
     1
290
     0
176
     1
 90
       50
176
     1
 62
   256
176
     0
 40
1.0
176
     0
 90
        2
176
     1
  1
strokes_ogs.tif
176
     1
290
     0
176
     1
 40
1.0
176
     1
 40
1.0
176
     1
1001
ACAD
1000
AcDbSavedByObjectVersion
1070
     0
  0
VISUALSTYLE
  5
A5
102
{ACAD_REACTORS
330
99
102
}
330
99
100
AcDbVisualStyle
  2

 70
    12
177
     3
291
     1
 70
    58
 90
        2
176
     1
 90
        2
176
     1
 90
        1
176
     1
 90
        0
176
     1
 40
0.6
176
     1
 40
30.0
176
     1
 62
     7
420
 16777215
176
     1
 90
        1
176
     1
 90
        4
176
     1
 62
     7
176
     1
 62
   257
176
     1
 90
        1
176
     1
 90
        1
176
     1
 40
1.0
176
     1
 90
        8
176
     1
 62
     7
176
     1
 40
1.0
176
     1
 90
        1
176
     1
 90
        6
176
     1
 90
        2
176
     1
 62
     7
176
     1
 90
        5
176
     1
 90
        0
176
     1
 90
        0
176
     1
290
     0
176
     1
 90
        1
176
     1
 40
50.0
176
     1
 90
        0
176
     1
290
     0
176
     1
290
     1
176
     1
290
     1
176
     1
290
     0
176
     1
290
     0
176
     1
290
     0
176
     1
290
     0
176
     1
290
     0
176
     1
290
     0
176
     1
 90
       50
176
     1
 40
0.0
176
     1
 40
1.0
176
     1
 90
        0
176
     1
 62
    18
420
        0
176
     1
 90
       50
176
     1
 90
        3
176
     1
 62
     5
420
      255
176
     1
290
     0
176
     1
 90
       50
176
     1
 90
       50
176
     1
 90
       50
176
     1
290
     0
176
     1
 90
       50
176
     1
 62
   256
176
     0
 40
1.0
176
     0
 90
        2
176
     1
  1
strokes_ogs.tif
176
     1
290
     0
176
     1
 40
1.0
176
     1
 40
1.0
176
     1
1001
ACAD
1000
AcDbSavedByObjectVersion
1070
     0
  0
VISUALSTYLE
  5
A9
102
{ACAD_REACTORS
330
99
102
}
330
99
100
AcDbVisualStyle
  2

 70
    16
177
     3
291
     1
 70
    58
 90
        2
176
     1
 90
        2
176
     1
 90
        3
176
     1
 90
        0
176
     1
 40
0.6
176
     1
 40
30.0
176
     1
 62
     8
420
  8421504
176
     1
 90
        1
176
     1
 90
        4
176
     1
 62
     7
176
     1
 62
   257
176
     1
 90
        1
176
     1
 90
        1
176
     1
 40
1.0
176
     1
 90
        8
176
     1
 62
     8
420
  8421504
176
     1
 40
1.0
176
     1
 90
        1
176
     1
 90
        6
176
     1
 90
        2
176
     1
 62
     7
176
     1
 90
        5
176
     1
 90
        0
176
     1
 90
        0
176
     1
290
     0
176
     1
 90
        1
176
     1
 40
0.0
176
     1
 90
        0
176
     1
290
     0
176
     1
290
     1
176
     1
290
     1
176
     1
290
     0
176
     1
290
     0
176
     1
290
     0
176
     1
290
     0
176
     1
290
     0
176
     1
290
     0
176
     1
 90
       50
176
     1
 40
0.0
176
     1
 40
1.0
176
     1
 90
        0
176
     1
 62
    18
420
        0
176
     1
 90
       50
176
     1
 90
        3
176
     1
 62
     5
420
      255
176
     1
290
     0
176
     1
 90
       50
176
     1
 90
       50
176
     1
 90
       50
176
     1
290
     0
176
     1
 90
       50
176
     1
 62
   256
176
     0
 40
1.0
176
     0
 90
        2
176
     1
  1
strokes_ogs.tif
176
     1
290
     0
176
     1
 40
1.0
176
     1
 40
1.0
176
     1
1001
ACAD
1000
AcDbSavedByObjectVersion
1070
     0
  0
VISUALSTYLE
  5
A2
102
{ACAD_REACTORS
330
99
102
}
330
99
100
AcDbVisualStyle
  2

 70
     9
177
     3
291
     0
 70
    58
 90
        3
176
     1
 90
        2
176
     1
 90
        1
176
     1
 90
        0
176
     1
 40
0.6
176
     1
 40
30.0
176
     1
 62
     7
420
 16777215
176
     1
 90
        2
176
     1
 90
        2
176
     1
 62
     7
176
     1
 62
   257
176
     1
 90
        1
176
     1
 90
        1
176
     1
 40
40.0
176
     1
 90
        8
176
     1
 62
     7
176
     1
 40
1.0
176
     1
 90
        1
176
     1
 90
        6
176
     1
 90
        2
176
     1
 62
     7
176
     1
 90
        3
176
     1
 90
        0
176
     1
 90
        0
176
     1
290
     0
176
     1
 90
        1
176
     1
 40
0.0
176
     1
 90
        0
176
     1
290
     0
176
     1
290
     1
176
     1
290
     1
176
     1
290
     0
176
     1
290
     0
176
     1
290
     0
176
     1
290
     0
176
     1
290
     0
176
     1
290
     0
176
     1
 90
       50
176
     1
 40
0.0
176
     1
 40
1.0
176
     1
 90
        0
176
     1
 62
    18
420
        0
176
     1
 90
       50
176
     1
 90
        3
176
     1
 62
     5
420
      255
176
     1
290
     0
176
     1
 90
       50
176
     1
 90
       50
176
     1
 90
       50
176
     1
290
     0
176
     1
 90
       50
176
     1
 62
   256
176
     0
 40
1.0
176
     0
 90
        2
176
     1
  1
strokes_ogs.tif
176
     1
290
     0
176
     1
 40
1.0
176
     1
 40
1.0
176
     1
1001
ACAD
1000
AcDbSavedByObjectVersion
1070
     0
  0
VISUALSTYLE
  5
A4
102
{ACAD_REACTORS
330
99
102
}
330
99
100
AcDbVisualStyle
  2

 70
    11
177
     3
291
     1
 70
    58
 90
        2
176
     1
 90
        2
176
     1
 90
        1
176
     1
 90
        0
176
     1
 40
0.6
176
     1
 40
30.0
176
     1
 62
     7
420
 16777215
176
     1
 90
        1
176
     1
 90
        4
176
     1
 62
     7
176
     1
 62
   257
176
     1
 90
        1
176
     1
 90
        1
176
     1
 40
1.0
176
     1
 90
        8
176
     1
 62
     7
176
     1
 40
1.0
176
     1
 90
        1
176
     1
 90
        6
176
     1
 90
        2
176
     1
 62
     7
176
     1
 90
        5
176
     1
 90
        0
176
     1
 90
        0
176
     1
290
     0
176
     1
 90
        1
176
     1
 40
-50.0
176
     1
 90
        0
176
     1
290
     0
176
     1
290
     1
176
     1
290
     1
176
     1
290
     0
176
     1
290
     0
176
     1
290
     0
176
     1
290
     0
176
     1
290
     0
176
     1
290
     0
176
     1
 90
       50
176
     1
 40
0.0
176
     1
 40
1.0
176
     1
 90
        0
176
     1
 62
    18
420
        0
176
     1
 90
       50
176
     1
 90
        3
176
     1
 62
     5
420
      255
176
     1
290
     0
176
     1
 90
       50
176
     1
 90
       50
176
     1
 90
       50
176
     1
290
     0
176
     1
 90
       50
176
     1
 62
   256
176
     0
 40
1.0
176
     0
 90
        2
176
     1
  1
strokes_ogs.tif
176
     1
290
     0
176
     1
 40
1.0
176
     1
 40
1.0
176
     1
1001
ACAD
1000
AcDbSavedByObjectVersion
1070
     0
  0
VISUALSTYLE
  5
175
102
{ACAD_REACTORS
330
99
102
}
330
99
100
AcDbVisualStyle
  2

 70
    22
177
     3
291
     1
 70
    58
 90
        2
176
     0
 90
        2
176
     0
 90
        0
176
     0
 90
        0
176
     0
 40
0.6
176
     0
 40
30.0
176
     0
 62
     7
420
 16777215
176
     0
 90
        1
176
     0
 90
        4
176
     0
 62
     7
176
     0
 62
   257
176
     0
 90
        1
176
     0
 90
        1
176
     0
 40
1.0
176
     0
 90
        8
176
     2
 62
     7
176
     0
 40
1.0
176
     0
 90
        1
176
     0
 90
        6
176
     0
 90
        2
176
     0
 62
     7
176
     0
 90
        5
176
     0
 90
        0
176
     0
 90
        0
176
     0
290
     0
176
     0
 90
        1
176
     0
 40
0.0
176
     0
 90
        0
176
     0
290
     0
176
     1
290
     1
176
     1
290
     1
176
     1
290
     0
176
     1
290
     0
176
     1
290
     0
176
     1
290
     0
176
     1
290
     0
176
     1
290
     0
176
     1
 90
       50
176
     1
 40
0.0
176
     1
 40
1.0
176
     1
 90
        0
176
     1
 62
    18
420
        0
176
     1
 90
       50
176
     1
 90
        3
176
     1
 62
     5
420
      255
176
     1
290
     0
176
     1
 90
       50
176
     1
 90
       50
176
     1
 90
       50
176
     1
290
     0
176
     1
 90
       50
176
     1
 62
   256
176
     0
 40
1.0
176
     0
 90
        2
176
     1
  1
strokes_ogs.tif
176
     1
290
     0
176
     1
 40
1.0
176
     1
 40
1.0
176
     1
1001
ACAD
1000
AcDbSavedByObjectVersion
1070
     0
  0
VISUALSTYLE
  5
A8
102
{ACAD_REACTORS
330
99
102
}
330
99
100
AcDbVisualStyle
  2

 70
    15
177
     3
291
     1
 70
    58
 90
        2
176
     1
 90
        2
176
     1
 90
        1
176
     1
 90
        0
176
     1
 40
0.6
176
     1
 40
30.0
176
     1
 62
     7
420
 16777215
176
     1
 90
        1
176
     1
 90
        4
176
     1
 62
     7
176
     1
 62
   257
176
     1
 90
        1
176
     1
 90
        1
176
     1
 40
1.0
176
     1
 90
        8
176
     1
 62
     7
176
     1
 40
1.0
176
     1
 90
        1
176
     1
 90
        6
176
     1
 90
        2
176
     1
 62
     7
176
     1
 90
        5
176
     1
 90
        0
176
     1
 90
        0
176
     1
290
     0
176
     1
 90
        1
176
     1
 40
0.0
176
     1
 90
        0
176
     1
290
     0
176
     1
290
     1
176
     1
290
     1
176
     1
290
     0
176
     1
290
     0
176
     1
290
     0
176
     1
290
     0
176
     1
290
     0
176
     1
290
     0
176
     1
 90
       50
176
     1
 40
0.0
176
     1
 40
1.0
176
     1
 90
        0
176
     1
 62
    18
420
        0
176
     1
 90
       50
176
     1
 90
        3
176
     1
 62
     5
420
      255
176
     1
290
     0
176
     1
 90
       50
176
     1
 90
       50
176
     1
 90
       50
176
     1
290
     0
176
     1
 90
       50
176
     1
 62
   256
176
     0
 40
1.0
176
     0
 90
        2
176
     1
  1
strokes_ogs.tif
176
     1
290
     0
176
     1
 40
1.0
176
     1
 40
1.0
176
     1
1001
ACAD
1000
AcDbSavedByObjectVersion
1070
     0
  0
VISUALSTYLE
  5
9A
102
{ACAD_REACTORS
330
99
102
}
330
99
100
AcDbVisualStyle
  2

 70
     0
177
     3
291
     1
 70
    58
 90
        2
176
     1
 90
        1
176
     1
 90
        1
176
     1
 90
        2
176
     1
 40
0.6
176
     1
 40
30.0
176
     1
 62
     7
420
 16777215
176
     1
 90
        0
176
     1
 90
        0
176
     1
 62
     7
176
     1
 62
   257
176
     1
 90
        1
176
     1
 90
        1
176
     1
 40
1.0
176
     1
 90
        8
176
     1
 62
     7
176
     1
 40
1.0
176
     1
 90
        1
176
     1
 90
        6
176
     1
 90
        2
176
     1
 62
     7
176
     1
 90
        5
176
     1
 90
        0
176
     1
 90
        0
176
     1
290
     0
176
     1
 90
       13
176
     1
 40
0.0
176
     1
 90
        0
176
     1
290
     0
176
     1
290
     1
176
     1
290
     1
176
     1
290
     0
176
     1
290
     0
176
     1
290
     0
176
     1
290
     0
176
     1
290
     0
176
     1
290
     0
176
     1
 90
       50
176
     1
 40
0.0
176
     1
 40
1.0
176
     1
 90
        0
176
     1
 62
    18
420
        0
176
     1
 90
       50
176
     1
 90
        3
176
     1
 62
     5
420
      255
176
     1
290
     0
176
     1
 90
       50
176
     1
 90
       50
176
     1
 90
       50
176
     1
290
     0
176
     1
 90
       50
176
     1
 62
   256
176
     0
 40
1.0
176
     0
 90
        2
176
     1
  1
strokes_ogs.tif
176
     1
290
     0
176
     1
 40
1.0
176
     1
 40
1.0
176
     1
1001
ACAD
1000
AcDbSavedByObjectVersion
1070
     0
  0
VISUALSTYLE
  5
9B
102
{ACAD_REACTORS
330
99
102
}
330
99
100
AcDbVisualStyle
  2

 70
     1
177
     3
291
     1
 70
    58
 90
        2
176
     1
 90
        1
176
     1
 90
        1
176
     1
 90
        2
176
     1
 40
0.6
176
     1
 40
30.0
176
     1
 62
     7
420
 16777215
176
     1
 90
        1
176
     1
 90
        0
176
     1
 62
     7
176
     1
 62
   257
176
     1
 90
        1
176
     1
 90
        1
176
     1
 40
1.0
176
     1
 90
        0
176
     1
 62
   257
176
     1
 40
1.0
176
     1
 90
        1
176
     1
 90
        6
176
     1
 90
        2
176
     1
 62
     7
176
     1
 90
        5
176
     1
 90
        0
176
     1
 90
        0
176
     1
290
     0
176
     1
 90
       13
176
     1
 40
0.0
176
     1
 90
        0
176
     1
290
     0
176
     1
290
     1
176
     1
290
     1
176
     1
290
     0
176
     1
290
     0
176
     1
290
     0
176
     1
290
     0
176
     1
290
     0
176
     1
290
     0
176
     1
 90
       50
176
     1
 40
0.0
176
     1
 40
1.0
176
     1
 90
        0
176
     1
 62
    18
420
        0
176
     1
 90
       50
176
     1
 90
        3
176
     1
 62
     5
420
      255
176
     1
290
     0
176
     1
 90
       50
176
     1
 90
       50
176
     1
 90
       50
176
     1
290
     0
176
     1
 90
       50
176
     1
 62
   256
176
     0
 40
1.0
176
     0
 90
        2
176
     1
  1
strokes_ogs.tif
176
     1
290
     0
176
     1
 40
1.0
176
     1
 40
1.0
176
     1
1001
ACAD
1000
AcDbSavedByObjectVersion
1070
     0
  0
VISUALSTYLE
  5
9C
102
{ACAD_REACTORS
330
99
102
}
330
99
100
AcDbVisualStyle
  2

 70
     2
177
     3
291
     1
 70
    58
 90
        2
176
     1
 90
        2
176
     1
 90
        1
176
     1
 90
        2
176
     1
 40
0.6
176
     1
 40
30.0
176
     1
 62
     7
420
 16777215
176
     1
 90
        0
176
     1
 90
        0
176
     1
 62
     7
176
     1
 62
   257
176
     1
 90
        1
176
     1
 90
        1
176
     1
 40
1.0
176
     1
 90
        0
176
     1
 62
     7
176
     1
 40
1.0
176
     1
 90
        1
176
     1
 90
        6
176
     1
 90
        2
176
     1
 62
     7
176
     1
 90
        5
176
     1
 90
        0
176
     1
 90
        0
176
     1
290
     0
176
     1
 90
       13
176
     1
 40
0.0
176
     1
 90
        0
176
     1
290
     0
176
     1
290
     1
176
     1
290
     1
176
     1
290
     0
176
     1
290
     0
176
     1
290
     0
176
     1
290
     0
176
     1
290
     0
176
     1
290
     0
176
     1
 90
       50
176
     1
 40
0.0
176
     1
 40
1.0
176
     1
 90
        0
176
     1
 62
    18
420
        0
176
     1
 90
       50
176
     1
 90
        3
176
     1
 62
     5
420
      255
176
     1
290
     0
176
     1
 90
       50
176
     1
 90
       50
176
     1
 90
       50
176
     1
290
     0
176
     1
 90
       50
176
     1
 62
   256
176
     0
 40
1.0
176
     0
 90
        2
176
     1
  1
strokes_ogs.tif
176
     1
290
     0
176
     1
 40
1.0
176
     1
 40
1.0
176
     1
1001
ACAD
1000
AcDbSavedByObjectVersion
1070
     0
  0
VISUALSTYLE
  5
9D
102
{ACAD_REACTORS
330
99
102
}
330
99
100
AcDbVisualStyle
  2

 70
     3
177
     3
291
     1
 70
    58
 90
        2
176
     1
 90
        2
176
     1
 90
        1
176
     1
 90
        2
176
     1
 40
0.6
176
     1
 40
30.0
176
     1
 62
     7
420
 16777215
176
     1
 90
        1
176
     1
 90
        0
176
     1
 62
     7
176
     1
 62
   257
176
     1
 90
        1
176
     1
 90
        1
176
     1
 40
1.0
176
     1
 90
        0
176
     1
 62
   257
176
     1
 40
1.0
176
     1
 90
        1
176
     1
 90
        6
176
     1
 90
        2
176
     1
 62
     7
176
     1
 90
        5
176
     1
 90
        0
176
     1
 90
        0
176
     1
290
     0
176
     1
 90
       13
176
     1
 40
0.0
176
     1
 90
        0
176
     1
290
     0
176
     1
290
     1
176
     1
290
     1
176
     1
290
     0
176
     1
290
     0
176
     1
290
     0
176
     1
290
     0
176
     1
290
     0
176
     1
290
     0
176
     1
 90
       50
176
     1
 40
0.0
176
     1
 40
1.0
176
     1
 90
        0
176
     1
 62
    18
420
        0
176
     1
 90
       50
176
     1
 90
        3
176
     1
 62
     5
420
      255
176
     1
290
     0
176
     1
 90
       50
176
     1
 90
       50
176
     1
 90
       50
176
     1
290
     0
176
     1
 90
       50
176
     1
 62
   256
176
     0
 40
1.0
176
     0
 90
        2
176
     1
  1
strokes_ogs.tif
176
     1
290
     0
176
     1
 40
1.0
176
     1
 40
1.0
176
     1
1001
ACAD
1000
AcDbSavedByObjectVersion
1070
     0
  0
VISUALSTYLE
  5
A1
102
{ACAD_REACTORS
330
99
102
}
330
99
100
AcDbVisualStyle
  2

 70
     6
177
     3
291
     0
 70
    58
 90
        1
176
     1
 90
        2
176
     1
 90
        2
176
     1
 90
        0
176
     1
 40
0.6
176
     1
 40
30.0
176
     1
 62
     7
420
 16777215
176
     1
 90
        2
176
     1
 90
        2
176
     1
 62
     7
176
     1
 62
   257
176
     1
 90
        2
176
     1
 90
        1
176
     1
 40
40.0
176
     1
 90
        0
176
     1
 62
   257
176
     1
 40
1.0
176
     1
 90
        1
176
     1
 90
        6
176
     1
 90
        2
176
     1
 62
     7
176
     1
 90
        3
176
     1
 90
        0
176
     1
 90
        0
176
     1
290
     0
176
     1
 90
        1
176
     1
 40
0.0
176
     1
 90
        0
176
     1
290
     0
176
     1
290
     1
176
     1
290
     1
176
     1
290
     0
176
     1
290
     0
176
     1
290
     0
176
     1
290
     0
176
     1
290
     0
176
     1
290
     0
176
     1
 90
       50
176
     1
 40
0.0
176
     1
 40
1.0
176
     1
 90
        0
176
     1
 62
    18
420
        0
176
     1
 90
       50
176
     1
 90
        3
176
     1
 62
     5
420
      255
176
     1
290
     0
176
     1
 90
       50
176
     1
 90
       50
176
     1
 90
       50
176
     1
290
     0
176
     1
 90
       50
176
     1
 62
   256
176
     0
 40
1.0
176
     0
 90
        2
176
     1
  1
strokes_ogs.tif
176
     1
290
     0
176
     1
 40
1.0
176
     1
 40
1.0
176
     1
1001
ACAD
1000
AcDbSavedByObjectVersion
1070
     0
  0
VISUALSTYLE
  5
173
102
{ACAD_REACTORS
330
99
102
}
330
99
100
AcDbVisualStyle
  2

 70
    20
177
     3
291
     1
 70
    58
 90
        2
176
     0
 90
        2
176
     0
 90
        0
176
     0
 90
        0
176
     0
 40
0.6
176
     0
 40
30.0
176
     0
 62
     7
420
 16777215
176
     0
 90
        1
176
     0
 90
        4
176
     0
 62
     7
176
     0
 62
   257
176
     0
 90
        1
176
     0
 90
        1
176
     0
 40
1.0
176
     0
 90
       10
176
     2
 62
     7
176
     0
 40
1.0
176
     0
 90
        1
176
     0
 90
        6
176
     0
 90
        2
176
     0
 62
     7
176
     0
 90
        5
176
     0
 90
        0
176
     0
 90
        0
176
     0
290
     0
176
     0
 90
        1
176
     0
 40
0.0
176
     0
 90
        0
176
     0
290
     0
176
     1
290
     1
176
     1
290
     1
176
     1
290
     0
176
     1
290
     0
176
     1
290
     0
176
     1
290
     0
176
     1
290
     0
176
     1
290
     0
176
     1
 90
       50
176
     1
 40
0.0
176
     1
 40
1.0
176
     1
 90
        0
176
     1
 62
    18
420
        0
176
     1
 90
       50
176
     1
 90
        3
176
     1
 62
     5
420
      255
176
     1
290
     0
176
     1
 90
       50
176
     1
 90
       50
176
     1
 90
       50
176
     1
290
     0
176
     1
 90
       50
176
     1
 62
   256
176
     0
 40
1.0
176
     0
 90
        2
176
     1
  1
strokes_ogs.tif
176
     1
290
     0
176
     1
 40
1.0
176
     1
 40
1.0
176
     1
1001
ACAD
1000
AcDbSavedByObjectVersion
1070
     0
  0
VISUALSTYLE
  5
A7
102
{ACAD_REACTORS
330
99
102
}
330
99
100
AcDbVisualStyle
  2

 70
    14
177
     3
291
     1
 70
    58
 90
        2
176
     1
 90
        2
176
     1
 90
        1
176
     1
 90
        0
176
     1
 40
0.6
176
     1
 40
30.0
176
     1
 62
     7
420
 16777215
176
     1
 90
        1
176
     1
 90
        4
176
     1
 62
     7
176
     1
 62
   257
176
     1
 90
        7
176
     1
 90
        7
176
     1
 40
1.0
176
     1
 90
        8
176
     1
 62
     7
176
     1
 40
1.0
176
     1
 90
        1
176
     1
 90
        6
176
     1
 90
        2
176
     1
 62
     7
176
     1
 90
        5
176
     1
 90
        0
176
     1
 90
        0
176
     1
290
     0
176
     1
 90
        1
176
     1
 40
0.0
176
     1
 90
        0
176
     1
290
     0
176
     1
290
     1
176
     1
290
     1
176
     1
290
     0
176
     1
290
     0
176
     1
290
     0
176
     1
290
     0
176
     1
290
     0
176
     1
290
     0
176
     1
 90
       50
176
     1
 40
0.0
176
     1
 40
1.0
176
     1
 90
        0
176
     1
 62
    18
420
        0
176
     1
 90
       50
176
     1
 90
        3
176
     1
 62
     5
420
      255
176
     1
290
     0
176
     1
 90
       50
176
     1
 90
       50
176
     1
 90
       50
176
     1
290
     0
176
     1
 90
       50
176
     1
 62
   256
176
     0
 40
1.0
176
     0
 90
        2
176
     1
  1
strokes_ogs.tif
176
     1
290
     0
176
     1
 40
1.0
176
     1
 40
1.0
176
     1
1001
ACAD
1000
AcDbSavedByObjectVersion
1070
     0
  0
VISUALSTYLE
  5
174
102
{ACAD_REACTORS
330
99
102
}
330
99
100
AcDbVisualStyle
  2

 70
    21
177
     3
291
     1
 70
    58
 90
        2
176
     0
 90
        2
176
     0
 90
        0
176
     0
 90
        0
176
     0
 40
0.6
176
     0
 40
30.0
176
     0
 62
     7
420
 16777215
176
     0
 90
        1
176
     0
 90
        4
176
     0
 62
     7
176
     0
 62
   257
176
     0
 90
        1
176
     0
 90
        1
176
     0
 40
1.0
176
     0
 90
        9
176
     2
 62
     7
176
     0
 40
1.0
176
     0
 90
        1
176
     0
 90
        6
176
     0
 90
        2
176
     0
 62
     7
176
     0
 90
        5
176
     0
 90
        0
176
     0
 90
        0
176
     0
290
     0
176
     0
 90
        1
176
     0
 40
0.0
176
     0
 90
        0
176
     0
290
     0
176
     1
290
     1
176
     1
290
     1
176
     1
290
     0
176
     1
290
     0
176
     1
290
     0
176
     1
290
     0
176
     1
290
     0
176
     1
290
     0
176
     1
 90
       50
176
     1
 40
0.0
176
     1
 40
1.0
176
     1
 90
        0
176
     1
 62
    18
420
        0
176
     1
 90
       50
176
     1
 90
        3
176
     1
 62
     5
420
      255
176
     1
290
     0
176
     1
 90
       50
176
     1
 90
       50
176
     1
 90
       50
176
     1
290
     0
176
     1
 90
       50
176
     1
 62
   256
176
     0
 40
1.0
176
     0
 90
        2
176
     1
  1
strokes_ogs.tif
176
     1
290
     0
176
     1
 40
1.0
176
     1
 40
1.0
176
     1
1001
ACAD
1000
AcDbSavedByObjectVersion
1070
     0
  0
VISUALSTYLE
  5
A3
102
{ACAD_REACTORS
330
99
102
}
330
99
100
AcDbVisualStyle
  2

 70
     8
177
     3
291
     0
 70
    58
 90
        2
176
     1
 90
        3
176
     1
 90
        0
176
     1
 90
        2
176
     1
 40
0.6
176
     1
 40
30.0
176
     1
 62
     7
420
 16777215
176
     1
 90
        0
176
     1
 90
        0
176
     1
 62
     7
176
     1
 62
   257
176
     1
 90
        1
176
     1
 90
        1
176
     1
 40
1.0
176
     1
 90
        8
176
     1
 62
   257
176
     1
 40
1.0
176
     1
 90
        1
176
     1
 90
        6
176
     1
 90
        2
176
     1
 62
     7
176
     1
 90
        3
176
     1
 90
        0
176
     1
 90
        0
176
     1
290
     0
176
     1
 90
       13
176
     1
 40
0.0
176
     1
 90
        0
176
     1
290
     0
176
     1
290
     1
176
     1
290
     1
176
     1
290
     0
176
     1
290
     0
176
     1
290
     0
176
     1
290
     0
176
     1
290
     0
176
     1
290
     0
176
     1
 90
       50
176
     1
 40
0.0
176
     1
 40
1.0
176
     1
 90
        0
176
     1
 62
    18
420
        0
176
     1
 90
       50
176
     1
 90
        3
176
     1
 62
     5
420
      255
176
     1
290
     0
176
     1
 90
       50
176
     1
 90
       50
176
     1
 90
       50
176
     1
290
     0
176
     1
 90
       50
176
     1
 62
   256
176
     0
 40
1.0
176
     0
 90
        2
176
     1
  1
strokes_ogs.tif
176
     1
290
     0
176
     1
 40
1.0
176
     1
 40
1.0
176
     1
1001
ACAD
1000
AcDbSavedByObjectVersion
1070
     0
  0
VISUALSTYLE
  5
182
102
{ACAD_REACTORS
330
99
102
}
330
99
100
AcDbVisualStyle
  2

 70
    27
177
     3
291
     0
 70
    58
 90
        2
176
     1
 90
        2
176
     1
 90
        1
176
     1
 90
        2
176
     1
 40
0.6
176
     1
 40
30.0
176
     1
 62
     7
420
 16777215
176
     1
 90
        0
176
     1
 90
        4
176
     1
 62
     7
176
     1
 62
   257
176
     1
 90
        1
176
     1
 90
        1
176
     1
 40
1.0
176
     1
 90
        8
176
     1
 62
   257
176
     1
 40
1.0
176
     1
 90
        1
176
     1
 90
        6
176
     1
 90
        2
176
     1
 62
     8
420
  7895160
176
     1
 90
        3
176
     1
 90
        0
176
     1
 90
        0
176
     1
290
     0
176
     1
 90
        5
176
     1
 40
0.0
176
     1
 90
        0
176
     1
290
     0
176
     1
290
     1
176
     1
290
     1
176
     1
290
     0
176
     1
290
     0
176
     1
290
     0
176
     1
290
     0
176
     1
290
     0
176
     1
290
     0
176
     1
 90
       50
176
     1
 40
0.0
176
     1
 40
1.0
176
     1
 90
        0
176
     1
 62
    18
420
        0
176
     1
 90
       50
176
     1
 90
        3
176
     1
 62
     5
420
      255
176
     1
290
     0
176
     1
 90
       50
176
     1
 90
       50
176
     1
 90
       50
176
     1
290
     0
176
     1
 90
       50
176
     1
 62
   256
176
     0
 40
1.0
176
     0
 90
        2
176
     1
  1
strokes_ogs.tif
176
     1
290
     0
176
     1
 40
1.0
176
     1
 40
1.0
176
     1
1001
ACAD
1000
AcDbSavedByObjectVersion
1070
     0
  0
VISUALSTYLE
  5
181
102
{ACAD_REACTORS
330
99
102
}
330
99
100
AcDbVisualStyle
  2

 70
    26
177
     3
291
     0
 70
    58
 90
        2
176
     1
 90
        2
176
     1
 90
        1
176
     1
 90
        2
176
     1
 40
0.6
176
     1
 40
30.0
176
     1
 62
     7
420
 16777215
176
     1
 90
        1
176
     1
 90
        2
176
     1
 62
     7
176
     1
 62
   257
176
     1
 90
        2
176
     1
 90
        1
176
     1
 40
1.0
176
     1
 90
        8
176
     1
 62
   257
176
     1
 40
1.0
176
     1
 90
        1
176
     1
 90
        6
176
     1
 90
        2
176
     1
 62
     7
176
     1
 90
        3
176
     1
 90
        0
176
     1
 90
        0
176
     1
290
     0
176
     1
 90
        5
176
     1
 40
0.0
176
     1
 90
        0
176
     1
290
     0
176
     1
290
     1
176
     1
290
     1
176
     1
290
     0
176
     1
290
     0
176
     1
290
     0
176
     1
290
     0
176
     1
290
     0
176
     1
290
     0
176
     1
 90
       50
176
     1
 40
0.0
176
     1
 40
1.0
176
     1
 90
        0
176
     1
 62
    18
420
        0
176
     1
 90
       50
176
     1
 90
        3
176
     1
 62
     5
420
      255
176
     1
290
     0
176
     1
 90
       50
176
     1
 90
       50
176
     1
 90
       50
176
     1
290
     0
176
     1
 90
       50
176
     1
 62
   256
176
     0
 40
1.0
176
     0
 90
        2
176
     1
  1
strokes_ogs.tif
176
     1
290
     0
176
     1
 40
1.0
176
     1
 40
1.0
176
     1
1001
ACAD
1000
AcDbSavedByObjectVersion
1070
     0
  0
VISUALSTYLE
  5
17E
102
{ACAD_REACTORS
330
99
102
}
330
99
100
AcDbVisualStyle
  2

 70
    23
177
     3
291
     0
 70
    58
 90
        2
176
     1
 90
        2
176
     1
 90
        3
176
     1
 90
        0
176
     1
 40
0.6
176
     1
 40
30.0
176
     1
 62
     7
420
 16777215
176
     1
 90
        2
176
     1
 90
        2
176
     1
 62
     7
176
     1
 62
     7
176
     1
 90
        1
176
     1
 90
        1
176
     1
 40
40.0
176
     1
 90
        8
176
     1
 62
     7
176
     1
 40
1.0
176
     1
 90
        1
176
     1
 90
        6
176
     1
 90
        2
176
     1
 62
     7
176
     1
 90
        3
176
     1
 90
        0
176
     1
 90
        0
176
     1
290
     0
176
     1
 90
        1
176
     1
 40
0.0
176
     1
 90
        0
176
     1
290
     0
176
     1
290
     1
176
     1
290
     1
176
     1
290
     0
176
     1
290
     0
176
     1
290
     0
176
     1
290
     0
176
     1
290
     0
176
     1
290
     0
176
     1
 90
       50
176
     1
 40
0.0
176
     1
 40
1.0
176
     1
 90
        0
176
     1
 62
    18
420
        0
176
     1
 90
       50
176
     1
 90
        3
176
     1
 62
     5
420
      255
176
     1
290
     0
176
     1
 90
       50
176
     1
 90
       50
176
     1
 90
       50
176
     1
290
     0
176
     1
 90
       50
176
     1
 62
   256
176
     0
 40
1.0
176
     0
 90
        2
176
     1
  1
strokes_ogs.tif
176
     1
290
     0
176
     1
 40
1.0
176
     1
 40
1.0
176
     1
1001
ACAD
1000
AcDbSavedByObjectVersion
1070
     0
  0
VISUALSTYLE
  5
17F
102
{ACAD_REACTORS
330
99
102
}
330
99
100
AcDbVisualStyle
  2

 70
    24
177
     3
291
     0
 70
    58
 90
        1
176
     1
 90
        2
176
     1
 90
        2
176
     1
 90
        0
176
     1
 40
0.6
176
     1
 40
30.0
176
     1
 62
     7
420
 16777215
176
     1
 90
        2
176
     1
 90
        2
176
     1
 62
     7
176
     1
 62
     7
176
     1
 90
        1
176
     1
 90
        1
176
     1
 40
40.0
176
     1
 90
       11
176
     1
 62
     7
176
     1
 40
1.0
176
     1
 90
        1
176
     1
 90
        6
176
     1
 90
        2
176
     1
 62
     7
176
     1
 90
        6
176
     1
 90
        0
176
     1
 90
        0
176
     1
290
     0
176
     1
 90
        1
176
     1
 40
0.0
176
     1
 90
        0
176
     1
290
     0
176
     1
290
     1
176
     1
290
     1
176
     1
290
     0
176
     1
290
     0
176
     1
290
     0
176
     1
290
     0
176
     1
290
     0
176
     1
290
     0
176
     1
 90
       50
176
     1
 40
0.0
176
     1
 40
1.0
176
     1
 90
        0
176
     1
 62
    18
420
        0
176
     1
 90
       50
176
     1
 90
        3
176
     1
 62
     5
420
      255
176
     1
290
     0
176
     1
 90
       50
176
     1
 90
       50
176
     1
 90
       50
176
     1
290
     0
176
     1
 90
       50
176
     1
 62
   256
176
     0
 40
1.0
176
     0
 90
        2
176
     1
  1
strokes_ogs.tif
176
     1
290
     0
176
     1
 40
1.0
176
     1
 40
1.0
176
     1
1001
ACAD
1000
AcDbSavedByObjectVersion
1070
     0
  0
VISUALSTYLE
  5
A6
102
{ACAD_REACTORS
330
99
102
}
330
99
100
AcDbVisualStyle
  2

 70
    13
177
     3
291
     1
 70
    58
 90
        2
176
     1
 90
        2
176
     1
 90
        1
176
     1
 90
        0
176
     1
 40
0.6
176
     1
 40
30.0
176
     1
 62
     7
420
 16777215
176
     1
 90
        1
176
     1
 90
        4
176
     1
 62
     7
176
     1
 62
   257
176
     1
 90
        1
176
     1
 90
        1
176
     1
 40
1.0
176
     1
 90
       12
176
     1
 62
     7
176
     1
 40
1.0
176
     1
 90
        1
176
     1
 90
        6
176
     1
 90
        2
176
     1
 62
     7
176
     1
 90
        5
176
     1
 90
        0
176
     1
 90
        0
176
     1
290
     0
176
     1
 90
        1
176
     1
 40
0.0
176
     1
 90
        0
176
     1
290
     0
176
     1
290
     1
176
     1
290
     1
176
     1
290
     0
176
     1
290
     0
176
     1
290
     0
176
     1
290
     0
176
     1
290
     0
176
     1
290
     0
176
     1
 90
       50
176
     1
 40
0.0
176
     1
 40
1.0
176
     1
 90
        0
176
     1
 62
    18
420
        0
176
     1
 90
       50
176
     1
 90
        3
176
     1
 62
     5
420
      255
176
     1
290
     0
176
     1
 90
       50
176
     1
 90
       50
176
     1
 90
       50
176
     1
290
     0
176
     1
 90
       50
176
     1
 62
   256
176
     0
 40
1.0
176
     0
 90
        2
176
     1
  1
strokes_ogs.tif
176
     1
290
     0
176
     1
 40
1.0
176
     1
 40
1.0
176
     1
1001
ACAD
1000
AcDbSavedByObjectVersion
1070
     0
  0
VISUALSTYLE
  5
A0
102
{ACAD_REACTORS
330
99
102
}
330
99
100
AcDbVisualStyle
  2

 70
     5
177
     3
291
     0
 70
    58
 90
        0
176
     1
 90
        2
176
     1
 90
        0
176
     1
 90
        0
176
     1
 40
0.6
176
     1
 40
30.0
176
     1
 62
     7
420
 16777215
176
     1
 90
        1
176
     1
 90
        4
176
     1
 62
     7
176
     1
 62
   257
176
     1
 90
        1
176
     1
 90
        1
176
     1
 40
1.0
176
     1
 90
        0
176
     1
 62
   257
176
     1
 40
1.0
176
     1
 90
        1
176
     1
 90
        6
176
     1
 90
        2
176
     1
 62
     7
176
     1
 90
        3
176
     1
 90
        0
176
     1
 90
        0
176
     1
290
     0
176
     1
 90
        1
176
     1
 40
0.0
176
     1
 90
        0
176
     1
290
     0
176
     1
290
     1
176
     1
290
     1
176
     1
290
     0
176
     1
290
     0
176
     1
290
     0
176
     1
290
     0
176
     1
290
     0
176
     1
290
     0
176
     1
 90
       50
176
     1
 40
0.0
176
     1
 40
1.0
176
     1
 90
        0
176
     1
 62
    18
420
        0
176
     1
 90
       50
176
     1
 90
        3
176
     1
 62
     5
420
      255
176
     1
290
     0
176
     1
 90
       50
176
     1
 90
       50
176
     1
 90
       50
176
     1
290
     0
176
     1
 90
       50
176
     1
 62
   256
176
     0
 40
1.0
176
     0
 90
        2
176
     1
  1
strokes_ogs.tif
176
     1
290
     0
176
     1
 40
1.0
176
     1
 40
1.0
176
     1
1001
ACAD
1000
AcDbSavedByObjectVersion
1070
     0
  0
VISUALSTYLE
  5
180
102
{ACAD_REACTORS
330
99
102
}
330
99
100
AcDbVisualStyle
  2

 70
    25
177
     3
291
     0
 70
    58
 90
        2
176
     1
 90
        2
176
     1
 90
        1
176
     1
 90
        1
176
     1
 40
0.5
176
     1
 40
30.0
176
     1
 62
     7
420
 16777215
176
     1
 90
        1
176
     1
 90
        0
176
     1
 62
     7
176
     1
 62
   257
176
     1
 90
        1
176
     1
 90
        1
176
     1
 40
1.0
176
     1
 90
        8
176
     1
 62
     7
176
     1
 40
1.0
176
     1
 90
        1
176
     1
 90
        6
176
     1
 90
        2
176
     1
 62
     7
176
     1
 90
        3
176
     1
 90
        0
176
     1
 90
        0
176
     1
290
     0
176
     1
 90
       13
176
     1
 40
0.0
176
     1
 90
        0
176
     1
290
     0
176
     1
290
     1
176
     1
290
     1
176
     1
290
     0
176
     1
290
     0
176
     1
290
     0
176
     1
290
     0
176
     1
290
     0
176
     1
290
     0
176
     1
 90
       50
176
     1
 40
0.0
176
     1
 40
1.0
176
     1
 90
        0
176
     1
 62
    18
420
        0
176
     1
 90
       50
176
     1
 90
        3
176
     1
 62
     5
420
      255
176
     1
290
     0
176
     1
 90
       50
176
     1
 90
       50
176
     1
 90
       50
176
     1
290
     0
176
     1
 90
       50
176
     1
 62
   256
176
     0
 40
1.0
176
     0
 90
        2
176
     1
  1
strokes_ogs.tif
176
     1
290
     0
176
     1
 40
1.0
176
     1
 40
1.0
176
     1
1001
ACAD
1000
AcDbSavedByObjectVersion
1070
     0
  0
DICTIONARYVAR
  5
D22
102
{ACAD_REACTORS
330
D21
102
}
330
D21
100
DictionaryVariables
280
     0
  1
5
  0
DICTIONARYVAR
  5
D23
102
{ACAD_REACTORS
330
D21
102
}
330
D21
100
DictionaryVariables
280
     0
  1
30.000000
  0
DICTIONARYVAR
  5
D24
102
{ACAD_REACTORS
330
D21
102
}
330
D21
100
DictionaryVariables
280
     0
  1
1
  0
DICTIONARYVAR
  5
D25
102
{ACAD_REACTORS
330
D21
102
}
330
D21
100
DictionaryVariables
280
     0
  1
1:1
  0
DICTIONARYVAR
  5
D26
102
{ACAD_REACTORS
330
D21
102
}
330
D21
100
DictionaryVariables
280
     0
  1
STANDARD
  0
DICTIONARYVAR
  5
D27
102
{ACAD_REACTORS
330
D21
102
}
330
D21
100
DictionaryVariables
280
     0
  1
STANDARD
  0
DICTIONARYVAR
  5
D28
102
{ACAD_REACTORS
330
D21
102
}
330
D21
100
DictionaryVariables
280
     0
  1
Imperial24
  0
DICTIONARYVAR
  5
D29
102
{ACAD_REACTORS
330
D21
102
}
330
D21
100
DictionaryVariables
280
     0
  1
Imperial24
  0
DICTIONARYVAR
  5
D2A
102
{ACAD_REACTORS
330
D21
102
}
330
D21
100
DictionaryVariables
280
     0
  1
0
  0
DICTIONARYVAR
  5
D2B
102
{ACAD_REACTORS
330
D21
102
}
330
D21
100
DictionaryVariables
280
     0
  1
2
  0
DICTIONARYVAR
  5
D2C
102
{ACAD_REACTORS
330
D21
102
}
330
D21
100
DictionaryVariables
280
     0
  1
S01_Dimensions
  0
DICTIONARYVAR
  5
D2D
102
{ACAD_REACTORS
330
D21
102
}
330
D21
100
DictionaryVariables
280
     0
  1
1
  0
DICTIONARYVAR
  5
D2E
102
{ACAD_REACTORS
330
D21
102
}
330
D21
100
DictionaryVariables
280
     0
  1
31
  0
DICTIONARYVAR
  5
D2F
102
{ACAD_REACTORS
330
D21
102
}
330
D21
100
DictionaryVariables
280
     0
  1
BYLAYER
  0
DICTIONARYVAR
  5
D30
102
{ACAD_REACTORS
330
D21
102
}
330
D21
100
DictionaryVariables
280
     0
  1
0
  0
DICTIONARYVAR
  5
D31
102
{ACAD_REACTORS
330
D21
102
}
330
D21
100
DictionaryVariables
280
     0
  1
SET_GENERAL_HATCH_LIGHT
  0
DICTIONARYVAR
  5
D32
102
{ACAD_REACTORS
330
D21
102
}
330
D21
100
DictionaryVariables
280
     0
  1
ByLayer
  0
DICTIONARYVAR
  5
D33
102
{ACAD_REACTORS
330
D21
102
}
330
D21
100
DictionaryVariables
280
     0
  1
0
  0
DICTIONARYVAR
  5
D34
102
{ACAD_REACTORS
330
D21
102
}
330
D21
100
DictionaryVariables
280
     0
  1
0
  0
DICTIONARYVAR
  5
D35
102
{ACAD_REACTORS
330
D21
102
}
330
D21
100
DictionaryVariables
280
     0
  1
0
  0
DICTIONARYVAR
  5
D36
102
{ACAD_REACTORS
330
D21
102
}
330
D21
100
DictionaryVariables
280
     0
  1
2
  0
DICTIONARYVAR
  5
D37
102
{ACAD_REACTORS
330
D21
102
}
330
D21
100
DictionaryVariables
280
     0
  1
1.000000
  0
DICTIONARYVAR
  5
D38
102
{ACAD_REACTORS
330
D21
102
}
330
D21
100
DictionaryVariables
280
     0
  1
1
  0
DICTIONARYVAR
  5
D39
102
{ACAD_REACTORS
330
D21
102
}
330
D21
100
DictionaryVariables
280
     0
  1
2
  0
DICTIONARYVAR
  5
D3A
102
{ACAD_REACTORS
330
D21
102
}
330
D21
100
DictionaryVariables
280
     0
  1
1
  0
DICTIONARYVAR
  5
D3B
102
{ACAD_REACTORS
330
D21
102
}
330
D21
100
DictionaryVariables
280
     0
  1
1
  0
DICTIONARYVAR
  5
D3C
102
{ACAD_REACTORS
330
D21
102
}
330
D21
100
DictionaryVariables
280
     0
  1
127
  0
DICTIONARY
  5
DE7
102
{ACAD_REACTORS
330
DE5
102
}
330
DE5
100
AcDbDictionary
281
     1
  0
DICTIONARY
  5
DE6
102
{ACAD_REACTORS
330
DE5
102
}
330
DE5
100
AcDbDictionary
281
     1
  3
1433911066240
350
DE0
  3
1433911066256
350
DE1
  3
1433911066272
350
DE2
  3
1433911066288
350
DE3
  3
1433911066304
350
DE4
  0
DICTIONARY
  5
DEA
330
1AC
100
AcDbDictionary
280
     1
281
     1
  3
ACAD_XREC_ROUNDTRIP
360
DEB
  0
DICTIONARY
  5
194
330
22
100
AcDbDictionary
280
     1
281
     1
  0
DICTIONARY
  5
188
330
97
100
AcDbDictionary
280
     1
281
     1
  3
FBXASSET
360
189
  0
DICTIONARY
  5
186
330
96
100
AcDbDictionary
280
     1
281
     1
  3
FBXASSET
360
187
  0
DICTIONARY
  5
110
330
98
100
AcDbDictionary
280
     1
281
     1
  3
BUMPTILE
360
112
  3
DIFFUSETILE
360
111
  3
FBXASSET
360
18A
  3
OPACITYTILE
360
113
  3
REFLECTIONTILE
360
114
  0
DICTIONARY
  5
DE8
330
1AA
100
AcDbDictionary
280
     1
281
     1
  3
ACAD_XREC_ROUNDTRIP
360
DE9
  0
DICTIONARY
  5
104
330
87
100
AcDbDictionary
280
     1
281
     1
  3
ACAD_ROUNDTRIP_2008_TABLESTYLE_CELLSTYLEMAP
360
DDE
  0
XRECORD
  5
DE0
102
{ACAD_REACTORS
330
DE6
102
}
330
DE6
100
AcDbXrecord
280
     1
  1
AcDb_Thumbnail_Schema
102
{ATTRRECORD
341
DE1
  2
AcDbDs::TreatedAsObjectData
280
     1
291
     1
102
ATTRRECORD}
102
{ATTRRECORD
341
DE2
  2
AcDbDs::Legacy
280
     1
291
     1
102
ATTRRECORD}
  2
AcDbDs::ID
280
    10
 91
        8
102
{ATTRRECORD
341
DE3
  2
AcDs:Indexable
280
     1
291
     1
102
ATTRRECORD}
102
{ATTRRECORD
341
DE4
  2
AcDbDs::HandleAttribute
280
     7
282
     1
102
ATTRRECORD}
  2
Thumbnail_Data
280
    15
 91
        0
  0
XRECORD
  5
DE1
102
{ACAD_REACTORS
330
DE6
102
}
330
DE6
100
AcDbXrecord
280
     1
  1
AcDbDs::TreatedAsObjectDataSchema
  2
AcDbDs::TreatedAsObjectData
280
     1
 91
        0
  0
XRECORD
  5
DE2
102
{ACAD_REACTORS
330
DE6
102
}
330
DE6
100
AcDbXrecord
280
     1
  1
AcDbDs::LegacySchema
  2
AcDbDs::Legacy
280
     1
 91
        0
  0
XRECORD
  5
DE3
102
{ACAD_REACTORS
330
DE6
102
}
330
DE6
100
AcDbXrecord
280
     1
  1
AcDbDs::IndexedPropertySchema
  2
AcDs:Indexable
280
     1
 91
        0
  0
XRECORD
  5
DE4
102
{ACAD_REACTORS
330
DE6
102
}
330
DE6
100
AcDbXrecord
280
     1
  1
AcDbDs::HandleAttributeSchema
  2
AcDbDs::HandleAttribute
280
     7
 91
        1
284
     1
  0
XRECORD
  5
DEB
102
{ACAD_REACTORS
330
DEA
102
}
330
DEA
100
AcDbXrecord
280
     1
102
DISPLAYNAME
  1
Imperial24
102
FLAGS
 90
        0
  0
XRECORD
  5
189
102
{ACAD_REACTORS
330
188
102
}
330
188
100
AcDbXrecord
280
     1
 70
     1
 90
429727718
  1
508B35C9-AEE7-456F-BE74-D52651303AC6
310
504B03040A0000080000B670623B3DEE336E79000000790000001B0000006175746F6465736B2D64657369676E2D7061636B6167652E786D6C3C3F786D6C2076657273696F6E3D22312E302220656E636F64696E673D227574662D3822203F3E3C666F726D6174733E3C666F726D61743E687474703A2F2F736368656D612E
310
6175746F6465736B2E636F6D2F64657369676E2D7061636B6167652F323030393C2F666F726D61743E3C2F666F726D6174733E504B0304140006080800B670623BD486FD9CA0000000F4000000130000005B436F6E74656E745F54797065735D2E786D6C7D8EC10E82300C865F65E91D8A1E8C310C0EEA1BF002731658846E
310
D98AC1B77784ABF1D8FE5FBFBF75BBCE937A534CCEB38643598122B6FEE978D0B0485F9C41B54DDD7D022595594E1A469170414C76A4D9A4D207E29CF43ECE46F218070CC6BECC4078ACAA135ACF422C856C0E68EA1BF5669944DDD7BCDE7B1F8E415D77AECB980613C2E4AC91FC167A2B244592486606FC29C8FD7F045B9A
310
EF7053A7E60B504B0304140006080800B670623B28ED286BEB0000007C01000008000000636F72652E786D6C8D90416EC3201045AF82665B6183218D6D61A254764FD00B204C5C94182C03558F5F9C3852BBEB6A467FFE9B197D71FA9E6FE8CBACC17AD7012D0820E3B41FAD9B3A48F1826B40272956EFE32F1B20A766D3C1
310
268314D3EAD3B24BDABB685CCCAAF3A3D94515828980F42D371D04FD696655A814B3235C8B45E9AB9A4C419F5D8653B2237A1CB163DE672FD6AC209BF3C08E0D1B30EB19C3FC9D72FCC6EB231EFA33EDE96BDD341517E5064B11EDFCBCAF57A3A2194156843498524CAA0FCA5B7268F9E185D42D21A2DCEC7FA0B48CFF8492
310
759155FBBB0F2C80A4F991FB408A72CB22977B50B96EB9C91F504B0304140006080800B670623B55019EA25F0000007C00000007000000636E782E786D6C4DCB3B0E80201045D1AD90E915ED2CF8AC45050C11660C8261F98AB1B07AC9C97D42D718D865D3E909258CFD00CCE24AC6E326A164D74DC0B4128928FF32603847
310
2BA13128B1252AC747C6BAB984FC68F0B87FE8960A5C09FE86CFB69FBA01504B0304140006080800B670623B7BC41AC871010000D40300000C0000006662782F636F72652E786D6CC553ED6E8320147D15C2DF4501B56B6D90A64BBB27D80B50A5CE54C120983EFEAE1F4DD7A56BBA5FF3879273EEE59E7310BE393735EA95
310
ED2AA333CC428A91D2B9292A5D66D8BB63B0C26823B835C67D2BC348CB46657880B1E0A535BE9DA1DC68A7B403549B42CDA0EC3AE530CA6B5864B8CB3F552343E91D5474A7B095F949962A6421D0502778E72C0840D390E18DC5F170E664C205F7BE2A66B62A605A75AC94C522DDEEE3651AEF837817C741F2CE92E02D592D
310
83FD6ECB76EC7595A651C2C9D02CB8AB9A8BBADC2AE954814544691A3016D0E883256BBA58278B17BA5A53CAC9507ED3E4DBE2C9265F691747B3DCA9ADC382819091F8E1162272A8933DE82182932144F88C09DF060D8140C84E1EEA8B8F1340BDCA9DB1093085F157AA97B557309586747CD0EF0B4EA64E983A6E0EAEEFCE
310
889E9EF17847386AA94B30211D2C0FDE0D3AF9A4610EAD5536E8DD1969631B593F67E381C33F5157F17725E5A636F6BF1491F980C8FC7B90E13E8A2F504B0304140006080800B670623B70102A487D0000009D0000000B0000006662782F636E782E786D6C4DCCD10A83201886E15B91FFDC95A5C30335ACCDFB886521330D
310
A76397BF1A1DECE883878F57749FD5A3B74D2F17830472A901D9F088930B8B849267CC01754AA418F3DF0D5018572BE160506249B16C274D761E8BCFBB7A179E27F65CB39A0F14D396184C9921B81F34C3ACA1B4B99ABB6E6F062A25AA5F69DF23ACBE504B0304140006080800B670623B3610CA3329010000120200003100
310
00006662782F42384135303843342D343331462D343546312D424341352D3532343432364645413344462F636F72652E786D6C8D515B6EC32010BC0AE22B55850D0E446E848992B43E412FE000495162B07854397EA176A4F62F3F2C9A9D991D58BEBB8F37F0AD7D30CE76905418026DA553C65E3A98E219B510EC04F7CEC5
310
3F3408EC30EA0E16180A7EF12E4D0B249D8DDAC68C5AA7F4020E21E80881BCE54B0783FCD2E3500D296646B856D320AFC34557A4CAEDCC133C449F0380794839A138B47B86DB2345744D7A44594FD0E1B867883594369BFE63BF7EEF793D0B054FC9A8456E548E63CE46FB674D8A58F068C6477CE9F510B582A2C1F80D1182
310
70F349E816B32D65AFB8DD62CCEB42FF274A937A52948C8DEB66893BCB021484D7734370E5D2E9F608A3EF93F3119479ABA0E50B14B8C298119A43CCC4FCFCECB8A18B6388CEE7EF5D5D4F994BD86CBBA182D76543B9FCAE2FD7B24DF103504B0304140006080800B670623B1B8617914E0100003303000030000000666278
310
2F42384135303843342D343331462D343546312D424341352D3532343432364645413344462F636E782E786D6CD593C16EC32010447F0571AD6CE3D489D20813A9877E410FBD62D82434182CC055F3F75D1292E692438FBD206B7698593D61BEFD1E2DF982108D773D6D6B460938E5B571FB9ECE6957AD29D90A1EBC4F7736
310
4A9C1CA1A759A682EF839FA72269D8C9D92654AD71C72206887E0E0A22CAF926B15E498B01E0AA19451807D01A34B919F16B070157417138917400F2F6FA41FCF0092A45DEE414C19BDC21783E4BD39D891265658C3D8DEA00A3ACE59CBC8678ACB54CB26EEB6BD7839D7E9348BE70AD9C8321B9BCA7F9A4A26C542347DEE0
310
50F09802D22BA6749A800A394DD62899107273365E3C82CFC6A55557BC06C10774B7ABE7AEC3B0F34CF06446280E154026D0542C187BA9DAB6628BF7B6DBB0E5A65B3EB1F58631DE64BBE083F7B65CC218087E22CABB042E51D1F2268F1FE12B3EA24D40D63E9CFE00120194D60B9D5BC67FE6D39CDF37E20AF817881F504B
310
0304140006080800B670623BBFEF2E3B690500003C100000340000006662782F42384135303843342D343331462D343546312D424341352D3532343432364645413344462F6F626A656374732E786D6CAD575D739B3814FD2B0CFB0C98D84E931D4227B6938EA793B6534F3BFB90198F0099B001899144EAECAFDF231018B0
310
D37A3FFC609090EEE7B94757C1FB7D915B2F54C88CB31BDB7727B64559CC938CA53776A576CE956DBD0F03C1B9EA2DB32D460A7A63EB693B0C52C1ABD24C257447AA5C8D66EF177F5832A68CDA569C13296F6C193FD182B8A4523CA1F2D94D88226EBADBBBBEDB2C1C8A4D05299F46424B222853B014F30C52ACC6287F389C
310
D85E1878FA7B18E87FB36AFAF62AAFF667A83F635211161F291B8999FAB3D5DDC5FCDA99CF6653677679E13B8BFBC5CAF1DF4D27CBCBE5F2FAF6EE1A8AA51290642C117467871F101B91C581D77CEA2C36869F3229E68CD1B8F61F1ED6361B89092D294B90C78C4A68EB793D190E7D1D9BDEE7A91E1B95FDE9F3BCEAEFE809
310
6A6D6F9F7D4B79F4275C90E7A04248AA51D5C4C738DAE06F72885AC4796EBE65D22A88A22223B995679120E2D50EB1542F098381188D4EA111AE3DB043FF20AF6F2B4AE3D7D83D65E5AECA730D4D3BAC91BD05FEA992B565D95F549CD6069B90AB2A63EACA38A45E4B6A87D781574F86817E4C2FCCC72690D62E2729520E37
310
9BAF234797BAF6D62B3BFC781FED37BA1E4F2B2F052FA9501A3E80569BB8F6A9A364D4FA67654E6F803383981F82F21591FF84F23D9882BC896C3FDBCF8C162508933B2E0AE4C69DD43F6BD2BE38DDDBF10BF86CB4FA784D37F3AF16075E67EC9030DECA1FC0A55373F5DFF3378C591FA9BDF485C10B0A8C8BA909E5262639
310
A8E72163488806A595734C81CB77D1DE0ED7604A303B76913CEC0272F412782FF88EFF4636D8AA56DF7B322474C4B767303F625997056C7B032C473C592B36CEBD15F3F9FF5233B7ABCDC74D257624A60F8658567497B14CE1EC3C80B76FD02011038F9EE9EB0F2E12387A9C844D3F09855125116D1D731DF8B43D2CF4E0A0
310
79A020C6BE946BCE0B7EA1E1219331CD73C228AF5A2DDD31A4B1DA918CE91350854D40A71723140BFA92E94E62B0626016CEFA5864A50E5977E8753CEDBEE1CBB7F52780D20E17AF0BA0F5F9B02A3AD07DCC732EB6D1EBB661421BE0C39E21BABF0FE16D22EA6929407C8DE596724C88B749B6DB5512BC7B228ADFD7CB7EA6
310
3A22397E690BA8D5D8D4E40CEC8CDA23C2C0B7D5898640101CEC9C6D331CE328CB93CAFBBAC70A642DF70DF95155945B52F08AA973C23469FD69ADEF84F7BB18F983A8F8C90E37F5D35980B2139A1C523540813E824EF83448CF7C72B598CE97D7CEEDDDDD3B6736BFBC771677EF66CE6A7E7139F7A793E9EDF2B2B3A8B624
310
0CDA13AA5F8388264EC4A0129909F3B7F5A16CEDF08128E97D680ACA4B9BE7B7B58BB638F0B00700EF36AE8B32A705658A68F83EE897FC2B41573190D1CCAF0B92D233A47CFEB019D9809933F67DD1A5467F8CF69AD9A5AE859342D45355448C64F968A371DC2D596ADC6E43D93D1B466F877A64E2893E54F23C4B40388995
310
525E5005DA3983ED45412510D3EFCA13737B3863F74BD30F2A12E5B4B5E489A025CE25500DB855B11ACE5BBFA185D35DD48D8DC3CE7DC69F2944DB42AA6F6CF09BCA622ADD08C7A36E7C6AE18000BAB08E040135C2D21C9D75B3A91B77BB746C403F38018DFE6EC939DD92F16B40BC05294B9CDA035AAD6D330AE27FE4786B
310
8E45145EA34A75BE1C263A676A35A8ACC6297337400BF16C54EF515F3F77CB77EB3583889C754FFA29081AA98E2222ADEF05DA3E63D2EDEA8B8756C05A7FB6CABC4A91CBF325398202CC952E70A008A830324BA200D5E5EF8F5F04C75DB4B0EE3340E071C98B823333B83577596BF3849B69F2085AA0FAFA212F26BEFF5877
310
FDE622B28D88A42E49E43326DA82D31E8CB006401E1DA726059ECEC168F97A6599036306A135688F9AD2E61A6EA178F4CD51974A9F2CCB9F36FE5EBD14601068D9C3BF01504B0304140006080000B670623B000000000000000000000000350000006662782F42384135303843342D343331462D343546312D424341352D35
310
32343432364645413344462F76657274696365732E62696E504B0304140006080800B670623BF270F1330600000004000000360000006662782F42384135303843342D343331462D343546312D424341352D3532343432364645413344462F747269616E676C65732E62696E636660600000504B0304140006080000B67062
310
3B000000000000000000000000370000006662782F42384135303843342D343331462D343546312D424341352D3532343432364645413344462F617474726962757465732E62696E504B0304140006080800B670623B08DA0BD19000000041010000360000006662782F42384135303843342D343331462D343546312D4243
310
41352D3532343432364645413344462F6469726563746F72792E786D6C858F410AC3201045AF22B36F53E9A60B35CBEEBAE80D244E44489C6234F4F835464A48035D0DF398FF9F8AF63D0E6CC63039F212F8F9020C7D47C6792B21C5FE7403D62A1188E2E60C98D7234A5830286103A55745067B9D86B8A3CF9C7F90C11DE6
310
07FB144396D7B6A82D282E9A152AD114D5EF2CB866EEE831B8EEA07A7BB5A8D7D61A2BAAEB7FD5F70921FF497D00504B0304140006080800B670623B3B4606F3FE000000A00100003B0000006662782F42384135303843342D343331462D343546312D424341352D3532343432364645413344462F7265736F75726365732F
310
636F72652E786D6C8D504B6E833010BD0A9A6D65B08134808CA354A427E8052C332156828DFCA97AFC9A40A576D7CDCCE87D344F8F9FBEE647F689CE6B6B7A6039850C8DB2A336530F315C4903D94970676DF82583CCC8197B5861107C72362E3BA4AC096842428D1D7107A5F71820538F74F4E0D50D6799CB1892C2DFF345
310
AABB9C306779A2934E701F5C0A906D4FD609C2A1B7D129F4BCD858C163D4E3AED163FAA9AF1A1D88F67CA98E6D35906AA82A52BFB39ABCD5CD915C86331BD86BD3B665CD8BD52C78D0F34F46E550061C419494B6843142CB0F5677F4D0D58717DA7494F26295FF31C565FCA7296A13AA728FBBD93C0896823C09C18BB5AFB4
310
9E65A6BD762BBE01504B010214000A0000080000B670623B3DEE336E79000000790000001B00000000000000000000000000000000006175746F6465736B2D64657369676E2D7061636B6167652E786D6C504B01021400140006080800B670623BD486FD9CA0000000F40000001300000000000000000000000000B2000000
310
5B436F6E74656E745F54797065735D2E786D6C504B01021400140006080800B670623B28ED286BEB0000007C010000080000000000000000000000000083010000636F72652E786D6C504B01021400140006080800B670623B55019EA25F0000007C000000070000000000000000000000000094020000636E782E786D6C50
310
4B01021400140006080800B670623B7BC41AC871010000D40300000C00000000000000000000000000180300006662782F636F72652E786D6C504B01021400140006080800B670623B70102A487D0000009D0000000B00000000000000000000000000B30400006662782F636E782E786D6C504B01021400140006080800B6
310
70623B3610CA3329010000120200003100000000000000000000000000590500006662782F42384135303843342D343331462D343546312D424341352D3532343432364645413344462F636F72652E786D6C504B01021400140006080800B670623B1B8617914E010000330300003000000000000000000000000000D10600
310
006662782F42384135303843342D343331462D343546312D424341352D3532343432364645413344462F636E782E786D6C504B01021400140006080800B670623BBFEF2E3B690500003C10000034000000000000000000000000006D0800006662782F42384135303843342D343331462D343546312D424341352D35323434
310
32364645413344462F6F626A656374732E786D6C504B01021400140006080000B670623B0000000000000000000000003500000000000000000000000000280E00006662782F42384135303843342D343331462D343546312D424341352D3532343432364645413344462F76657274696365732E62696E504B010214001400
310
06080800B670623BF270F133060000000400000036000000000000000000000000007B0E00006662782F42384135303843342D343331462D343546312D424341352D3532343432364645413344462F747269616E676C65732E62696E504B01021400140006080000B670623B00000000000000000000000037000000000000
310
00000000000000D50E00006662782F42384135303843342D343331462D343546312D424341352D3532343432364645413344462F617474726962757465732E62696E504B01021400140006080800B670623B08DA0BD1900000004101000036000000000000000000000000002A0F00006662782F42384135303843342D3433
310
31462D343546312D424341352D3532343432364645413344462F6469726563746F72792E786D6C504B01021400140006080800B670623B3B4606F3FE000000A00100003B000000000000000000000000000E1000006662782F42384135303843342D343331462D343546312D424341352D3532343432364645413344462F72
310
65736F75726365732F636F72652E786D6C504B0506000000000E000E0080040000651100000000
  0
XRECORD
  5
187
102
{ACAD_REACTORS
330
186
102
}
330
186
100
AcDbXrecord
280
     1
 70
     1
 90
429727718
  1
887D55A9-D0DD-414E-B741-A7DCD4DA2B4C
310
504B03040A0000080000B670623B3DEE336E79000000790000001B0000006175746F6465736B2D64657369676E2D7061636B6167652E786D6C3C3F786D6C2076657273696F6E3D22312E302220656E636F64696E673D227574662D3822203F3E3C666F726D6174733E3C666F726D61743E687474703A2F2F736368656D612E
310
6175746F6465736B2E636F6D2F64657369676E2D7061636B6167652F323030393C2F666F726D61743E3C2F666F726D6174733E504B0304140006080800B670623BD486FD9CA0000000F4000000130000005B436F6E74656E745F54797065735D2E786D6C7D8EC10E82300C865F65E91D8A1E8C310C0EEA1BF002731658846E
310
D98AC1B77784ABF1D8FE5FBFBF75BBCE937A534CCEB38643598122B6FEE978D0B0485F9C41B54DDD7D022595594E1A469170414C76A4D9A4D207E29CF43ECE46F218070CC6BECC4078ACAA135ACF422C856C0E68EA1BF5669944DDD7BCDE7B1F8E415D77AECB980613C2E4AC91FC167A2B244592486606FC29C8FD7F045B9A
310
EF7053A7E60B504B0304140006080800B670623BBC1638F5EC0000007C01000008000000636F72652E786D6C8D90416EC3201045AF82665B61836BE2D8C24471DB9CA01740401C94182C03558F5F9C3852BBEB6A467FFE9B197D7EF89E6EE8CB2CC17AD7032D0820E394D7D68D3DA478C67B4007C117EFE32F1B202727D3C3
310
2A83E0E3E2D3BC49CABB685CCCAAF3DA6CA20CC14440EA969B1E82BA98491632C5EC08D76296EA2A4753D06797E194AC468F2356E77DF66CCD02825543D50CACC62D39ED70FDC68EB8FD68F6F8787A6784342D1DDA1D2F5758F068A7E77DB518198D065111D2624A31A93E69DD11D6D5EC85EC3B4278B9DAFF4069D6FF8492
310
75F1B5DADE7D600104CD8FDC0782976B16B9DC83CA75CD4DFC00504B0304140006080800B670623B55019EA25F0000007C00000007000000636E782E786D6C4DCB3B0E80201045D1AD90E915ED2CF8AC45050C11660C8261F98AB1B07AC9C97D42D718D865D3E909258CFD00CCE24AC6E326A164D74DC0B4128928FF326038
310
472BA13128B1252AC747C6BAB984FC68F0B87FE8960A5C09FE86CFB69FBA01504B0304140006080800B670623B3586FFB671010000D40300000C0000006662782F636F72652E786D6CC553ED6E8320147D15C2DF4541A76D6D90A6DDD627D80B50A4CE54C120983EFEAE1F4DD7A55BBA5FF3879273EEE59E7310B6393735EA
310
95ED2AA3731C851423A5A5292A5DE6D8BB63B0C268C39935C67D29C3488B46E578803167A535BE9D2169B453DA01AA4DA16650749D7218C91A1639EEE4876A4428BC838AEE14B6429E44A9C228041AEA38EB9C0501681A32BC313F1ECE8C4C3867DE57C5CC56054CAB8E95B298A7F12E5EEED224C8E87E11242FE936C8DE96
310
AB60BB7F4D295D66D12E5B30323473E6AAE6A24E5A259C2A308F29CD82280A68FC1E256B9AAE93F489AED694323294DF34F9B678B0C957DA3DC7B3DCA9ADC33C022123F1CD2D44E450277AD04338234388F01913BE0D1A0281909D38D4171F27807A259DB1093085F157AA17B557309586747CD0CF0B46A64E983A6E0EAEEF
310
CE881F9EF1FB8E70D44297604238581EBC1B74B249C31C5AAB6CD0BB33D2C636A27ECCC62F0EFF445DC5DF95244D6DEC7F2922F30191F9F720C37DE49F504B0304140006080800B670623B4220A0FF7D0000009D0000000B0000006662782F636E782E786D6C4DCCD10A83201886E15B91FFDCE542CB0335D0EC3E6259C84A
310
C3E9D8E5AF46073BFAE0E1E315DD675BD1DBA5978F41C2FD4600B9F088930F8B849267CC01754AA418F3DF0D50183727E164506249B1EC174D6E1ECB9A0F5D7D785E68DB8151CD286E5A5363CA6B8A39E90D36D40E96B086F55A43A544F52B1D7B86D517504B0304140006080800B670623B2FA3FEDE290100001202000031
310
0000006662782F45374635344235342D363743322D343832342D383044432D4334454645303536354442422F636F72652E786D6C8D515B6EC32010BC0AE22B55850D2E386E848994D7097A0117488A1283C5A3CAF10BB523B57FF961D1ECCCECC0F2ED7DBC816FED8371B687A4C210682B9D32F6D2C314CFA883602BB8772E
310
FEA141608751F7B0C050F08B77695A20E96CD43666D43AA5177008414708E42D5F7A18E4971E876A483133C2B59A06791D2EBA22556E679EE021FA1C00CC43CA09C5717D6274C7286AD7FB06D1AEA1A8C3873DDAD3E3E98859CB0EBB1DAF67A1E02919B5C88DCA71CCD968FFAC49110B1ECDF8882FBD1EA256503418BF2342
310
106E3E08DD60B6A1EC15771B8C795DE8FF4469524F8A92B1F1AD59E2CEB20005E1F5DC105CB9F4797B84D1F7C9F908CABC55D0F2050A5C61CC1AD2F27A26E6E767C7962E8E213A9FBF7775FDCC5CC266DB960A5E970DE5F2BBBE5CCB36C50F504B0304140006080800B670623B1B8617914E01000033030000300000006662
310
782F45374635344235342D363743322D343832342D383044432D4334454645303536354442422F636E782E786D6CD593C16EC32010447F0571AD6CE3D489D20813A9877E410FBD62D82434182CC055F3F75D1292E692438FBD206B7698593D61BEFD1E2DF982108D773D6D6B460938E5B571FB9ECE6957AD29D90A1EBC4F77
310
364A9C1CA1A759A682EF839FA72269D8C9D92654AD71C72206887E0E0A22CAF926B15E498B01E0AA19451807D01A34B919F16B070157417138917400F2F6FA41FCF0092A45DEE414C19BDC21783E4BD39D891265658C3D8DEA00A3ACE59CBC8678ACB54CB26EEB6BD7839D7E9348BE70AD9C8321B9BCA7F9A4A26C542347DE
310
E050F09802D22BA6749A800A394DD62899107273365E3C82CFC6A55557BC06C10774B7ABE7AEC3B0F34CF06446280E154026D0542C187BA9DAB6628BF7B6DBB0E5A65B3EB1F58631DE64BBE083F7B65CC218087E22CABB042E51D1F2268F1FE12B3EA24D40D63E9CFE00120194D60B9D5BC67FE6D39CDF37E20AF817881F50
310
4B0304140006080800B670623B29652116630500003C100000340000006662782F45374635344235342D363743322D343832342D383044432D4334454645303536354442422F6F626A656374732E786D6CAD575D739B3814FD2B0CFB0C989834C90EA1639B24E3E9A6EDD4D3CE3E64C623834CD8006224913AFDF57B040203
310
B65BEF871F0C12D2FD3CF7E8CA7FBFCB33E3957291B2E2D674ED8969D02262715A24B76625B7D6B569BC0F7CCE98EC2D338D82E4F4D654D366E0279C55A59E8AE99654991CCDDECFFF3444440B6A1A514684B83545F44C7362934AB2988A173B2692D8C97667BB76B3702836E1A47C1E092D09A78584A5982F20C5688C7287
310
C389E904BEA3BE07BEFAD7ABA6A75739B53F43FD69212429A20365233153D70BEF2E2E6FAC4BCF9B5ADEBB0BD79ADFCF43CBBD9A4E16EF168B9BD9DD0D140BC921495BC2E9D60C1E101B9E46BED37CEA2CD6861F3329624541A3DA7F7858DBAC25C6B4A4458C3CA654405BCFEBC970E8AAD8F43E4FD558ABEC4F9FE7557F47
310
4F506B7BFBEC5BCA367FC105710E2AB8A00A554D7CB4A30DFE26FBA86D18CBF4B75418399194A72433B274C3097F33032C554B027F2046A1932B842B0FCCC0DDCBEBDB8AD2F835768F59B9ADB24C41D30C6A64AF817F2A456D59FA83F2E3DA60137255A585BCD60EC9B7929AC18DEFD49381AF1ED30BFDB109A4B1CD488294
310
C3CDE6EBC8D185AABD6568061FEE37BB95AAC7E3CA4BCE4ACAA5820FA0D526AE7DAA2869B5EE5999531BE0CC20E6FBA07C41E43FA27CF7A6206F3CDD793B4F6B919C1462CB788EDCD893FA674CDA17AB7B3B7C019F8D561FAEE966FED562DFE98C1D12C6A9FC015C2A35D7FF3D7FC398F591DA4B5FE0BFA2C0189FEA50AE22
310
92817A1ED3020951A03432862970F976B33383259812CC8E5D240BBA801CBCF8CE2BBEE3BF910DB6AAD5F79E05123AE2DB33981FB1ACCB02B69D00CB014FD68AB573A7627EF9BFD4CC2C5C7D58557C4B22FAA88925A4DBB44825CECE3D78FB060D1231F0E885BE7D673C86A3874958F593906B5502D1563157814FDAC3420D
310
F69A070A22EC4B98E23CFF171A1E5311D12C23056555ABA53B8614563B92D17D02AAB009E8F46284624E5F53D5490C560CCCC2591FF1B45421EB0EBD8EA7ED13BE7C5D7E0428CD60FEF60779EB13E6664FF711CB185F6FDED60D139A001FF60CD1FD6D086F1D51474901E26B2CB794A343BC8ED3EDB612E0DD2351FCB65CF4
310
33D511C9E14B5B40ADC6A6263DB0336A8F700DDF56271A024E70B0B3629DE21847591E55DED73D56206AB927E46FAABC5C939C55853C274C93D69FD6FA4E78BF8B11DF898C9ECD60553FAD39283BA6F18984AA23E8884F83F45C5F5F859797B31B2B9C84A1E5B9DE9D35BFF25C6B76152E422F9C5DCC3D847F5801ED09D5AF
310
41441327A25FF15487F9EB725FB666F048A4701E9A827292E6F97569A32DF61DEC01C0BB8DCBBCCC684E0B49147C1FD54BF685A0AB18C868E6973949E819523E3DAC463660E68C7D9F55A9D1EFA3BD7A76A16AE1A810F95CE59B82A4D968A376DC2E8B44BBDD86B27B368CDE0ED548C7137DA860591A83706223A12CA712B4
310
7306DBF39C0A20A6DF95C7FAF670C6EED7A61F946493D1D6926782963813403548A78AE470DEF80D2D9CEAA26E4D1C76F60BFE74219A06527D6B82DF641A51616F703CAAC6A7160E08A00BEB4810A0274592A1B36E3675E36E978A0DE80727A0D6DF2D39A75BD27E0D8837276589537B40ABB56D5A41F48F1C6FCD3188C4EB
310
A6929D2FFB89CE995A4D00AE813BDD032DC48B56BD437DFDDC2DD7AED70C2272D63DE9A72068A45A92F0A4BE17A8A06B9366E16707AD80B1FC649459952097E74BB23805982B55E0401150A165964402AA8BDF9F3E7386BB686EDCA780C0D382E5392BF460A6EFB2C6EA1937D3F809B440D5F5435C4C5CF7A9EEFAF54564BD
310
2182DA24162F98680B4E7930C21A0079709CEAEB99A372305ABE0C0D7D6078105A83F6A0296DAEE1068A47DD1C55A9F4C9B2FC69E3EFD44B81028E963DF81B504B0304140006080000B670623B000000000000000000000000350000006662782F45374635344235342D363743322D343832342D383044432D433445464530
310
3536354442422F76657274696365732E62696E504B0304140006080800B670623BF270F1330600000004000000360000006662782F45374635344235342D363743322D343832342D383044432D4334454645303536354442422F747269616E676C65732E62696E636660600000504B0304140006080000B670623B00000000
310
0000000000000000370000006662782F45374635344235342D363743322D343832342D383044432D4334454645303536354442422F617474726962757465732E62696E504B0304140006080800B670623B08DA0BD19000000041010000360000006662782F45374635344235342D363743322D343832342D383044432D4334
310
454645303536354442422F6469726563746F72792E786D6C858F410AC3201045AF22B36F53E9A60B35CBEEBAE80D244E44489C6234F4F835464A48035D0DF398FF9F8AF63D0E6CC63039F212F8F9020C7D47C6792B21C5FE7403D62A1188E2E60C98D7234A5830286103A55745067B9D86B8A3CF9C7F90C11DE607FB144396
310
D7B6A82D282E9A152AD114D5EF2CB866EEE831B8EEA07A7BB5A8D7D61A2BAAEB7FD5F70921FF497D00504B0304140006080800B670623B6378F24DFF000000A00100003B0000006662782F45374635344235342D363743322D343832342D383044432D4334454645303536354442422F7265736F75726365732F636F72652E
310
786D6C8D504B6E833010BD0A9A6D65B0094E42641C85B639412F6099496225D8C89FAAC7AF09546A77DDCC8CDE47F3F4C4F16B7C149FE88371B603565228D06A37187BED20C50BD9437194C23B177FC9A0B06AC40E6618A4B87A97A615D2CE46B431A3D60DB8822A048C50E8473E3A08FA86A32A558A5911EEE5A4F45D5DB1
310
6465A6B34E8A107D0E502C4FE609D26370C96B0CA25A58295232C3AA3143FE692E063D485EF7F5AEE71BD2D2F39634AFFC44DAF7DD9E9CCE6F9CD25DCBFA762BAAD92C4534E34F46ED51451C40D694B6843142EB0FD61C283F34FC85EE0F948A6A96FF31A569F8A729191B37F51A77B105902C0779125254735F793DCBCC7B
310
EE567E03504B010214000A0000080000B670623B3DEE336E79000000790000001B00000000000000000000000000000000006175746F6465736B2D64657369676E2D7061636B6167652E786D6C504B01021400140006080800B670623BD486FD9CA0000000F40000001300000000000000000000000000B20000005B436F6E
310
74656E745F54797065735D2E786D6C504B01021400140006080800B670623BBC1638F5EC0000007C010000080000000000000000000000000083010000636F72652E786D6C504B01021400140006080800B670623B55019EA25F0000007C000000070000000000000000000000000095020000636E782E786D6C504B010214
310
00140006080800B670623B3586FFB671010000D40300000C00000000000000000000000000190300006662782F636F72652E786D6C504B01021400140006080800B670623B4220A0FF7D0000009D0000000B00000000000000000000000000B40400006662782F636E782E786D6C504B01021400140006080800B670623B2F
310
A3FEDE290100001202000031000000000000000000000000005A0500006662782F45374635344235342D363743322D343832342D383044432D4334454645303536354442422F636F72652E786D6C504B01021400140006080800B670623B1B8617914E010000330300003000000000000000000000000000D2060000666278
310
2F45374635344235342D363743322D343832342D383044432D4334454645303536354442422F636E782E786D6C504B01021400140006080800B670623B29652116630500003C10000034000000000000000000000000006E0800006662782F45374635344235342D363743322D343832342D383044432D4334454645303536
310
354442422F6F626A656374732E786D6C504B01021400140006080000B670623B0000000000000000000000003500000000000000000000000000230E00006662782F45374635344235342D363743322D343832342D383044432D4334454645303536354442422F76657274696365732E62696E504B01021400140006080800
310
B670623BF270F13306000000040000003600000000000000000000000000760E00006662782F45374635344235342D363743322D343832342D383044432D4334454645303536354442422F747269616E676C65732E62696E504B01021400140006080000B670623B0000000000000000000000003700000000000000000000
310
000000D00E00006662782F45374635344235342D363743322D343832342D383044432D4334454645303536354442422F617474726962757465732E62696E504B01021400140006080800B670623B08DA0BD190000000410100003600000000000000000000000000250F00006662782F45374635344235342D363743322D34
310
3832342D383044432D4334454645303536354442422F6469726563746F72792E786D6C504B01021400140006080800B670623B6378F24DFF000000A00100003B00000000000000000000000000091000006662782F45374635344235342D363743322D343832342D383044432D4334454645303536354442422F7265736F75
310
726365732F636F72652E786D6C504B0506000000000E000E0080040000611100000000
  0
XRECORD
  5
112
102
{ACAD_REACTORS
330
110
102
}
330
110
100
AcDbXrecord
280
     1
270
     1
271
     1
  0
XRECORD
  5
111
102
{ACAD_REACTORS
330
110
102
}
330
110
100
AcDbXrecord
280
     1
270
     1
271
     1
  0
XRECORD
  5
18A
102
{ACAD_REACTORS
330
110
102
}
330
110
100
AcDbXrecord
280
     1
 70
     0
 90
1778669749
  1
9BF507EE-FAF7-4A99-A33D-4EE51894BC40
310
504B03040A0000080000B670623B3DEE336E79000000790000001B0000006175746F6465736B2D64657369676E2D7061636B6167652E786D6C3C3F786D6C2076657273696F6E3D22312E302220656E636F64696E673D227574662D3822203F3E3C666F726D6174733E3C666F726D61743E687474703A2F2F736368656D612E
310
6175746F6465736B2E636F6D2F64657369676E2D7061636B6167652F323030393C2F666F726D61743E3C2F666F726D6174733E504B0304140006080800B670623BD486FD9CA0000000F4000000130000005B436F6E74656E745F54797065735D2E786D6C7D8EC10E82300C865F65E91D8A1E8C310C0EEA1BF002731658846E
310
D98AC1B77784ABF1D8FE5FBFBF75BBCE937A534CCEB38643598122B6FEE978D0B0485F9C41B54DDD7D022595594E1A469170414C76A4D9A4D207E29CF43ECE46F218070CC6BECC4078ACAA135ACF422C856C0E68EA1BF5669944DDD7BCDE7B1F8E415D77AECB980613C2E4AC91FC167A2B244592486606FC29C8FD7F045B9A
310
EF7053A7E60B504B0304140006080800B670623BCA089DFFEC0000007C01000008000000636F72652E786D6C8D90416E83301045AF62CDB632D8402020E32882F604BD80653BC44AB011B6AB1EBF262152BBEB6A467FFE9B197D76FA9EEFE84BAFDE38DB03CD08206DA553C64E3DC470C1474027CE56E7C22F1B202B66DDC3
310
260367D3EAE2B24BD2D9A06D48AA754AEFA2F05E0740F29E9A1EBCBCEA59642286E4F0B76C11F226269DD15797E0188D42CF2346A57DE662F40ABCAEC77628C6120F654571D50C04B7F5B9C1E3997CD4F550BE3745C3F20DE62C98F9755FAE5A04AD801784B498524C8A4F5A75E4D055873772EC0861F966FF03C545FD138A
310
C686B2D8DF7D621E384D8F3C069CE55B16A93C824A75CB8DFF00504B0304140006080800B670623B55019EA25F0000007C00000007000000636E782E786D6C4DCB3B0E80201045D1AD90E915ED2CF8AC45050C11660C8261F98AB1B07AC9C97D42D718D865D3E909258CFD00CCE24AC6E326A164D74DC0B4128928FF326038
310
472BA13128B1252AC747C6BAB984FC68F0B87FE8960A5C09FE86CFB69FBA01504B0304140006080800B670623B68FC0B7272010000D40300000C0000006662782F636F72652E786D6CC5535B6E833010BC8AE5DF0A6C1E8124328E22D29EA01770C0A128602363A31CBFCB234A53A555FA553EC09AD9F5CE8C31DB5DDA060D
310
D2F4B556190E7C8A9154852E6B5565D8D993B7C668C799D1DA7E29C3488956667884316795D1AE5BA0422B2B950554E9522EA0E87B69312A1A5864B82F3E642B7CE12C54F467BF13C55954D20F7CA0A18EB3DE1A1080E621E31BF3D3F1C2C88C73E65C5D2E6C5DC2B4FA544B8379921C36797888BC3C8A032F4E73EA6D927D
310
EA1DF6F42D49F2E8350D5346C666CE6CDD5ED515460A2B4BCC434A375E1078347C0FE22D5D6DE3D50B5D6F2965642CBF6B725DF96493AB958DC245EEDCD6631E809089F8E61622B2A81703E8219C913144F84C09DF070D8140C8561C9BAB8F3340832CAC363130A576376A108D933095FA747AD0CF0B46E64E983A6D0EAE1F
310
CE089F9EF1FB8E70D44255604258581E9D1D75B259C3125A278D37D80B52DAB4A279CEC62F0EFF44DDC43F9454E8469BFF5244960322CBEF41C6FBC83F01504B0304140006080800B670623B0F71DDB67E0000009D0000000B0000006662782F636E782E786D6C4DCCD10A83201886E15B91FFDCA54DB73F502386BB8F5816
310
32D3703976F9ABD1C18E3E78F87855FB990379BBFCF2296AE02706C4C5471A7C9C349475A408A4352AA7B4FEDD80C47E761A7606A3A69CCA72D0E0C6BE8475D3E0E3F3409428EA6B27A84079A782899AA2EC1A7AE3ECCC2FD858CB2D544655BFD2B67BD87C01504B0304140006080800B670623BE134B4FB28010000120200
310
00310000006662782F38353834323741342D343835462D343034322D383541392D4331303331363839454531452F636F72652E786D6C8D515B6EC32010BC0AE22B55850D0EA424C24451959EA0172086A42831583CAA1CBF503B52FB971F16CDCECC0EACD8DFC71BF836215AEF7A481A0C817183D7D65D7A98D3197108F652
310
04EFD31F1A044E8DA6871586525C82CFD3020DDE25E352419DD76601558C264130DCCAA58771F832A36A544E8511AFCDA486ABBA988634A55D7852C4144A00300FA927949C71DABD1D28A29C7D208A6987383B6CD13BC16BB2E1DBE3911C453B0BA5C8D9EA456E758963CFD684674DAA588A64C747FC2118958C86B2C3788B
310
0841B8FB247487D98EB257CC77188BB6D2FF89F2A49F1465EBD2BA5BE2CEB2082511EDDC9042FB7CBA3DC298FBE4430275DE2A9AE1054ADC60CC08E3A29D89E5F9C5714317C7987C28DFBBBA9E0A97B0D97643A568EB864AF95D5FA9759BF207504B0304140006080800B670623B1B8617914E010000330300003000000066
310
62782F38353834323741342D343835462D343034322D383541392D4331303331363839454531452F636E782E786D6CD593C16EC32010447F0571AD6CE3D489D20813A9877E410FBD62D82434182CC055F3F75D1292E692438FBD206B7698593D61BEFD1E2DF982108D773D6D6B460938E5B571FB9ECE6957AD29D90A1EBC4F
310
77364A9C1CA1A759A682EF839FA72269D8C9D92654AD71C72206887E0E0A22CAF926B15E498B01E0AA19451807D01A34B919F16B070157417138917400F2F6FA41FCF0092A45DEE414C19BDC21783E4BD39D891265658C3D8DEA00A3ACE59CBC8678ACB54CB26EEB6BD7839D7E9348BE70AD9C8321B9BCA7F9A4A26C542347
310
DEE050F09802D22BA6749A800A394DD62899107273365E3C82CFC6A55557BC06C10774B7ABE7AEC3B0F34CF06446280E154026D0542C187BA9DAB6628BF7B6DBB0E5A65B3EB1F58631DE64BBE083F7B65CC218087E22CABB042E51D1F2268F1FE12B3EA24D40D63E9CFE00120194D60B9D5BC67FE6D39CDF37E20AF817881F
310
504B0304140006080800B670623B5933D422630500003B100000340000006662782F38353834323741342D343835462D343034322D383541392D4331303331363839454531452F6F626A656374732E786D6CAD575B6FA33814FE2B887D0642934E9B156594264D158D3A534DD4D13E548A0C38942D60649B4EBABF7E3F8321
310
40924EF6928780CDF1B97EE762EFF32E4B8D37CA45C2F21BD3B547A641F39045491EDF98A5DC5AD7A6F1D9F73863B243661A39C9E88DA9B64DDF8B392B0BBD15D12D295339D85DDEFE618890E6D434C2940871638AF08566C426A5641115AF764424B1E3EDCE76ED9AB0CF36E6A47819302D08A7B984A6D8CFC1C5A89572FB
310
CB91E9F89EA3BEFB9EFAD754E3D3544E654F5F7E920B49F2F040D880CDD89D2CEE2E2EA7D6E56432B6269F2E5CEB7679BBB0DCABF168FE693E9FCEEEA6102C240727AD09A75BD3BF876F78127A4EFDA9D5582B7E4CA590E5390D2BFB6161A5B3E618D182E611E2985001691DAB47FDA5AB7CD3F93C566B2DB2BB7D9E55DD13
310
1D468DEECDB3AB290BFE8409E21C54704115AA6AFF68436BFC8DF65E0B184BF5B74418199194272435D224E084BF9B3E481589EFF5D828747285706581E9BB7B7E5D5D911ABFC6EE312DB7659A2A689A7E85EC0DF04FA5A8344BFEA2FCB834E8845895492EAFB541F2BDA0A63FF59C6AD3F7D4637CA13FD68E34B629891172
310
98597F1D183A57B9B75A98FE9765B05BAB7C3C2EBCE0ACA05C2AF8005A4DE09AA7F29216EB9E15397500C6F47CBE77CA7778FE2BD277AF0AE2C693DD6437D1522427B9D8329E2136F6A8FA19A3E6C56ADF0E5F50CF06D48734EDCEBF22F69C56D97EC138153F804B85E6FABFC7AFEFB32E523BE1F3BD372418E363EDCA7548
310
52949E8724474014288D94610BB57C1BEC4C7F854A89CA8E5324F55B871CBC78CE1BBEE3BFE68D6A5589EF3C730474506FCFA8FCF0659516D0ED04580EEA6425581B77CAE797FF4BCECC16EB2FEB926F49481F746159D06D922712BD730FDEAE42BD40F42C7AA5EF3F198F60E86110D6DD20645A9480B795CF95E3E3A659A8
310
C55E724F408873315335CFFB8584874484344D494E59D94869DB90C26A5B64F49C802CAC1D3ABE18A098D3B7444D123D8A9E5AE8F5214F0AE5B2B6E9B575DA3E61CBD3EA2B4009FA940524DD1305FB6A1FB294F14DF0BEA90BA109ECE1481FDC3FFAE8D60E75141700BE82725371B4873751B2DD960265F788137FACE6DD40
310
B575E4F0A5C99F46629D92131467A41EE11ABD8D4CCC039CA0AFB37C93A08B232B8F0AEFCA1E0A1015DF13FC83322B362463652ECF71D3A8B1A7D1BE65DE1D62C44F22C317D35F574FEB16153BA2D13E543D10A80E74C4A65E78A6B7CBCBD1D5DD9DB59C2DAFACC96C3AB566E3F1C29ADCDD5DBAD7D3C9ED7C822ED74F80A6
310
41755310DE4443F44A9E68373FADF6596BFA0F440AE7BECE2727AE9F4F2B1B53B1E7E00CF0DD1E5C65454A339A4BA2D0FBA05ED2EF0443458F47BDBFCA484CCFE0F2ED7E3DD0013B679C7B5499467F0ECEEADDB9CA85A34CE44B99053949D2C1416DB85DE4B136BB7165FBAC0B7AB3542BED4F8CA182A549847A1319316519
310
95A83A67147B9E5101C47487F2485F1ECE38FD568F839204296D3479219888530154036E6528FBFBC66F98E0D4107563A2D7D9AFF8D389681A08F58D89F22693900A3B407754734FC51C10C010D6D640809EE4718AC1BA3ED4AEDB53CA37283F68805A7E4B72CEB0A4EDEAD5DD8C14059A76AFAA56BA6901E13F32BC51C720
310
12AF41295B5BF61BAD3195181FB506E6B40F4C10AF5AF40EF9F5B159AE5DD1F43C72D635E94310D45C2D49785C5D0B94D3B54AB3C5A38349C0587D338AB48C11CBF339599C02CCA54A70A008A8D03C0B2201D5F9EFCF8F9CE12A9A19CB0410789EB32C63B95ECCF455D658BFE0621A3DA32C5075FB101723D77DAE867E7D0F
310
D90444509B44E2151B4DC2290B065803200FBAA9BE9D392A0603F2D5C2D00D6302A615680F66D2FA166E2079D4C551A54AB758161FCEFD4E450A14704CECFEDF504B0304140006080000B670623B000000000000000000000000350000006662782F38353834323741342D343835462D343034322D383541392D4331303331
310
363839454531452F76657274696365732E62696E504B0304140006080800B670623BF270F1330600000004000000360000006662782F38353834323741342D343835462D343034322D383541392D4331303331363839454531452F747269616E676C65732E62696E636660600000504B0304140006080000B670623B000000
310
000000000000000000370000006662782F38353834323741342D343835462D343034322D383541392D4331303331363839454531452F617474726962757465732E62696E504B0304140006080800B670623B08DA0BD19000000041010000360000006662782F38353834323741342D343835462D343034322D383541392D43
310
31303331363839454531452F6469726563746F72792E786D6C858F410AC3201045AF22B36F53E9A60B35CBEEBAE80D244E44489C6234F4F835464A48035D0DF398FF9F8AF63D0E6CC63039F212F8F9020C7D47C6792B21C5FE7403D62A1188E2E60C98D7234A5830286103A55745067B9D86B8A3CF9C7F90C11DE607FB1443
310
96D7B6A82D282E9A152AD114D5EF2CB866EEE831B8EEA07A7BB5A8D7D61A2BAAEB7FD5F70921FF497D00504B0304140006080800B670623BD9A3B367FE000000A00100003B0000006662782F38353834323741342D343835462D343034322D383541392D4331303331363839454531452F7265736F75726365732F636F7265
310
2E786D6C8D504B6E833010BD0A9A6D65B01D0201194711694FD00B586642AD043BF2A7EAF16B122AB5BB6E6646EFA3797AE2F8B5DC8A4FF4C1383B002B291468B59B8C9D0748F1420E501CA5F0CEC55F3228AC5A708015062966EFD27D83B4B3116DCCA875136EA00A012314FA968F0182FEC045952AC5AC08D7F2AEF455CD
310
58B232D3592745883E07289E4FD609D26370C96B0CA27AB252A464A64D63A6FCD35C0C7A904D73EE467EE664DCD58CD4ED4849D79C5A723ED1B7A61977AF2D6F45B59AA58866F9C9A83DAA8813484E6947182394BFB3BAA7FBBEDEBFD0434FA9A856F91F53BA4FFF342563E38E6F719FB60092E5200F428A6AED2BAF479979
310
AFDDCA6F504B010214000A0000080000B670623B3DEE336E79000000790000001B00000000000000000000000000000000006175746F6465736B2D64657369676E2D7061636B6167652E786D6C504B01021400140006080800B670623BD486FD9CA0000000F40000001300000000000000000000000000B20000005B436F6E
310
74656E745F54797065735D2E786D6C504B01021400140006080800B670623BCA089DFFEC0000007C010000080000000000000000000000000083010000636F72652E786D6C504B01021400140006080800B670623B55019EA25F0000007C000000070000000000000000000000000095020000636E782E786D6C504B010214
310
00140006080800B670623B68FC0B7272010000D40300000C00000000000000000000000000190300006662782F636F72652E786D6C504B01021400140006080800B670623B0F71DDB67E0000009D0000000B00000000000000000000000000B50400006662782F636E782E786D6C504B01021400140006080800B670623BE1
310
34B4FB280100001202000031000000000000000000000000005C0500006662782F38353834323741342D343835462D343034322D383541392D4331303331363839454531452F636F72652E786D6C504B01021400140006080800B670623B1B8617914E010000330300003000000000000000000000000000D3060000666278
310
2F38353834323741342D343835462D343034322D383541392D4331303331363839454531452F636E782E786D6C504B01021400140006080800B670623B5933D422630500003B10000034000000000000000000000000006F0800006662782F38353834323741342D343835462D343034322D383541392D4331303331363839
310
454531452F6F626A656374732E786D6C504B01021400140006080000B670623B0000000000000000000000003500000000000000000000000000240E00006662782F38353834323741342D343835462D343034322D383541392D4331303331363839454531452F76657274696365732E62696E504B01021400140006080800
310
B670623BF270F13306000000040000003600000000000000000000000000770E00006662782F38353834323741342D343835462D343034322D383541392D4331303331363839454531452F747269616E676C65732E62696E504B01021400140006080000B670623B0000000000000000000000003700000000000000000000
310
000000D10E00006662782F38353834323741342D343835462D343034322D383541392D4331303331363839454531452F617474726962757465732E62696E504B01021400140006080800B670623B08DA0BD190000000410100003600000000000000000000000000260F00006662782F38353834323741342D343835462D34
310
3034322D383541392D4331303331363839454531452F6469726563746F72792E786D6C504B01021400140006080800B670623BD9A3B367FE000000A00100003B000000000000000000000000000A1000006662782F38353834323741342D343835462D343034322D383541392D4331303331363839454531452F7265736F75
310
726365732F636F72652E786D6C504B0506000000000E000E0080040000611100000000
  0
XRECORD
  5
113
102
{ACAD_REACTORS
330
110
102
}
330
110
100
AcDbXrecord
280
     1
270
     1
271
     1
  0
XRECORD
  5
114
102
{ACAD_REACTORS
330
110
102
}
330
110
100
AcDbXrecord
280
     1
270
     1
271
     1
  0
XRECORD
  5
DE9
102
{ACAD_REACTORS
330
DE8
102
}
330
DE8
100
AcDbXrecord
280
     1
102
DISPLAYNAME
  1
Imperial24
102
FLAGS
 90
        0
  0
CELLSTYLEMAP
  5
DDE
102
{ACAD_REACTORS
330
104
102
}
330
104
100
AcDbCellStyleMap
 90
        3
300
CELLSTYLE
  1
TABLEFORMAT_BEGIN
 90
        5
170
     1
 91
        0
 92
    32768
 62
   257
 93
        1
300
CONTENTFORMAT
  1
CONTENTFORMAT_BEGIN
 90
        0
 91
        0
 92
      512
 93
        0
300

 40
0.0
140
1.0
 94
        5
 62
     0
340
11
144
0.25
309
CONTENTFORMAT_END
171
     1
301
MARGIN
  1
CELLMARGIN_BEGIN
 40
0.06
 40
0.06
 40
0.06
 40
0.06
 40
0.18
 40
0.18
309
CELLMARGIN_END
 94
        6
 95
        1
302
GRIDFORMAT
  1
GRIDFORMAT_BEGIN
 90
        0
 91
        1
 62
     0
 92
       -2
340
0
 93
        0
 40
0.045
309
GRIDFORMAT_END
 95
        2
302
GRIDFORMAT
  1
GRIDFORMAT_BEGIN
 90
        0
 91
        1
 62
     0
 92
       -2
340
0
 93
        0
 40
0.045
309
GRIDFORMAT_END
 95
        4
302
GRIDFORMAT
  1
GRIDFORMAT_BEGIN
 90
        0
 91
        1
 62
     0
 92
       -2
340
0
 93
        0
 40
0.045
309
GRIDFORMAT_END
 95
        8
302
GRIDFORMAT
  1
GRIDFORMAT_BEGIN
 90
        0
 91
        1
 62
     0
 92
       -2
340
0
 93
        0
 40
0.045
309
GRIDFORMAT_END
 95
       16
302
GRIDFORMAT
  1
GRIDFORMAT_BEGIN
 90
        0
 91
        1
 62
     0
 92
       -2
340
0
 93
        0
 40
0.045
309
GRIDFORMAT_END
 95
       32
302
GRIDFORMAT
  1
GRIDFORMAT_BEGIN
 90
        0
 91
        1
 62
     0
 92
       -2
340
0
 93
        0
 40
0.045
309
GRIDFORMAT_END
309
TABLEFORMAT_END
  1
CELLSTYLE_BEGIN
 90
        1
 91
        1
300
_TITLE
309
CELLSTYLE_END
300
CELLSTYLE
  1
TABLEFORMAT_BEGIN
 90
        5
170
     1
 91
        0
 92
        0
 62
   257
 93
        1
300
CONTENTFORMAT
  1
CONTENTFORMAT_BEGIN
 90
        0
 91
        0
 92
      512
 93
        0
300

 40
0.0
140
1.0
 94
        5
 62
     0
340
11
144
0.18
309
CONTENTFORMAT_END
171
     1
301
MARGIN
  1
CELLMARGIN_BEGIN
 40
0.06
 40
0.06
 40
0.06
 40
0.06
 40
0.18
 40
0.18
309
CELLMARGIN_END
 94
        6
 95
        1
302
GRIDFORMAT
  1
GRIDFORMAT_BEGIN
 90
        0
 91
        1
 62
     0
 92
       -2
340
0
 93
        0
 40
0.045
309
GRIDFORMAT_END
 95
        2
302
GRIDFORMAT
  1
GRIDFORMAT_BEGIN
 90
        0
 91
        1
 62
     0
 92
       -2
340
0
 93
        0
 40
0.045
309
GRIDFORMAT_END
 95
        4
302
GRIDFORMAT
  1
GRIDFORMAT_BEGIN
 90
        0
 91
        1
 62
     0
 92
       -2
340
0
 93
        0
 40
0.045
309
GRIDFORMAT_END
 95
        8
302
GRIDFORMAT
  1
GRIDFORMAT_BEGIN
 90
        0
 91
        1
 62
     0
 92
       -2
340
0
 93
        0
 40
0.045
309
GRIDFORMAT_END
 95
       16
302
GRIDFORMAT
  1
GRIDFORMAT_BEGIN
 90
        0
 91
        1
 62
     0
 92
       -2
340
0
 93
        0
 40
0.045
309
GRIDFORMAT_END
 95
       32
302
GRIDFORMAT
  1
GRIDFORMAT_BEGIN
 90
        0
 91
        1
 62
     0
 92
       -2
340
0
 93
        0
 40
0.045
309
GRIDFORMAT_END
309
TABLEFORMAT_END
  1
CELLSTYLE_BEGIN
 90
        2
 91
        1
300
_HEADER
309
CELLSTYLE_END
300
CELLSTYLE
  1
TABLEFORMAT_BEGIN
 90
        5
170
     1
 91
        0
 92
        0
 62
   257
 93
        1
300
CONTENTFORMAT
  1
CONTENTFORMAT_BEGIN
 90
        0
 91
        0
 92
      512
 93
        0
300

 40
0.0
140
1.0
 94
        2
 62
     0
340
11
144
0.18
309
CONTENTFORMAT_END
171
     1
301
MARGIN
  1
CELLMARGIN_BEGIN
 40
0.06
 40
0.06
 40
0.06
 40
0.06
 40
0.18
 40
0.18
309
CELLMARGIN_END
 94
        6
 95
        1
302
GRIDFORMAT
  1
GRIDFORMAT_BEGIN
 90
        0
 91
        1
 62
     0
 92
       -2
340
0
 93
        0
 40
0.045
309
GRIDFORMAT_END
 95
        2
302
GRIDFORMAT
  1
GRIDFORMAT_BEGIN
 90
        0
 91
        1
 62
     0
 92
       -2
340
0
 93
        0
 40
0.045
309
GRIDFORMAT_END
 95
        4
302
GRIDFORMAT
  1
GRIDFORMAT_BEGIN
 90
        0
 91
        1
 62
     0
 92
       -2
340
0
 93
        0
 40
0.045
309
GRIDFORMAT_END
 95
        8
302
GRIDFORMAT
  1
GRIDFORMAT_BEGIN
 90
        0
 91
        1
 62
     0
 92
       -2
340
0
 93
        0
 40
0.045
309
GRIDFORMAT_END
 95
       16
302
GRIDFORMAT
  1
GRIDFORMAT_BEGIN
 90
        0
 91
        1
 62
     0
 92
       -2
340
0
 93
        0
 40
0.045
309
GRIDFORMAT_END
 95
       32
302
GRIDFORMAT
  1
GRIDFORMAT_BEGIN
 90
        0
 91
        1
 62
     0
 92
       -2
340
0
 93
        0
 40
0.045
309
GRIDFORMAT_END
309
TABLEFORMAT_END
  1
CELLSTYLE_BEGIN
 90
        3
 91
        2
300
_DATA
309
CELLSTYLE_END
  0
ENDSEC
  0
SECTION
  2
ACDSDATA
 70
     2
 71
     8
  0
ACDSSCHEMA
 90
        0
  1
AcDb_Thumbnail_Schema
  2
AcDbDs::ID
280
    10
 91
        8
  2
Thumbnail_Data
280
    15
 91
        0
101
ACDSRECORD
 95
        0
 90
        1
  2
AcDbDs::TreatedAsObjectData
280
     1
291
     1
101
ACDSRECORD
 95
        0
 90
        2
  2
AcDbDs::Legacy
280
     1
291
     1
101
ACDSRECORD
  1
AcDbDs::ID
 90
        3
  2
AcDs:Indexable
280
     1
291
     1
101
ACDSRECORD
  1
AcDbDs::ID
 90
        4
  2
AcDbDs::HandleAttribute
280
     7
282
     1
  0
ACDSSCHEMA
 90
        1
  1
AcDbDs::TreatedAsObjectDataSchema
  2
AcDbDs::TreatedAsObjectData
280
     1
 91
        0
  0
ACDSSCHEMA
 90
        2
  1
AcDbDs::LegacySchema
  2
AcDbDs::Legacy
280
     1
 91
        0
  0
ACDSSCHEMA
 90
        3
  1
AcDbDs::IndexedPropertySchema
  2
AcDs:Indexable
280
     1
 91
        0
  0
ACDSSCHEMA
 90
        4
  1
AcDbDs::HandleAttributeSchema
  2
AcDbDs::HandleAttribute
280
     7
 91
        1
284
     1
  0
ACDSRECORD
 90
        0
  2
AcDbDs::ID
280
    10
320
22
  2
Thumbnail_Data
280
    15
 94
     1796
310
89504E470D0A1A0A0000000D4948445200000100000000A808030000003894C06300000300504C5445212830FFFFFF2128300000000000000000000000000000000000000000000000000000330000660000990000CC0000FF0033000033330033660033990033CC0033FF0066000066330066660066990066CC0066FF0099
310
000099330099660099990099CC0099FF00CC0000CC3300CC6600CC9900CCCC00CCFF00FF0000FF3300FF6600FF9900FFCC00FFFF3300003300333300663300993300CC3300FF3333003333333333663333993333CC3333FF3366003366333366663366993366CC3366FF3399003399333399663399993399CC3399FF33CC00
310
33CC3333CC6633CC9933CCCC33CCFF33FF0033FF3333FF6633FF9933FFCC33FFFF6600006600336600666600996600CC6600FF6633006633336633666633996633CC6633FF6666006666336666666666996666CC6666FF6699006699336699666699996699CC6699FF66CC0066CC3366CC6666CC9966CCCC66CCFF66FF0066
310
FF3366FF6666FF9966FFCC66FFFF9900009900339900669900999900CC9900FF9933009933339933669933999933CC9933FF9966009966339966669966999966CC9966FF9999009999339999669999999999CC9999FF99CC0099CC3399CC6699CC9999CCCC99CCFF99FF0099FF3399FF6699FF9999FFCC99FFFFCC0000CC00
310
33CC0066CC0099CC00CCCC00FFCC3300CC3333CC3366CC3399CC33CCCC33FFCC6600CC6633CC6666CC6699CC66CCCC66FFCC9900CC9933CC9966CC9999CC99CCCC99FFCCCC00CCCC33CCCC66CCCC99CCCCCCCCCCFFCCFF00CCFF33CCFF66CCFF99CCFFCCCCFFFFFF0000FF0033FF0066FF0099FF00CCFF00FFFF3300FF3333
310
FF3366FF3399FF33CCFF33FFFF6600FF6633FF6666FF6699FF66CCFF66FFFF9900FF9933FF9966FF9999FF99CCFF99FFFFCC00FFCC33FFCC66FFCC99FFCCCCFFCCFFFFFF00FFFF33FFFF66FFFF99FFFFCCFFFFFF0000000D0D0D1A1A1A2828283535354343435050505D5D5D6B6B6B787878868686939393A1A1A1AEAEAEBB
310
BBBBC9C9C9D6D6D6E4E4E4F1F1F1FFFFFF0000000000000000000000000000000000000000000000000000000000002E4550F1000001314944415478DAEDD8CD91C2300C065077A0FE9B7125B4A1FB060CDC6279070EEBEC7B339CD030F8B3FC93B4060000000000000000000000000000C0B54564E6BCA41FAE1B4046B6AC
310
6AAA88B61EFFBD03B2187E9DD1C6F39F6D9EC018FFE6019CCFE0D101AF16C84902AF8872E3463F6D8118033C2F7907D0B7DD0C7AC6647F8BB1C8E3BC059EABA47F3CFEDBF3F369CDAF03E871BEC4C71AC859C9E3FB5E1F87596DA8ED7658A8F976ABF5763EBAB8CFF06D56F26881FBA4F4D6ABC9EBAD0E60A1E6FBC74ECCF6
310
8771178A859360D70E9807908F7D70DA01AF7DB0BE11CEFFF958DF2B35DFBEEFC6F48C3C7AA02869A307763D0623CBFB505952B7F75F0EA0BE27C4C203C1759F08002EADBEC52FBCF45A7918E86F9FFF8C00000000000000000000000000000000000000000000FEA91F59481248D1E285D00000000049454E44AE4260828E
310
9B95D43D20F53F0C0000003995C1C2D253BF66623901084000021040E60000000000000000000000000000000000FEA73F6C277EB22FEF2E050000000049454E44AE4260820000000000C0D89EDF1248DF14281FEFDFA5C793FC989EC4BC6F9D772FE68F06151BBBFD9CEC7BB33D6E3FF9C5B903A82A20AEAF85F487D87B6B
310
55B9DDDF04AA0A886505C4FE5B7B696F433781EEDF6C4A5B2B3BC1119AC076E263AC3A41DBFF0A090000000000000000000000000000000000E6F60FA0DE2E6CB3BAE05A0000000049454E44AE42608260E63BC69B7FCC4CEFDDF3781930E54F8EDC045448D400AF4950D77709000000000000000000000000000000000000
310
E066EC3E47ADBC72F8F2EE39BE25DAE2CAE19BCBB3606B3E10E05103EA02C2978039CE33010C818FF901CD2922C2E2ED2A800000000049454E44AE4260826B002CE7B9DE2D8EF888BE86C01AC0A6367422FD6600E6DDBD7966209EC23F4F603B175876F39C455F0360331BBCD3107FE1D701D81C6C7519FD79029B1521DCA5
310
8F600096235ED3CB875B00E79E1BB3FF1791D7341802C0ECFFA27FB2CF2281D56742025897BFB97C5823E990C0E60301016CE37F0E823800B6B7E7E73FFC3906F03F022F379792522800FB7BB3F72C902A8BB8E000D00580FA1572C773814A00F992D3BDB65D0049FB7CB7751B84F609FF0B9A54ED947600A07297087101A0
310
8F2C905A9D1C8C07E0A213FE0E2490C2032081E8364802918BA14E08B87731122000122000122000122000022081EB0048740242095002BEC340BF12C0E99B7A71019CBDA51B1BC4C91BFAB1419CFC733F99107FB60899102F300E46D99304E6E837BF3F1C6CECC90576A7379EE73910A21E7EFB7D3707BE01E428801F0EDC
310
12AE07546BA30000000049454E44AE426082
  0
ENDSEC
  0
EOF
