  0
SECTION
  2
HEADER
  9
$ACADVER
  1
AC1021
  9
$ACADMAINTVER
 70
    50
  9
$DWGCODEPAGE
  3
ANSI_1252
  9
$LASTSAVEDBY
  1
gabe
  9
$INSBASE
 10
0.0
 20
0.0
 30
0.0
  9
$EXTMIN
 10
12178.19114276357
 20
4491.834696838789
 30
0.0
  9
$EXTMAX
 10
19262.42117760949
 20
26338.04516608929
 30
0.0
  9
$LIMMIN
 10
0.0
 20
0.0
  9
$LIMMAX
 10
12.0
 20
9.0
  9
$ORTHOMODE
 70
     1
  9
$REGENMODE
 70
     1
  9
$FILLMODE
 70
     1
  9
$QTEXTMODE
 70
     0
  9
$MIRRTEXT
 70
     0
  9
$LTSCALE
 40
1.0
  9
$ATTMODE
 70
     1
  9
$TEXTSIZE
 40
69.84339701005047
  9
$TRACEWID
 40
0.05
  9
$TEXTSTYLE
  7
Standard
  9
$CLAYER
  8
WALL
  9
$CELTYPE
  6
ByLayer
  9
$CECOLOR
 62
   256
  9
$CELTSCALE
 40
1.0
  9
$DISPSILH
 70
     0
  9
$DIMSCALE
 40
1.0
  9
$DIMASZ
 40
0.18
  9
$DIMEXO
 40
0.0625
  9
$DIMDLI
 40
0.38
  9
$DIMRND
 40
0.0
  9
$DIMDLE
 40
0.0
  9
$DIMEXE
 40
0.18
  9
$DIMTP
 40
0.0
  9
$DIMTM
 40
0.0
  9
$DIMTXT
 40
0.18
  9
$DIMCEN
 40
0.09
  9
$DIMTSZ
 40
0.0
  9
$DIMTOL
 70
     0
  9
$DIMLIM
 70
     0
  9
$DIMTIH
 70
     1
  9
$DIMTOH
 70
     1
  9
$DIMSE1
 70
     0
  9
$DIMSE2
 70
     0
  9
$DIMTAD
 70
     0
  9
$DIMZIN
 70
     0
  9
$DIMBLK
  1

  9
$DIMASO
 70
     1
  9
$DIMSHO
 70
     1
  9
$DIMPOST
  1

  9
$DIMAPOST
  1

  9
$DIMALT
 70
     0
  9
$DIMALTD
 70
     2
  9
$DIMALTF
 40
25.4
  9
$DIMLFAC
 40
1.0
  9
$DIMTOFL
 70
     0
  9
$DIMTVP
 40
0.0
  9
$DIMTIX
 70
     0
  9
$DIMSOXD
 70
     0
  9
$DIMSAH
 70
     0
  9
$DIMBLK1
  1

  9
$DIMBLK2
  1

  9
$DIMSTYLE
  2
Standard
  9
$DIMCLRD
 70
     0
  9
$DIMCLRE
 70
     0
  9
$DIMCLRT
 70
     0
  9
$DIMTFAC
 40
1.0
  9
$DIMGAP
 40
0.09
  9
$DIMJUST
 70
     0
  9
$DIMSD1
 70
     0
  9
$DIMSD2
 70
     0
  9
$DIMTOLJ
 70
     1
  9
$DIMTZIN
 70
     0
  9
$DIMALTZ
 70
     0
  9
$DIMALTTZ
 70
     0
  9
$DIMUPT
 70
     0
  9
$DIMDEC
 70
     4
  9
$DIMTDEC
 70
     4
  9
$DIMALTU
 70
     5
  9
$DIMALTTD
 70
     2
  9
$DIMTXSTY
  7
Standard
  9
$DIMAUNIT
 70
     0
  9
$DIMADEC
 70
     0
  9
$DIMALTRND
 40
0.0
  9
$DIMAZIN
 70
     0
  9
$DIMDSEP
 70
    46
  9
$DIMATFIT
 70
     3
  9
$DIMFRAC
 70
     0
  9
$DIMLDRBLK
  1

  9
$DIMLUNIT
 70
     5
  9
$DIMLWD
 70
    -2
  9
$DIMLWE
 70
    -2
  9
$DIMTMOVE
 70
     0
  9
$DIMFXL
 40
1.0
  9
$DIMFXLON
 70
     0
  9
$DIMJOGANG
 40
0.7853981633974483
  9
$DIMTFILL
 70
     0
  9
$DIMTFILLCLR
 70
     0
  9
$DIMARCSYM
 70
     0
  9
$DIMLTYPE
  6

  9
$DIMLTEX1
  6

  9
$DIMLTEX2
  6

  9
$LUNITS
 70
     5
  9
$LUPREC
 70
     4
  9
$SKETCHINC
 40
0.1
  9
$FILLETRAD
 40
0.0
  9
$AUNITS
 70
     0
  9
$AUPREC
 70
     0
  9
$MENU
  1
.
  9
$ELEVATION
 40
0.0
  9
$PELEVATION
 40
0.0
  9
$THICKNESS
 40
0.0
  9
$LIMCHECK
 70
     0
  9
$CHAMFERA
 40
0.0
  9
$CHAMFERB
 40
0.0
  9
$CHAMFERC
 40
0.0
  9
$CHAMFERD
 40
0.0
  9
$SKPOLY
 70
     0
  9
$TDCREATE
 40
2461047.355358796
  9
$TDUCREATE
 40
2461047.647025463
  9
$TDUPDATE
 40
2461115.890787037
  9
$TDUUPDATE
 40
2461116.140787037
  9
$TDINDWG
 40
0.7128587963
  9
$TDUSRTIMER
 40
0.7128587963
  9
$USRTIMER
 70
     1
  9
$ANGBASE
 50
0.0
  9
$ANGDIR
 70
     0
  9
$PDMODE
 70
    99
  9
$PDSIZE
 40
0.0
  9
$PLINEWID
 40
0.0
  9
$SPLFRAME
 70
     0
  9
$SPLINETYPE
 70
     6
  9
$SPLINESEGS
 70
     8
  9
$HANDSEED
  5
198B4
  9
$SURFTAB1
 70
     6
  9
$SURFTAB2
 70
     6
  9
$SURFTYPE
 70
     6
  9
$SURFU
 70
     6
  9
$SURFV
 70
     6
  9
$UCSBASE
  2

  9
$UCSNAME
  2

  9
$UCSORG
 10
0.0
 20
0.0
 30
0.0
  9
$UCSXDIR
 10
1.0
 20
0.0
 30
0.0
  9
$UCSYDIR
 10
0.0
 20
1.0
 30
0.0
  9
$UCSORTHOREF
  2

  9
$UCSORTHOVIEW
 70
     0
  9
$UCSORGTOP
 10
0.0
 20
0.0
 30
0.0
  9
$UCSORGBOTTOM
 10
0.0
 20
0.0
 30
0.0
  9
$UCSORGLEFT
 10
0.0
 20
0.0
 30
0.0
  9
$UCSORGRIGHT
 10
0.0
 20
0.0
 30
0.0
  9
$UCSORGFRONT
 10
0.0
 20
0.0
 30
0.0
  9
$UCSORGBACK
 10
0.0
 20
0.0
 30
0.0
  9
$PUCSBASE
  2

  9
$PUCSNAME
  2

  9
$PUCSORG
 10
0.0
 20
0.0
 30
0.0
  9
$PUCSXDIR
 10
1.0
 20
0.0
 30
0.0
  9
$PUCSYDIR
 10
0.0
 20
1.0
 30
0.0
  9
$PUCSORTHOREF
  2

  9
$PUCSORTHOVIEW
 70
     0
  9
$PUCSORGTOP
 10
0.0
 20
0.0
 30
0.0
  9
$PUCSORGBOTTOM
 10
0.0
 20
0.0
 30
0.0
  9
$PUCSORGLEFT
 10
0.0
 20
0.0
 30
0.0
  9
$PUCSORGRIGHT
 10
0.0
 20
0.0
 30
0.0
  9
$PUCSORGFRONT
 10
0.0
 20
0.0
 30
0.0
  9
$PUCSORGBACK
 10
0.0
 20
0.0
 30
0.0
  9
$USERI1
 70
     0
  9
$USERI2
 70
     0
  9
$USERI3
 70
     0
  9
$USERI4
 70
     0
  9
$USERI5
 70
     0
  9
$USERR1
 40
0.0
  9
$USERR2
 40
0.0
  9
$USERR3
 40
0.0
  9
$USERR4
 40
0.0
  9
$USERR5
 40
0.0
  9
$WORLDVIEW
 70
     1
  9
$SHADEDGE
 70
     3
  9
$SHADEDIF
 70
    70
  9
$TILEMODE
 70
     1
  9
$MAXACTVP
 70
    64
  9
$PINSBASE
 10
0.0
 20
0.0
 30
0.0
  9
$PLIMCHECK
 70
     0
  9
$PEXTMIN
 10
1.000000000000000E+20
 20
1.000000000000000E+20
 30
1.000000000000000E+20
  9
$PEXTMAX
 10
-1.000000000000000E+20
 20
-1.000000000000000E+20
 30
-1.000000000000000E+20
  9
$PLIMMIN
 10
-0.2264914484863312
 20
-0.2575677765972662
  9
$PLIMMAX
 10
4.318183056762259
 20
3.254226136713282
  9
$UNITMODE
 70
     0
  9
$VISRETAIN
 70
     1
  9
$PLINEGEN
 70
     0
  9
$PSLTSCALE
 70
     1
  9
$TREEDEPTH
 70
  3020
  9
$CMLSTYLE
  2
Standard
  9
$CMLJUST
 70
     0
  9
$CMLSCALE
 40
1.0
  9
$PROXYGRAPHICS
 70
     1
  9
$MEASUREMENT
 70
     0
  9
$CELWEIGHT
370
    -1
  9
$ENDCAPS
280
     0
  9
$JOINSTYLE
280
     0
  9
$LWDISPLAY
290
     0
  9
$INSUNITS
 70
     2
  9
$HYPERLINKBASE
  1

  9
$STYLESHEET
  1

  9
$XEDIT
290
     1
  9
$CEPSNTYPE
380
     0
  9
$PSTYLEMODE
290
     1
  9
$FINGERPRINTGUID
  2
{C3293D0F-2661-4944-94E0-E8047C83B62F}
  9
$VERSIONGUID
  2
{01B30654-0900-AE4E-85B1-1AC97D2E0D1F}
  9
$EXTNAMES
290
     1
  9
$PSVPSCALE
 40
0.0
  9
$OLESTARTUP
290
     0
  9
$SORTENTS
280
   127
  9
$INDEXCTL
280
     0
  9
$HIDETEXT
280
     1
  9
$XCLIPFRAME
290
     0
  9
$HALOGAP
280
     0
  9
$OBSCOLOR
 70
   257
  9
$OBSLTYPE
280
     0
  9
$INTERSECTIONDISPLAY
280
     0
  9
$INTERSECTIONCOLOR
 70
   257
  9
$DIMASSOC
280
     2
  9
$PROJECTNAME
  1

  9
$CAMERADISPLAY
290
     0
  9
$LENSLENGTH
 40
50.0
  9
$CAMERAHEIGHT
 40
0.0
  9
$STEPSPERSEC
 40
2.0
  9
$STEPSIZE
 40
6.0
  9
$3DDWFPREC
 40
2.0
  9
$PSOLWIDTH
 40
0.25
  9
$PSOLHEIGHT
 40
4.0
  9
$LOFTANG1
 40
1.570796326794896
  9
$LOFTANG2
 40
1.570796326794896
  9
$LOFTMAG1
 40
0.0
  9
$LOFTMAG2
 40
0.0
  9
$LOFTPARAM
 70
     7
  9
$LOFTNORMALS
280
     1
  9
$LATITUDE
 40
0.0
  9
$LONGITUDE
 40
0.0
  9
$NORTHDIRECTION
 40
0.0
  9
$TIMEZONE
 70
     0
  9
$LIGHTGLYPHDISPLAY
280
     1
  9
$TILEMODELIGHTSYNCH
280
     1
  9
$CMATERIAL
347
11
  9
$SOLIDHIST
280
     0
  9
$SHOWHIST
280
     1
  9
$DWFFRAME
280
     2
  9
$DGNFRAME
280
     0
  9
$REALWORLDSCALE
290
     1
  9
$INTERFERECOLOR
 62
     1
  9
$INTERFEREOBJVS
345
33
  9
$INTERFEREVPVS
346
30
  9
$CSHADOW
280
     0
  9
$SHADOWPLANELOCATION
 40
0.0
  0
ENDSEC
  0
SECTION
  2
CLASSES
  0
CLASS
  1
ACDBDICTIONARYWDFLT
  2
AcDbDictionaryWithDefault
  3
ObjectDBX Classes
 90
        0
 91
        1
280
     0
281
     0
  0
CLASS
  1
MATERIAL
  2
AcDbMaterial
  3
ObjectDBX Classes
 90
     1153
 91
        3
280
     0
281
     0
  0
CLASS
  1
VISUALSTYLE
  2
AcDbVisualStyle
  3
ObjectDBX Classes
 90
     4095
 91
       24
280
     0
281
     0
  0
CLASS
  1
SCALE
  2
AcDbScale
  3
ObjectDBX Classes
 90
     1153
 91
       17
280
     0
281
     0
  0
CLASS
  1
TABLESTYLE
  2
AcDbTableStyle
  3
ObjectDBX Classes
 90
     4095
 91
        1
280
     0
281
     0
  0
CLASS
  1
MLEADERSTYLE
  2
AcDbMLeaderStyle
  3
ACDB_MLEADERSTYLE_CLASS
 90
     4095
 91
        1
280
     0
281
     0
  0
CLASS
  1
ACDBSECTIONVIEWSTYLE
  2
AcDbSectionViewStyle
  3
ObjectDBX Classes
 90
     1025
 91
        1
280
     0
281
     0
  0
CLASS
  1
ACDBDETAILVIEWSTYLE
  2
AcDbDetailViewStyle
  3
ObjectDBX Classes
 90
     1025
 91
        1
280
     0
281
     0
  0
CLASS
  1
RASTERVARIABLES
  2
AcDbRasterVariables
  3
ISM
 90
        0
 91
        1
280
     0
281
     0
  0
CLASS
  1
DICTIONARYVAR
  2
AcDbDictionaryVar
  3
ObjectDBX Classes
 90
        0
 91
       54
280
     0
281
     0
  0
CLASS
  1
SORTENTSTABLE
  2
AcDbSortentsTable
  3
ObjectDBX Classes
 90
        0
 91
        7
280
     0
281
     0
  0
CLASS
  1
SUN
  2
AcDbSun
  3
SCENEOE
 90
     1153
 91
        1
280
     0
281
     0
  0
CLASS
  1
EXACXREFPANELOBJECT
  2
ExAcXREFPanelObject
  3
EXAC_ESW
 90
     1025
 91
        0
280
     0
281
     0
  0
CLASS
  1
NPOCOLLECTION
  2
AcDbImpNonPersistentObjectsCollection
  3
ObjectDBX Classes
 90
     1153
 91
        0
280
     0
281
     0
  0
CLASS
  1
CELLSTYLEMAP
  2
AcDbCellStyleMap
  3
ObjectDBX Classes
 90
     1152
 91
        4
280
     0
281
     0
  0
CLASS
  1
ACDBASSOCPERSSUBENTMANAGER
  2
AcDbAssocPersSubentManager
  3
ObjectDBX Classes
 90
     1024
 91
        1
280
     0
281
     0
  0
ENDSEC
  0
SECTION
  2
TABLES
  0
TABLE
  2
VPORT
  5
8
330
0
100
AcDbSymbolTable
 70
     1
  0
VPORT
  5
57
330
8
100
AcDbSymbolTableRecord
100
AcDbViewportTableRecord
  2
*Active
 70
     0
 10
0.0
 20
0.0
 11
1.0
 21
1.0
 12
15735.76432120144
 22
17051.57513829504
 13
0.0
 23
0.0
 14
1.0
 24
1.0
 15
0.0
 25
0.0
 16
0.0
 26
0.0
 36
1.0
 17
0.0
 27
0.0
 37
0.0
 40
249.8754503333677
 41
1.851655629139072
 42
50.0
 43
0.0
 44
0.0
 50
0.0
 51
0.0
 71
     0
 72
  1000
 73
     1
 74
     1
 75
     0
 76
     0
 77
     0
 78
     0
281
     0
 65
     1
110
0.0
120
0.0
130
0.0
111
1.0
121
0.0
131
0.0
112
0.0
122
1.0
132
0.0
 79
     0
146
0.0
348
2F
 60
     3
 61
     5
292
     1
282
     1
141
0.0
142
0.0
 63
   250
421
  3355443
361
1220
1001
ACAD_NAV_VCDISPLAY
1070
     3
  0
ENDTAB
  0
TABLE
  2
LTYPE
  5
5
330
0
100
AcDbSymbolTable
 70
     1
  0
LTYPE
  5
5B
330
5
100
AcDbSymbolTableRecord
100
AcDbLinetypeTableRecord
  2
ByBlock
 70
     0
  3

 72
    65
 73
     0
 40
0.0
  0
LTYPE
  5
5C
330
5
100
AcDbSymbolTableRecord
100
AcDbLinetypeTableRecord
  2
ByLayer
 70
     0
  3

 72
    65
 73
     0
 40
0.0
  0
LTYPE
  5
5D
330
5
100
AcDbSymbolTableRecord
100
AcDbLinetypeTableRecord
  2
Continuous
 70
     0
  3
Solid line
 72
    65
 73
     0
 40
0.0
  0
ENDTAB
  0
TABLE
  2
LAYER
  5
2
102
{ACAD_XDICTIONARY
360
123F
102
}
330
0
100
AcDbSymbolTable
 70
    18
  0
LAYER
  5
54
330
2
100
AcDbSymbolTableRecord
100
AcDbLayerTableRecord
  2
0
 70
     0
 62
     7
  6
Continuous
370
    -3
390
F
347
21
  0
LAYER
  5
BCD
330
2
100
AcDbSymbolTableRecord
100
AcDbLayerTableRecord
  2
Defpoints
 70
     0
 62
     7
  6
Continuous
290
     0
370
    -3
390
F
347
21
  0
LAYER
  5
3B3F
330
2
100
AcDbSymbolTableRecord
100
AcDbLayerTableRecord
  2
COLUMN NUMBER
 70
     0
 62
     7
  6
Continuous
370
     9
390
F
347
21
  0
LAYER
  5
1810D
330
2
100
AcDbSymbolTableRecord
100
AcDbLayerTableRecord
  2
COLS
 70
     0
 62
    92
  6
Continuous
370
    -3
390
F
347
21
1001
AcAecLayerStandard
1000

1000

1001
AcCmTransparency
1071
        0
  0
LAYER
  5
1810E
330
2
100
AcDbSymbolTableRecord
100
AcDbLayerTableRecord
  2
WALL
 70
     0
 62
   160
  6
Continuous
370
    -3
390
F
347
21
1001
AcAecLayerStandard
1000

1000

1001
AcCmTransparency
1071
        0
  0
LAYER
  5
18110
330
2
100
AcDbSymbolTableRecord
100
AcDbLayerTableRecord
  2
BOUNDARY
 70
     0
 62
     4
  6
Continuous
370
    -3
390
F
347
21
1001
AcAecLayerStandard
1000

1000

1001
AcCmTransparency
1071
        0
  0
LAYER
  5
18573
330
2
100
AcDbSymbolTableRecord
100
AcDbLayerTableRecord
  2
FLOOR NUMBER
 70
     0
 62
     1
  6
Continuous
370
    -3
390
F
347
21
1001
AcAecLayerStandard
1000

1000

1001
AcCmTransparency
1071
        0
  0
LAYER
  5
185D6
330
2
100
AcDbSymbolTableRecord
100
AcDbLayerTableRecord
  2
POINT
 70
     0
 62
     2
  6
Continuous
370
    -3
390
F
347
21
1001
AcAecLayerStandard
1000

1000

1001
AcCmTransparency
1071
        0
  0
ENDTAB
  0
TABLE
  2
STYLE
  5
3
330
0
100
AcDbSymbolTable
 70
     9
  0
STYLE
  5
55
330
3
100
AcDbSymbolTableRecord
100
AcDbTextStyleTableRecord
  2
Standard
 70
     0
 40
0.0
 41
1.0
 50
0.0
 71
     0
 42
69.84339701005047
  3
txt
  4

  0
STYLE
  5
116E
330
3
100
AcDbSymbolTableRecord
100
AcDbTextStyleTableRecord
  2
Segoe UI_2
 70
     0
 40
0.0078125
 41
1.0
 50
0.0
 71
     0
 42
0.2
  3
segoeui.ttf
  4

1001
ACAD
1000
Segoe UI
1071
       34
  0
STYLE
  5
11C9
330
3
100
AcDbSymbolTableRecord
100
AcDbTextStyleTableRecord
  2
Arial Narrow_B
 70
     0
 40
0.0208333333333333
 41
0.95
 50
0.0
 71
     0
 42
0.2
  3
ARIALNB.TTF
  4

1001
ACAD
1000
Arial Narrow
1071
 33554466
  0
STYLE
  5
11CE
330
3
100
AcDbSymbolTableRecord
100
AcDbTextStyleTableRecord
  2
Arial Narrow_1
 70
     0
 40
0.0208333333333333
 41
1.0
 50
0.0
 71
     0
 42
0.2
  3
ARIALN.TTF
  4

1001
ACAD
1000
Arial Narrow
1071
       34
  0
STYLE
  5
11D5
330
3
100
AcDbSymbolTableRecord
100
AcDbTextStyleTableRecord
  2
Segoe UI_3
 70
     0
 40
0.015625
 41
1.0
 50
0.0
 71
     0
 42
0.2
  3
segoeui.ttf
  4

1001
ACAD
1000
Segoe UI
1071
       34
  0
STYLE
  5
11DA
330
3
100
AcDbSymbolTableRecord
100
AcDbTextStyleTableRecord
  2
Segoe UI_4
 70
     0
 40
0.0208333333333334
 41
1.0
 50
0.0
 71
     0
 42
0.2
  3
segoeui.ttf
  4

1001
ACAD
1000
Segoe UI
1071
       34
  0
STYLE
  5
11E5
330
3
100
AcDbSymbolTableRecord
100
AcDbTextStyleTableRecord
  2
Arial_5
 70
     0
 40
0.0104166666666667
 41
1.0
 50
0.0
 71
     0
 42
0.2
  3
arial.ttf
  4

1001
ACAD
1000
Arial
1071
       34
  0
STYLE
  5
1212
330
3
100
AcDbSymbolTableRecord
100
AcDbTextStyleTableRecord
  2
Arial_B_2
 70
     0
 40
0.0080605158730159
 41
1.0
 50
0.0
 71
     0
 42
0.2
  3
arialbd.ttf
  4

1001
ACAD
1000
Arial
1071
 33554466
  0
STYLE
  5
3B40
330
3
100
AcDbSymbolTableRecord
100
AcDbTextStyleTableRecord
  2
Segoe UI_B
 70
     0
 40
0.3749999999999997
 41
1.0
 50
0.0
 71
     0
 42
0.2
  3
segoeuib.ttf
  4

1001
ACAD
1000
Segoe UI
1071
 33554466
  0
ENDTAB
  0
TABLE
  2
VIEW
  5
6
330
0
100
AcDbSymbolTable
 70
    12
  0
ENDTAB
  0
TABLE
  2
UCS
  5
7
330
0
100
AcDbSymbolTable
 70
     0
  0
ENDTAB
  0
TABLE
  2
APPID
  5
9
330
0
100
AcDbSymbolTable
 70
    15
  0
APPID
  5
56
330
9
100
AcDbSymbolTableRecord
100
AcDbRegAppTableRecord
  2
ACAD
 70
     0
  0
APPID
  5
5E
330
9
100
AcDbSymbolTableRecord
100
AcDbRegAppTableRecord
  2
AcadAnnotative
 70
     0
  0
APPID
  5
78
330
9
100
AcDbSymbolTableRecord
100
AcDbRegAppTableRecord
  2
REVIT
 70
     0
  0
APPID
  5
13F
330
9
100
AcDbSymbolTableRecord
100
AcDbRegAppTableRecord
  2
HATCHBACKGROUNDCOLOR
 70
     0
  0
APPID
  5
1238
330
9
100
AcDbSymbolTableRecord
100
AcDbRegAppTableRecord
  2
ACAD_PSEXT
 70
     0
  0
APPID
  5
124B
330
9
100
AcDbSymbolTableRecord
100
AcDbRegAppTableRecord
  2
ACAD_NAV_VCDISPLAY
 70
     0
  0
APPID
  5
1281
330
9
100
AcDbSymbolTableRecord
100
AcDbRegAppTableRecord
  2
ACAD_EXEMPT_FROM_CAD_STANDARDS
 70
     0
  0
APPID
  5
1810A
330
9
100
AcDbSymbolTableRecord
100
AcDbRegAppTableRecord
  2
AcAecLayerStandard
 70
     0
  0
APPID
  5
1810B
330
9
100
AcDbSymbolTableRecord
100
AcDbRegAppTableRecord
  2
AcCmTransparency
 70
     0
  0
APPID
  5
1811B
330
9
100
AcDbSymbolTableRecord
100
AcDbRegAppTableRecord
  2
ACAD_DSTYLE_DIMJAG
 70
     0
  0
APPID
  5
1811C
330
9
100
AcDbSymbolTableRecord
100
AcDbRegAppTableRecord
  2
ACAD_DSTYLE_DIMTALN
 70
     0
  0
APPID
  5
1811D
330
9
100
AcDbSymbolTableRecord
100
AcDbRegAppTableRecord
  2
PLOTTRANSPARENCY
 70
     0
  0
APPID
  5
1811E
330
9
100
AcDbSymbolTableRecord
100
AcDbRegAppTableRecord
  2
ACAD_DSTYLE_DIMBREAK
 70
     0
  0
APPID
  5
1811F
330
9
100
AcDbSymbolTableRecord
100
AcDbRegAppTableRecord
  2
AcadAnnoAV
 70
     0
  0
APPID
  5
1882A
330
9
100
AcDbSymbolTableRecord
100
AcDbRegAppTableRecord
  2
ACAD_MLEADERVER
 70
     0
  0
ENDTAB
  0
TABLE
  2
DIMSTYLE
  5
A
330
0
100
AcDbSymbolTable
 70
     2
100
AcDbDimStyleTable
 71
     0
  0
DIMSTYLE
105
58
330
A
100
AcDbSymbolTableRecord
100
AcDbDimStyleTableRecord
  2
Standard
 70
     0
340
55
  0
ENDTAB
  0
TABLE
  2
BLOCK_RECORD
  5
1
330
0
100
AcDbSymbolTable
 70
     4
  0
BLOCK_RECORD
  5
70
102
{ACAD_XDICTIONARY
360
121B
102
}
330
1
100
AcDbSymbolTableRecord
100
AcDbBlockTableRecord
  2
*Model_Space
340
73
 70
     0
280
     1
281
     0
  0
BLOCK_RECORD
  5
6C
330
1
100
AcDbSymbolTableRecord
100
AcDbBlockTableRecord
  2
*Paper_Space
340
6F
 70
     0
280
     1
281
     0
  0
BLOCK_RECORD
  5
1007
102
{ACAD_XDICTIONARY
360
19493
102
}
330
1
100
AcDbSymbolTableRecord
100
AcDbBlockTableRecord
  2
The J Associates 36 x 48 - KAO - PROJECT ADDRESS 1-7577066-PROPOSED ROOF PLAN
340
0
 70
     0
280
     1
281
     0
  0
BLOCK_RECORD
  5
11E0
102
{ACAD_XDICTIONARY
360
19824
102
}
330
1
100
AcDbSymbolTableRecord
100
AcDbBlockTableRecord
  2
Viewport - View Title-9019356-PROPOSED ROOF PLAN
340
0
 70
     0
280
     1
281
     0
  0
ENDTAB
  0
ENDSEC
  0
SECTION
  2
BLOCKS
  0
BLOCK
  5
71
330
70
100
AcDbEntity
  8
0
100
AcDbBlockBegin
  2
*Model_Space
 70
     0
 10
0.0
 20
0.0
 30
0.0
  3
*Model_Space
  1

  0
ENDBLK
  5
72
330
70
100
AcDbEntity
  8
0
100
AcDbBlockEnd
  0
BLOCK
  5
6D
330
6C
100
AcDbEntity
 67
     1
  8
0
100
AcDbBlockBegin
  2
*Paper_Space
 70
     0
 10
0.0
 20
0.0
 30
0.0
  3
*Paper_Space
  1

  0
ENDBLK
  5
6E
330
6C
100
AcDbEntity
 67
     1
  8
0
100
AcDbBlockEnd
  0
BLOCK
  5
11D0
330
1007
100
AcDbEntity
  8
0
100
AcDbBlockBegin
  2
The J Associates 36 x 48 - KAO - PROJECT ADDRESS 1-7577066-PROPOSED ROOF PLAN
 70
     0
 10
0.0
 20
0.0
 30
0.0
  3
The J Associates 36 x 48 - KAO - PROJECT ADDRESS 1-7577066-PROPOSED ROOF PLAN
  1

  0
LINE
  5
1009
330
1007
100
AcDbEntity
  8
0
100
AcDbLine
 10
3.573958333348855
 20
0.1026041670702398
 30
0.0
 11
3.813541666488163
 21
0.1026041670702398
 31
0.0
1001
REVIT
1002
{
1070
     1
1000
4651272
1002
}
1002
{
1070
     5
1000
7577066
1002
}
1002
{
1070
     3
1000
-2000281
1002
}
  0
LINE
  5
100A
330
1007
100
AcDbEntity
  8
0
100
AcDbLine
 10
3.573958333348855
 20
0.1234375000931323
 30
0.0
 11
3.813541666488163
 21
0.1234375000931323
 31
0.0
1001
REVIT
1002
{
1070
     1
1000
4651272
1002
}
1002
{
1070
     5
1000
7577066
1002
}
1002
{
1070
     3
1000
-2000281
1002
}
  0
LINE
  5
100B
330
1007
100
AcDbEntity
  8
0
100
AcDbLine
 10
3.573958333348855
 20
0.2901041670702398
 30
0.0
 11
3.813541666488163
 21
0.2901041670702398
 31
0.0
1001
REVIT
1002
{
1070
     1
1000
4651272
1002
}
1002
{
1070
     5
1000
7577066
1002
}
1002
{
1070
     3
1000
-2000281
1002
}
  0
LINE
  5
100C
330
1007
100
AcDbEntity
  8
0
100
AcDbLine
 10
3.573958333348855
 20
0.4984375000931323
 30
0.0
 11
3.813541666488163
 21
0.4984375000931323
 31
0.0
1001
REVIT
1002
{
1070
     1
1000
4651272
1002
}
1002
{
1070
     5
1000
7577066
1002
}
1002
{
1070
     3
1000
-2000281
1002
}
  0
LINE
  5
100E
330
1007
100
AcDbEntity
  8
0
100
AcDbLine
 10
3.573958333348855
 20
0.6651041670702398
 30
0.0
 11
3.813541666488163
 21
0.6651041670702398
 31
0.0
1001
REVIT
1002
{
1070
     1
1000
4651272
1002
}
1002
{
1070
     5
1000
7577066
1002
}
1002
{
1070
     3
1000
-2000282
1002
}
  0
LINE
  5
100F
330
1007
100
AcDbEntity
  8
0
100
AcDbLine
 10
3.573958333348855
 20
1.206770834047347
 30
0.0
 11
3.813541666488163
 21
1.206770834047347
 31
0.0
1001
REVIT
1002
{
1070
     1
1000
4651272
1002
}
1002
{
1070
     5
1000
7577066
1002
}
1002
{
1070
     3
1000
-2000282
1002
}
  0
LINE
  5
1010
330
1007
100
AcDbEntity
  8
0
100
AcDbLine
 10
3.573958333348855
 20
0.9776041670702397
 30
0.0
 11
3.813541666488163
 21
0.9776041670702397
 31
0.0
1001
REVIT
1002
{
1070
     1
1000
4651272
1002
}
1002
{
1070
     5
1000
7577066
1002
}
1002
{
1070
     3
1000
-2000282
1002
}
  0
LINE
  5
1011
330
1007
100
AcDbEntity
  8
0
100
AcDbLine
 10
3.573958333348855
 20
0.7484375000931323
 30
0.0
 11
3.813541666488163
 21
0.7484375000931323
 31
0.0
1001
REVIT
1002
{
1070
     1
1000
4651272
1002
}
1002
{
1070
     5
1000
7577066
1002
}
1002
{
1070
     3
1000
-2000282
1002
}
  0
LINE
  5
1012
330
1007
100
AcDbEntity
  8
0
100
AcDbLine
 10
3.54270833323244
 20
1.779687500093132
 30
0.0
 11
3.54270833323244
 21
0.0401041670702398
 31
0.0
1001
REVIT
1002
{
1070
     1
1000
4651272
1002
}
1002
{
1070
     5
1000
7577066
1002
}
1002
{
1070
     3
1000
-2000282
1002
}
  0
LINE
  5
1013
330
1007
100
AcDbEntity
  8
0
100
AcDbLine
 10
3.573958333348855
 20
1.206770834047347
 30
0.0
 11
3.813541666488163
 21
1.206770834047347
 31
0.0
1001
REVIT
1002
{
1070
     1
1000
4651272
1002
}
1002
{
1070
     5
1000
7577066
1002
}
1002
{
1070
     3
1000
-2000282
1002
}
  0
LINE
  5
1014
330
1007
100
AcDbEntity
  8
0
100
AcDbLine
 10
3.573958333348855
 20
0.0817708340473473
 30
0.0
 11
3.813541666488163
 21
0.0817708340473473
 31
0.0
1001
REVIT
1002
{
1070
     1
1000
4651272
1002
}
1002
{
1070
     5
1000
7577066
1002
}
1002
{
1070
     3
1000
-2000281
1002
}
  0
LINE
  5
1015
330
1007
100
AcDbEntity
  8
0
100
AcDbLine
 10
3.54270833323244
 20
1.873437500093132
 30
0.0
 11
3.563541666604578
 21
1.873437500093132
 31
0.0
1001
REVIT
1002
{
1070
     1
1000
4651272
1002
}
1002
{
1070
     5
1000
7577066
1002
}
1002
{
1070
     3
1000
-2000281
1002
}
  0
LINE
  5
1016
330
1007
100
AcDbEntity
  8
0
100
AcDbLine
 10
3.54270833323244
 20
1.706770833116024
 30
0.0
 11
3.563541666604578
 21
1.706770833116024
 31
0.0
1001
REVIT
1002
{
1070
     1
1000
4651272
1002
}
1002
{
1070
     5
1000
7577066
1002
}
1002
{
1070
     3
1000
-2000281
1002
}
  0
LINE
  5
1017
330
1007
100
AcDbEntity
  8
0
100
AcDbLine
 10
3.54270833323244
 20
1.540104167070239
 30
0.0
 11
3.563541666604578
 21
1.540104167070239
 31
0.0
1001
REVIT
1002
{
1070
     1
1000
4651272
1002
}
1002
{
1070
     5
1000
7577066
1002
}
1002
{
1070
     3
1000
-2000281
1002
}
  0
LINE
  5
1018
330
1007
100
AcDbEntity
  8
0
100
AcDbLine
 10
3.54270833323244
 20
1.373437500093132
 30
0.0
 11
3.563541666604578
 21
1.373437500093132
 31
0.0
1001
REVIT
1002
{
1070
     1
1000
4651272
1002
}
1002
{
1070
     5
1000
7577066
1002
}
1002
{
1070
     3
1000
-2000281
1002
}
  0
LINE
  5
1019
330
1007
100
AcDbEntity
  8
0
100
AcDbLine
 10
3.54270833323244
 20
1.206770834047347
 30
0.0
 11
3.563541666604578
 21
1.206770834047347
 31
0.0
1001
REVIT
1002
{
1070
     1
1000
4651272
1002
}
1002
{
1070
     5
1000
7577066
1002
}
1002
{
1070
     3
1000
-2000281
1002
}
  0
LINE
  5
101A
330
1007
100
AcDbEntity
  8
0
100
AcDbLine
 10
3.54270833323244
 20
1.040104167070239
 30
0.0
 11
3.563541666604578
 21
1.040104167070239
 31
0.0
1001
REVIT
1002
{
1070
     1
1000
4651272
1002
}
1002
{
1070
     5
1000
7577066
1002
}
1002
{
1070
     3
1000
-2000281
1002
}
  0
LINE
  5
101B
330
1007
100
AcDbEntity
  8
0
100
AcDbLine
 10
3.54270833323244
 20
0.8734375000931322
 30
0.0
 11
3.563541666604578
 21
0.8734375000931322
 31
0.0
1001
REVIT
1002
{
1070
     1
1000
4651272
1002
}
1002
{
1070
     5
1000
7577066
1002
}
1002
{
1070
     3
1000
-2000281
1002
}
  0
LINE
  5
101C
330
1007
100
AcDbEntity
  8
0
100
AcDbLine
 10
3.54270833323244
 20
0.7067708335816861
 30
0.0
 11
3.563541666604578
 21
0.7067708335816861
 31
0.0
1001
REVIT
1002
{
1070
     1
1000
4651272
1002
}
1002
{
1070
     5
1000
7577066
1002
}
1002
{
1070
     3
1000
-2000281
1002
}
  0
LINE
  5
101D
330
1007
100
AcDbEntity
  8
0
100
AcDbLine
 10
3.54270833323244
 20
0.5401041666045785
 30
0.0
 11
3.563541666604578
 21
0.5401041666045785
 31
0.0
1001
REVIT
1002
{
1070
     1
1000
4651272
1002
}
1002
{
1070
     5
1000
7577066
1002
}
1002
{
1070
     3
1000
-2000281
1002
}
  0
LINE
  5
101E
330
1007
100
AcDbEntity
  8
0
100
AcDbLine
 10
3.54270833323244
 20
0.3734375000931323
 30
0.0
 11
3.563541666604578
 21
0.3734375000931323
 31
0.0
1001
REVIT
1002
{
1070
     1
1000
4651272
1002
}
1002
{
1070
     5
1000
7577066
1002
}
1002
{
1070
     3
1000
-2000281
1002
}
  0
LINE
  5
101F
330
1007
100
AcDbEntity
  8
0
100
AcDbLine
 10
3.54270833323244
 20
0.2067708331160247
 30
0.0
 11
3.563541666604578
 21
0.2067708331160247
 31
0.0
1001
REVIT
1002
{
1070
     1
1000
4651272
1002
}
1002
{
1070
     5
1000
7577066
1002
}
1002
{
1070
     3
1000
-2000281
1002
}
  0
LINE
  5
1020
330
1007
100
AcDbEntity
  8
0
100
AcDbLine
 10
3.54270833323244
 20
0.0401041670702398
 30
0.0
 11
3.563541666604578
 21
0.0401041670702398
 31
0.0
1001
REVIT
1002
{
1070
     1
1000
4651272
1002
}
1002
{
1070
     5
1000
7577066
1002
}
1002
{
1070
     3
1000
-2000281
1002
}
  0
LINE
  5
1021
330
1007
100
AcDbEntity
  8
0
100
AcDbLine
 10
3.54270833323244
 20
1.790104167070239
 30
0.0
 11
3.553124999976716
 21
1.790104167070239
 31
0.0
1001
REVIT
1002
{
1070
     1
1000
4651272
1002
}
1002
{
1070
     5
1000
7577066
1002
}
1002
{
1070
     3
1000
-2000281
1002
}
  0
LINE
  5
1022
330
1007
100
AcDbEntity
  8
0
100
AcDbLine
 10
3.54270833323244
 20
1.623437500093132
 30
0.0
 11
3.553124999976716
 21
1.623437500093132
 31
0.0
1001
REVIT
1002
{
1070
     1
1000
4651272
1002
}
1002
{
1070
     5
1000
7577066
1002
}
1002
{
1070
     3
1000
-2000281
1002
}
  0
LINE
  5
1023
330
1007
100
AcDbEntity
  8
0
100
AcDbLine
 10
3.54270833323244
 20
1.456770833581686
 30
0.0
 11
3.553124999976716
 21
1.456770833581686
 31
0.0
1001
REVIT
1002
{
1070
     1
1000
4651272
1002
}
1002
{
1070
     5
1000
7577066
1002
}
1002
{
1070
     3
1000
-2000281
1002
}
  0
LINE
  5
1024
330
1007
100
AcDbEntity
  8
0
100
AcDbLine
 10
3.54270833323244
 20
1.290104166604578
 30
0.0
 11
3.553124999976716
 21
1.290104166604578
 31
0.0
1001
REVIT
1002
{
1070
     1
1000
4651272
1002
}
1002
{
1070
     5
1000
7577066
1002
}
1002
{
1070
     3
1000
-2000281
1002
}
  0
LINE
  5
1025
330
1007
100
AcDbEntity
  8
0
100
AcDbLine
 10
3.54270833323244
 20
1.123437500093132
 30
0.0
 11
3.553124999976716
 21
1.123437500093132
 31
0.0
1001
REVIT
1002
{
1070
     1
1000
4651272
1002
}
1002
{
1070
     5
1000
7577066
1002
}
1002
{
1070
     3
1000
-2000281
1002
}
  0
LINE
  5
1026
330
1007
100
AcDbEntity
  8
0
100
AcDbLine
 10
3.54270833323244
 20
0.9567708331160247
 30
0.0
 11
3.553124999976716
 21
0.9567708331160247
 31
0.0
1001
REVIT
1002
{
1070
     1
1000
4651272
1002
}
1002
{
1070
     5
1000
7577066
1002
}
1002
{
1070
     3
1000
-2000281
1002
}
  0
LINE
  5
1027
330
1007
100
AcDbEntity
  8
0
100
AcDbLine
 10
3.54270833323244
 20
0.7901041670702398
 30
0.0
 11
3.553124999976716
 21
0.7901041670702398
 31
0.0
1001
REVIT
1002
{
1070
     1
1000
4651272
1002
}
1002
{
1070
     5
1000
7577066
1002
}
1002
{
1070
     3
1000
-2000281
1002
}
  0
LINE
  5
1028
330
1007
100
AcDbEntity
  8
0
100
AcDbLine
 10
3.54270833323244
 20
0.6234375000931323
 30
0.0
 11
3.553124999976716
 21
0.6234375000931323
 31
0.0
1001
REVIT
1002
{
1070
     1
1000
4651272
1002
}
1002
{
1070
     5
1000
7577066
1002
}
1002
{
1070
     3
1000
-2000281
1002
}
  0
LINE
  5
1029
330
1007
100
AcDbEntity
  8
0
100
AcDbLine
 10
3.54270833323244
 20
0.4567708340473473
 30
0.0
 11
3.553124999976716
 21
0.4567708340473473
 31
0.0
1001
REVIT
1002
{
1070
     1
1000
4651272
1002
}
1002
{
1070
     5
1000
7577066
1002
}
1002
{
1070
     3
1000
-2000281
1002
}
  0
LINE
  5
102A
330
1007
100
AcDbEntity
  8
0
100
AcDbLine
 10
3.54270833323244
 20
0.2901041670702398
 30
0.0
 11
3.553124999976716
 21
0.2901041670702398
 31
0.0
1001
REVIT
1002
{
1070
     1
1000
4651272
1002
}
1002
{
1070
     5
1000
7577066
1002
}
1002
{
1070
     3
1000
-2000281
1002
}
  0
LINE
  5
102B
330
1007
100
AcDbEntity
  8
0
100
AcDbLine
 10
3.54270833323244
 20
0.1234375000931323
 30
0.0
 11
3.553124999976716
 21
0.1234375000931323
 31
0.0
1001
REVIT
1002
{
1070
     1
1000
4651272
1002
}
1002
{
1070
     5
1000
7577066
1002
}
1002
{
1070
     3
1000
-2000281
1002
}
  0
LINE
  5
102C
330
1007
100
AcDbEntity
  8
0
100
AcDbLine
 10
3.54270833323244
 20
1.831770833581686
 30
0.0
 11
3.547916666604578
 21
1.831770833581686
 31
0.0
1001
REVIT
1002
{
1070
     1
1000
4651272
1002
}
1002
{
1070
     5
1000
7577066
1002
}
1002
{
1070
     3
1000
-2000281
1002
}
  0
LINE
  5
102D
330
1007
100
AcDbEntity
  8
0
100
AcDbLine
 10
3.54270833323244
 20
1.748437500093132
 30
0.0
 11
3.547916666604578
 21
1.748437500093132
 31
0.0
1001
REVIT
1002
{
1070
     1
1000
4651272
1002
}
1002
{
1070
     5
1000
7577066
1002
}
1002
{
1070
     3
1000
-2000281
1002
}
  0
LINE
  5
102E
330
1007
100
AcDbEntity
  8
0
100
AcDbLine
 10
3.54270833323244
 20
1.665104166604578
 30
0.0
 11
3.547916666604578
 21
1.665104166604578
 31
0.0
1001
REVIT
1002
{
1070
     1
1000
4651272
1002
}
1002
{
1070
     5
1000
7577066
1002
}
1002
{
1070
     3
1000
-2000281
1002
}
  0
LINE
  5
102F
330
1007
100
AcDbEntity
  8
0
100
AcDbLine
 10
3.54270833323244
 20
1.581770834047347
 30
0.0
 11
3.547916666604578
 21
1.581770834047347
 31
0.0
1001
REVIT
1002
{
1070
     1
1000
4651272
1002
}
1002
{
1070
     5
1000
7577066
1002
}
1002
{
1070
     3
1000
-2000281
1002
}
  0
LINE
  5
1030
330
1007
100
AcDbEntity
  8
0
100
AcDbLine
 10
3.54270833323244
 20
1.498437500093132
 30
0.0
 11
3.547916666604578
 21
1.498437500093132
 31
0.0
1001
REVIT
1002
{
1070
     1
1000
4651272
1002
}
1002
{
1070
     5
1000
7577066
1002
}
1002
{
1070
     3
1000
-2000281
1002
}
  0
LINE
  5
1031
330
1007
100
AcDbEntity
  8
0
100
AcDbLine
 10
3.54270833323244
 20
1.415104167070239
 30
0.0
 11
3.547916666604578
 21
1.415104167070239
 31
0.0
1001
REVIT
1002
{
1070
     1
1000
4651272
1002
}
1002
{
1070
     5
1000
7577066
1002
}
1002
{
1070
     3
1000
-2000281
1002
}
  0
LINE
  5
1032
330
1007
100
AcDbEntity
  8
0
100
AcDbLine
 10
3.54270833323244
 20
1.331770833116024
 30
0.0
 11
3.547916666604578
 21
1.331770833116024
 31
0.0
1001
REVIT
1002
{
1070
     1
1000
4651272
1002
}
1002
{
1070
     5
1000
7577066
1002
}
1002
{
1070
     3
1000
-2000281
1002
}
  0
LINE
  5
1033
330
1007
100
AcDbEntity
  8
0
100
AcDbLine
 10
3.54270833323244
 20
1.248437500093132
 30
0.0
 11
3.547916666604578
 21
1.248437500093132
 31
0.0
1001
REVIT
1002
{
1070
     1
1000
4651272
1002
}
1002
{
1070
     5
1000
7577066
1002
}
1002
{
1070
     3
1000
-2000281
1002
}
  0
LINE
  5
1034
330
1007
100
AcDbEntity
  8
0
100
AcDbLine
 10
3.54270833323244
 20
1.165104167070239
 30
0.0
 11
3.547916666604578
 21
1.165104167070239
 31
0.0
1001
REVIT
1002
{
1070
     1
1000
4651272
1002
}
1002
{
1070
     5
1000
7577066
1002
}
1002
{
1070
     3
1000
-2000281
1002
}
  0
LINE
  5
1035
330
1007
100
AcDbEntity
  8
0
100
AcDbLine
 10
3.54270833323244
 20
1.081770833581686
 30
0.0
 11
3.547916666604578
 21
1.081770833581686
 31
0.0
1001
REVIT
1002
{
1070
     1
1000
4651272
1002
}
1002
{
1070
     5
1000
7577066
1002
}
1002
{
1070
     3
1000
-2000281
1002
}
  0
LINE
  5
1036
330
1007
100
AcDbEntity
  8
0
100
AcDbLine
 10
3.54270833323244
 20
0.9984375000931322
 30
0.0
 11
3.547916666604578
 21
0.9984375000931322
 31
0.0
1001
REVIT
1002
{
1070
     1
1000
4651272
1002
}
1002
{
1070
     5
1000
7577066
1002
}
1002
{
1070
     3
1000
-2000281
1002
}
  0
LINE
  5
1037
330
1007
100
AcDbEntity
  8
0
100
AcDbLine
 10
3.54270833323244
 20
0.9151041666045784
 30
0.0
 11
3.547916666604578
 21
0.9151041666045784
 31
0.0
1001
REVIT
1002
{
1070
     1
1000
4651272
1002
}
1002
{
1070
     5
1000
7577066
1002
}
1002
{
1070
     3
1000
-2000281
1002
}
  0
LINE
  5
1038
330
1007
100
AcDbEntity
  8
0
100
AcDbLine
 10
3.54270833323244
 20
0.8317708340473473
 30
0.0
 11
3.547916666604578
 21
0.8317708340473473
 31
0.0
1001
REVIT
1002
{
1070
     1
1000
4651272
1002
}
1002
{
1070
     5
1000
7577066
1002
}
1002
{
1070
     3
1000
-2000281
1002
}
  0
LINE
  5
1039
330
1007
100
AcDbEntity
  8
0
100
AcDbLine
 10
3.54270833323244
 20
0.7484375000931323
 30
0.0
 11
3.547916666604578
 21
0.7484375000931323
 31
0.0
1001
REVIT
1002
{
1070
     1
1000
4651272
1002
}
1002
{
1070
     5
1000
7577066
1002
}
1002
{
1070
     3
1000
-2000281
1002
}
  0
LINE
  5
103A
330
1007
100
AcDbEntity
  8
0
100
AcDbLine
 10
3.54270833323244
 20
0.6651041670702398
 30
0.0
 11
3.547916666604578
 21
0.6651041670702398
 31
0.0
1001
REVIT
1002
{
1070
     1
1000
4651272
1002
}
1002
{
1070
     5
1000
7577066
1002
}
1002
{
1070
     3
1000
-2000281
1002
}
  0
LINE
  5
103B
330
1007
100
AcDbEntity
  8
0
100
AcDbLine
 10
3.54270833323244
 20
0.5817708331160248
 30
0.0
 11
3.547916666604578
 21
0.5817708331160248
 31
0.0
1001
REVIT
1002
{
1070
     1
1000
4651272
1002
}
1002
{
1070
     5
1000
7577066
1002
}
1002
{
1070
     3
1000
-2000281
1002
}
  0
LINE
  5
103C
330
1007
100
AcDbEntity
  8
0
100
AcDbLine
 10
3.54270833323244
 20
0.4984375000931323
 30
0.0
 11
3.547916666604578
 21
0.4984375000931323
 31
0.0
1001
REVIT
1002
{
1070
     1
1000
4651272
1002
}
1002
{
1070
     5
1000
7577066
1002
}
1002
{
1070
     3
1000
-2000281
1002
}
  0
LINE
  5
103D
330
1007
100
AcDbEntity
  8
0
100
AcDbLine
 10
3.54270833323244
 20
0.4151041670702398
 30
0.0
 11
3.547916666604578
 21
0.4151041670702398
 31
0.0
1001
REVIT
1002
{
1070
     1
1000
4651272
1002
}
1002
{
1070
     5
1000
7577066
1002
}
1002
{
1070
     3
1000
-2000281
1002
}
  0
LINE
  5
103E
330
1007
100
AcDbEntity
  8
0
100
AcDbLine
 10
3.54270833323244
 20
0.331770833581686
 30
0.0
 11
3.547916666604578
 21
0.331770833581686
 31
0.0
1001
REVIT
1002
{
1070
     1
1000
4651272
1002
}
1002
{
1070
     5
1000
7577066
1002
}
1002
{
1070
     3
1000
-2000281
1002
}
  0
LINE
  5
103F
330
1007
100
AcDbEntity
  8
0
100
AcDbLine
 10
3.54270833323244
 20
0.2484375000931323
 30
0.0
 11
3.547916666604578
 21
0.2484375000931323
 31
0.0
1001
REVIT
1002
{
1070
     1
1000
4651272
1002
}
1002
{
1070
     5
1000
7577066
1002
}
1002
{
1070
     3
1000
-2000281
1002
}
  0
LINE
  5
1040
330
1007
100
AcDbEntity
  8
0
100
AcDbLine
 10
3.54270833323244
 20
0.1651041666045785
 30
0.0
 11
3.547916666604578
 21
0.1651041666045785
 31
0.0
1001
REVIT
1002
{
1070
     1
1000
4651272
1002
}
1002
{
1070
     5
1000
7577066
1002
}
1002
{
1070
     3
1000
-2000281
1002
}
  0
LINE
  5
1041
330
1007
100
AcDbEntity
  8
0
100
AcDbLine
 10
3.54270833323244
 20
0.0817708340473473
 30
0.0
 11
3.547916666604578
 21
0.0817708340473473
 31
0.0
1001
REVIT
1002
{
1070
     1
1000
4651272
1002
}
1002
{
1070
     5
1000
7577066
1002
}
1002
{
1070
     3
1000
-2000281
1002
}
  0
LINE
  5
1042
330
1007
100
AcDbEntity
  8
0
100
AcDbLine
 10
3.54270833323244
 20
0.0401041670702398
 30
0.0
 11
-0.1239583335118368
 21
0.0401041670702398
 31
0.0
1001
REVIT
1002
{
1070
     1
1000
4651272
1002
}
1002
{
1070
     5
1000
7577066
1002
}
1002
{
1070
     3
1000
-2000281
1002
}
  0
LINE
  5
1043
330
1007
100
AcDbEntity
  8
0
100
AcDbLine
 10
3.54270833323244
 20
0.0401041670702398
 30
0.0
 11
3.54270833323244
 21
2.956770833581686
 31
0.0
1001
REVIT
1002
{
1070
     1
1000
4651272
1002
}
1002
{
1070
     5
1000
7577066
1002
}
1002
{
1070
     3
1000
-2000281
1002
}
  0
LINE
  5
1044
330
1007
100
AcDbEntity
  8
0
100
AcDbLine
 10
3.813541666488163
 20
0.0192708331160247
 30
0.0
 11
3.573958333348855
 21
0.0192708331160247
 31
0.0
1001
REVIT
1002
{
1070
     1
1000
4651272
1002
}
1002
{
1070
     5
1000
7577066
1002
}
  0
LINE
  5
1045
330
1007
100
AcDbEntity
  8
0
100
AcDbLine
 10
3.813541666488163
 20
1.206770834047347
 30
0.0
 11
3.813541666488163
 21
0.0192708331160247
 31
0.0
1001
REVIT
1002
{
1070
     1
1000
4651272
1002
}
1002
{
1070
     5
1000
7577066
1002
}
  0
LINE
  5
1046
330
1007
100
AcDbEntity
  8
0
100
AcDbLine
 10
3.573958333348855
 20
1.206770834047347
 30
0.0
 11
3.813541666488163
 21
1.206770834047347
 31
0.0
1001
REVIT
1002
{
1070
     1
1000
4651272
1002
}
1002
{
1070
     5
1000
7577066
1002
}
  0
LINE
  5
1047
330
1007
100
AcDbEntity
  8
0
100
AcDbLine
 10
3.573958333348855
 20
0.0192708331160247
 30
0.0
 11
3.573958333348855
 21
1.206770834047347
 31
0.0
1001
REVIT
1002
{
1070
     1
1000
4651272
1002
}
1002
{
1070
     5
1000
7577066
1002
}
  0
LINE
  5
1048
330
1007
100
AcDbEntity
  8
0
100
AcDbLine
 10
3.573958333348855
 20
2.727604167070239
 30
0.0
 11
3.813541666488163
 21
2.727604167070239
 31
0.0
1001
REVIT
1002
{
1070
     1
1000
4651272
1002
}
1002
{
1070
     5
1000
7577066
1002
}
  0
LINE
  5
1049
330
1007
100
AcDbEntity
  8
0
100
AcDbLine
 10
3.573958333348855
 20
2.977604166604578
 30
0.0
 11
3.573958333348855
 21
2.727604167070239
 31
0.0
1001
REVIT
1002
{
1070
     1
1000
4651272
1002
}
1002
{
1070
     5
1000
7577066
1002
}
  0
LINE
  5
104A
330
1007
100
AcDbEntity
  8
0
100
AcDbLine
 10
3.813541666488163
 20
2.977604166604578
 30
0.0
 11
3.573958333348855
 21
2.977604166604578
 31
0.0
1001
REVIT
1002
{
1070
     1
1000
4651272
1002
}
1002
{
1070
     5
1000
7577066
1002
}
  0
LINE
  5
104B
330
1007
100
AcDbEntity
  8
0
100
AcDbLine
 10
3.813541666488163
 20
2.727604167070239
 30
0.0
 11
3.813541666488163
 21
2.977604166604578
 31
0.0
1001
REVIT
1002
{
1070
     1
1000
4651272
1002
}
1002
{
1070
     5
1000
7577066
1002
}
  0
LINE
  5
104C
330
1007
100
AcDbEntity
  8
0
100
AcDbLine
 10
3.54270833323244
 20
2.956770833581686
 30
0.0
 11
-0.1239583335118368
 21
2.956770833581686
 31
0.0
1001
REVIT
1002
{
1070
     1
1000
4651272
1002
}
1002
{
1070
     5
1000
7577066
1002
}
  0
LINE
  5
104D
330
1007
100
AcDbEntity
  8
0
100
AcDbLine
 10
-0.1239583335118368
 20
2.956770833581686
 30
0.0
 11
-0.1239583335118368
 21
0.0401041670702398
 31
0.0
1001
REVIT
1002
{
1070
     1
1000
4651272
1002
}
1002
{
1070
     5
1000
7577066
1002
}
  0
LINE
  5
104E
330
1007
100
AcDbEntity
  8
0
100
AcDbLine
 10
-0.1239583335118368
 20
1.873437500093132
 30
0.0
 11
-0.1447916666511446
 21
1.873437500093132
 31
0.0
1001
REVIT
1002
{
1070
     1
1000
4651272
1002
}
1002
{
1070
     5
1000
7577066
1002
}
1002
{
1070
     3
1000
-2000281
1002
}
  0
LINE
  5
104F
330
1007
100
AcDbEntity
  8
0
100
AcDbLine
 10
-0.1239583335118368
 20
1.706770833116024
 30
0.0
 11
-0.1447916666511446
 21
1.706770833116024
 31
0.0
1001
REVIT
1002
{
1070
     1
1000
4651272
1002
}
1002
{
1070
     5
1000
7577066
1002
}
1002
{
1070
     3
1000
-2000281
1002
}
  0
LINE
  5
1050
330
1007
100
AcDbEntity
  8
0
100
AcDbLine
 10
-0.1239583335118368
 20
1.540104167070239
 30
0.0
 11
-0.1447916666511446
 21
1.540104167070239
 31
0.0
1001
REVIT
1002
{
1070
     1
1000
4651272
1002
}
1002
{
1070
     5
1000
7577066
1002
}
1002
{
1070
     3
1000
-2000281
1002
}
  0
LINE
  5
1051
330
1007
100
AcDbEntity
  8
0
100
AcDbLine
 10
-0.1239583335118368
 20
1.373437500093132
 30
0.0
 11
-0.1447916666511446
 21
1.373437500093132
 31
0.0
1001
REVIT
1002
{
1070
     1
1000
4651272
1002
}
1002
{
1070
     5
1000
7577066
1002
}
1002
{
1070
     3
1000
-2000281
1002
}
  0
LINE
  5
1052
330
1007
100
AcDbEntity
  8
0
100
AcDbLine
 10
-0.1239583335118368
 20
1.206770834047347
 30
0.0
 11
-0.1447916666511446
 21
1.206770834047347
 31
0.0
1001
REVIT
1002
{
1070
     1
1000
4651272
1002
}
1002
{
1070
     5
1000
7577066
1002
}
1002
{
1070
     3
1000
-2000281
1002
}
  0
LINE
  5
1053
330
1007
100
AcDbEntity
  8
0
100
AcDbLine
 10
-0.1239583335118368
 20
1.040104167070239
 30
0.0
 11
-0.1447916666511446
 21
1.040104167070239
 31
0.0
1001
REVIT
1002
{
1070
     1
1000
4651272
1002
}
1002
{
1070
     5
1000
7577066
1002
}
1002
{
1070
     3
1000
-2000281
1002
}
  0
LINE
  5
1054
330
1007
100
AcDbEntity
  8
0
100
AcDbLine
 10
-0.1239583335118368
 20
0.8734375000931322
 30
0.0
 11
-0.1447916666511446
 21
0.8734375000931322
 31
0.0
1001
REVIT
1002
{
1070
     1
1000
4651272
1002
}
1002
{
1070
     5
1000
7577066
1002
}
1002
{
1070
     3
1000
-2000281
1002
}
  0
LINE
  5
1055
330
1007
100
AcDbEntity
  8
0
100
AcDbLine
 10
-0.1239583335118368
 20
0.7067708335816861
 30
0.0
 11
-0.1447916666511446
 21
0.7067708335816861
 31
0.0
1001
REVIT
1002
{
1070
     1
1000
4651272
1002
}
1002
{
1070
     5
1000
7577066
1002
}
1002
{
1070
     3
1000
-2000281
1002
}
  0
LINE
  5
1056
330
1007
100
AcDbEntity
  8
0
100
AcDbLine
 10
-0.1239583335118368
 20
0.5401041666045785
 30
0.0
 11
-0.1447916666511446
 21
0.5401041666045785
 31
0.0
1001
REVIT
1002
{
1070
     1
1000
4651272
1002
}
1002
{
1070
     5
1000
7577066
1002
}
1002
{
1070
     3
1000
-2000281
1002
}
  0
LINE
  5
1057
330
1007
100
AcDbEntity
  8
0
100
AcDbLine
 10
-0.1239583335118368
 20
0.3734375000931323
 30
0.0
 11
-0.1447916666511446
 21
0.3734375000931323
 31
0.0
1001
REVIT
1002
{
1070
     1
1000
4651272
1002
}
1002
{
1070
     5
1000
7577066
1002
}
1002
{
1070
     3
1000
-2000281
1002
}
  0
LINE
  5
1058
330
1007
100
AcDbEntity
  8
0
100
AcDbLine
 10
-0.1239583335118368
 20
0.2067708331160247
 30
0.0
 11
-0.1447916666511446
 21
0.2067708331160247
 31
0.0
1001
REVIT
1002
{
1070
     1
1000
4651272
1002
}
1002
{
1070
     5
1000
7577066
1002
}
1002
{
1070
     3
1000
-2000281
1002
}
  0
LINE
  5
1059
330
1007
100
AcDbEntity
  8
0
100
AcDbLine
 10
-0.1239583335118368
 20
0.0401041670702398
 30
0.0
 11
-0.1447916666511446
 21
0.0401041670702398
 31
0.0
1001
REVIT
1002
{
1070
     1
1000
4651272
1002
}
1002
{
1070
     5
1000
7577066
1002
}
1002
{
1070
     3
1000
-2000281
1002
}
  0
LINE
  5
105A
330
1007
100
AcDbEntity
  8
0
100
AcDbLine
 10
-0.1239583335118368
 20
1.790104167070239
 30
0.0
 11
-0.1343750002561137
 21
1.790104167070239
 31
0.0
1001
REVIT
1002
{
1070
     1
1000
4651272
1002
}
1002
{
1070
     5
1000
7577066
1002
}
1002
{
1070
     3
1000
-2000281
1002
}
  0
LINE
  5
105B
330
1007
100
AcDbEntity
  8
0
100
AcDbLine
 10
-0.1239583335118368
 20
1.623437500093132
 30
0.0
 11
-0.1343750002561137
 21
1.623437500093132
 31
0.0
1001
REVIT
1002
{
1070
     1
1000
4651272
1002
}
1002
{
1070
     5
1000
7577066
1002
}
1002
{
1070
     3
1000
-2000281
1002
}
  0
LINE
  5
105C
330
1007
100
AcDbEntity
  8
0
100
AcDbLine
 10
-0.1239583335118368
 20
1.456770833581686
 30
0.0
 11
-0.1343750002561137
 21
1.456770833581686
 31
0.0
1001
REVIT
1002
{
1070
     1
1000
4651272
1002
}
1002
{
1070
     5
1000
7577066
1002
}
1002
{
1070
     3
1000
-2000281
1002
}
  0
LINE
  5
105D
330
1007
100
AcDbEntity
  8
0
100
AcDbLine
 10
-0.1239583335118368
 20
1.290104166604578
 30
0.0
 11
-0.1343750002561137
 21
1.290104166604578
 31
0.0
1001
REVIT
1002
{
1070
     1
1000
4651272
1002
}
1002
{
1070
     5
1000
7577066
1002
}
1002
{
1070
     3
1000
-2000281
1002
}
  0
LINE
  5
105E
330
1007
100
AcDbEntity
  8
0
100
AcDbLine
 10
-0.1239583335118368
 20
1.123437500093132
 30
0.0
 11
-0.1343750002561137
 21
1.123437500093132
 31
0.0
1001
REVIT
1002
{
1070
     1
1000
4651272
1002
}
1002
{
1070
     5
1000
7577066
1002
}
1002
{
1070
     3
1000
-2000281
1002
}
  0
LINE
  5
105F
330
1007
100
AcDbEntity
  8
0
100
AcDbLine
 10
-0.1239583335118368
 20
0.9567708331160247
 30
0.0
 11
-0.1343750002561137
 21
0.9567708331160247
 31
0.0
1001
REVIT
1002
{
1070
     1
1000
4651272
1002
}
1002
{
1070
     5
1000
7577066
1002
}
1002
{
1070
     3
1000
-2000281
1002
}
  0
LINE
  5
1060
330
1007
100
AcDbEntity
  8
0
100
AcDbLine
 10
-0.1239583335118368
 20
0.7901041670702398
 30
0.0
 11
-0.1343750002561137
 21
0.7901041670702398
 31
0.0
1001
REVIT
1002
{
1070
     1
1000
4651272
1002
}
1002
{
1070
     5
1000
7577066
1002
}
1002
{
1070
     3
1000
-2000281
1002
}
  0
LINE
  5
1061
330
1007
100
AcDbEntity
  8
0
100
AcDbLine
 10
-0.1239583335118368
 20
0.6234375000931323
 30
0.0
 11
-0.1343750002561137
 21
0.6234375000931323
 31
0.0
1001
REVIT
1002
{
1070
     1
1000
4651272
1002
}
1002
{
1070
     5
1000
7577066
1002
}
1002
{
1070
     3
1000
-2000281
1002
}
  0
LINE
  5
1062
330
1007
100
AcDbEntity
  8
0
100
AcDbLine
 10
-0.1239583335118368
 20
0.4567708340473473
 30
0.0
 11
-0.1343750002561137
 21
0.4567708340473473
 31
0.0
1001
REVIT
1002
{
1070
     1
1000
4651272
1002
}
1002
{
1070
     5
1000
7577066
1002
}
1002
{
1070
     3
1000
-2000281
1002
}
  0
LINE
  5
1063
330
1007
100
AcDbEntity
  8
0
100
AcDbLine
 10
-0.1239583335118368
 20
0.2901041670702398
 30
0.0
 11
-0.1343750002561137
 21
0.2901041670702398
 31
0.0
1001
REVIT
1002
{
1070
     1
1000
4651272
1002
}
1002
{
1070
     5
1000
7577066
1002
}
1002
{
1070
     3
1000
-2000281
1002
}
  0
LINE
  5
1064
330
1007
100
AcDbEntity
  8
0
100
AcDbLine
 10
-0.1239583335118368
 20
0.1234375000931323
 30
0.0
 11
-0.1343750002561137
 21
0.1234375000931323
 31
0.0
1001
REVIT
1002
{
1070
     1
1000
4651272
1002
}
1002
{
1070
     5
1000
7577066
1002
}
1002
{
1070
     3
1000
-2000281
1002
}
  0
LINE
  5
1065
330
1007
100
AcDbEntity
  8
0
100
AcDbLine
 10
-0.1239583335118368
 20
1.831770833581686
 30
0.0
 11
-0.1291666666511446
 21
1.831770833581686
 31
0.0
1001
REVIT
1002
{
1070
     1
1000
4651272
1002
}
1002
{
1070
     5
1000
7577066
1002
}
1002
{
1070
     3
1000
-2000281
1002
}
  0
LINE
  5
1066
330
1007
100
AcDbEntity
  8
0
100
AcDbLine
 10
-0.1239583335118368
 20
1.748437500093132
 30
0.0
 11
-0.1291666666511446
 21
1.748437500093132
 31
0.0
1001
REVIT
1002
{
1070
     1
1000
4651272
1002
}
1002
{
1070
     5
1000
7577066
1002
}
1002
{
1070
     3
1000
-2000281
1002
}
  0
LINE
  5
1067
330
1007
100
AcDbEntity
  8
0
100
AcDbLine
 10
-0.1239583335118368
 20
1.665104166604578
 30
0.0
 11
-0.1291666666511446
 21
1.665104166604578
 31
0.0
1001
REVIT
1002
{
1070
     1
1000
4651272
1002
}
1002
{
1070
     5
1000
7577066
1002
}
1002
{
1070
     3
1000
-2000281
1002
}
  0
LINE
  5
1068
330
1007
100
AcDbEntity
  8
0
100
AcDbLine
 10
-0.1239583335118368
 20
1.581770834047347
 30
0.0
 11
-0.1291666666511446
 21
1.581770834047347
 31
0.0
1001
REVIT
1002
{
1070
     1
1000
4651272
1002
}
1002
{
1070
     5
1000
7577066
1002
}
1002
{
1070
     3
1000
-2000281
1002
}
  0
LINE
  5
1069
330
1007
100
AcDbEntity
  8
0
100
AcDbLine
 10
-0.1239583335118368
 20
1.498437500093132
 30
0.0
 11
-0.1291666666511446
 21
1.498437500093132
 31
0.0
1001
REVIT
1002
{
1070
     1
1000
4651272
1002
}
1002
{
1070
     5
1000
7577066
1002
}
1002
{
1070
     3
1000
-2000281
1002
}
  0
LINE
  5
106A
330
1007
100
AcDbEntity
  8
0
100
AcDbLine
 10
-0.1239583335118368
 20
1.415104167070239
 30
0.0
 11
-0.1291666666511446
 21
1.415104167070239
 31
0.0
1001
REVIT
1002
{
1070
     1
1000
4651272
1002
}
1002
{
1070
     5
1000
7577066
1002
}
1002
{
1070
     3
1000
-2000281
1002
}
  0
LINE
  5
106B
330
1007
100
AcDbEntity
  8
0
100
AcDbLine
 10
-0.1239583335118368
 20
1.331770833116024
 30
0.0
 11
-0.1291666666511446
 21
1.331770833116024
 31
0.0
1001
REVIT
1002
{
1070
     1
1000
4651272
1002
}
1002
{
1070
     5
1000
7577066
1002
}
1002
{
1070
     3
1000
-2000281
1002
}
  0
LINE
  5
106C
330
1007
100
AcDbEntity
  8
0
100
AcDbLine
 10
-0.1239583335118368
 20
1.248437500093132
 30
0.0
 11
-0.1291666666511446
 21
1.248437500093132
 31
0.0
1001
REVIT
1002
{
1070
     1
1000
4651272
1002
}
1002
{
1070
     5
1000
7577066
1002
}
1002
{
1070
     3
1000
-2000281
1002
}
  0
LINE
  5
106D
330
1007
100
AcDbEntity
  8
0
100
AcDbLine
 10
-0.1239583335118368
 20
1.165104167070239
 30
0.0
 11
-0.1291666666511446
 21
1.165104167070239
 31
0.0
1001
REVIT
1002
{
1070
     1
1000
4651272
1002
}
1002
{
1070
     5
1000
7577066
1002
}
1002
{
1070
     3
1000
-2000281
1002
}
  0
LINE
  5
106E
330
1007
100
AcDbEntity
  8
0
100
AcDbLine
 10
-0.1239583335118368
 20
1.081770833581686
 30
0.0
 11
-0.1291666666511446
 21
1.081770833581686
 31
0.0
1001
REVIT
1002
{
1070
     1
1000
4651272
1002
}
1002
{
1070
     5
1000
7577066
1002
}
1002
{
1070
     3
1000
-2000281
1002
}
  0
LINE
  5
106F
330
1007
100
AcDbEntity
  8
0
100
AcDbLine
 10
-0.1239583335118368
 20
0.9984375000931322
 30
0.0
 11
-0.1291666666511446
 21
0.9984375000931322
 31
0.0
1001
REVIT
1002
{
1070
     1
1000
4651272
1002
}
1002
{
1070
     5
1000
7577066
1002
}
1002
{
1070
     3
1000
-2000281
1002
}
  0
LINE
  5
1070
330
1007
100
AcDbEntity
  8
0
100
AcDbLine
 10
-0.1239583335118368
 20
0.9151041666045784
 30
0.0
 11
-0.1291666666511446
 21
0.9151041666045784
 31
0.0
1001
REVIT
1002
{
1070
     1
1000
4651272
1002
}
1002
{
1070
     5
1000
7577066
1002
}
1002
{
1070
     3
1000
-2000281
1002
}
  0
LINE
  5
1071
330
1007
100
AcDbEntity
  8
0
100
AcDbLine
 10
-0.1239583335118368
 20
0.8317708340473473
 30
0.0
 11
-0.1291666666511446
 21
0.8317708340473473
 31
0.0
1001
REVIT
1002
{
1070
     1
1000
4651272
1002
}
1002
{
1070
     5
1000
7577066
1002
}
1002
{
1070
     3
1000
-2000281
1002
}
  0
LINE
  5
1072
330
1007
100
AcDbEntity
  8
0
100
AcDbLine
 10
-0.1239583335118368
 20
0.7484375000931323
 30
0.0
 11
-0.1291666666511446
 21
0.7484375000931323
 31
0.0
1001
REVIT
1002
{
1070
     1
1000
4651272
1002
}
1002
{
1070
     5
1000
7577066
1002
}
1002
{
1070
     3
1000
-2000281
1002
}
  0
LINE
  5
1073
330
1007
100
AcDbEntity
  8
0
100
AcDbLine
 10
-0.1239583335118368
 20
0.6651041670702398
 30
0.0
 11
-0.1291666666511446
 21
0.6651041670702398
 31
0.0
1001
REVIT
1002
{
1070
     1
1000
4651272
1002
}
1002
{
1070
     5
1000
7577066
1002
}
1002
{
1070
     3
1000
-2000281
1002
}
  0
LINE
  5
1074
330
1007
100
AcDbEntity
  8
0
100
AcDbLine
 10
-0.1239583335118368
 20
0.5817708331160248
 30
0.0
 11
-0.1291666666511446
 21
0.5817708331160248
 31
0.0
1001
REVIT
1002
{
1070
     1
1000
4651272
1002
}
1002
{
1070
     5
1000
7577066
1002
}
1002
{
1070
     3
1000
-2000281
1002
}
  0
LINE
  5
1075
330
1007
100
AcDbEntity
  8
0
100
AcDbLine
 10
-0.1239583335118368
 20
0.4984375000931323
 30
0.0
 11
-0.1291666666511446
 21
0.4984375000931323
 31
0.0
1001
REVIT
1002
{
1070
     1
1000
4651272
1002
}
1002
{
1070
     5
1000
7577066
1002
}
1002
{
1070
     3
1000
-2000281
1002
}
  0
LINE
  5
1076
330
1007
100
AcDbEntity
  8
0
100
AcDbLine
 10
-0.1239583335118368
 20
0.4151041670702398
 30
0.0
 11
-0.1291666666511446
 21
0.4151041670702398
 31
0.0
1001
REVIT
1002
{
1070
     1
1000
4651272
1002
}
1002
{
1070
     5
1000
7577066
1002
}
1002
{
1070
     3
1000
-2000281
1002
}
  0
LINE
  5
1077
330
1007
100
AcDbEntity
  8
0
100
AcDbLine
 10
-0.1239583335118368
 20
0.331770833581686
 30
0.0
 11
-0.1291666666511446
 21
0.331770833581686
 31
0.0
1001
REVIT
1002
{
1070
     1
1000
4651272
1002
}
1002
{
1070
     5
1000
7577066
1002
}
1002
{
1070
     3
1000
-2000281
1002
}
  0
LINE
  5
1078
330
1007
100
AcDbEntity
  8
0
100
AcDbLine
 10
-0.1239583335118368
 20
0.2484375000931323
 30
0.0
 11
-0.1291666666511446
 21
0.2484375000931323
 31
0.0
1001
REVIT
1002
{
1070
     1
1000
4651272
1002
}
1002
{
1070
     5
1000
7577066
1002
}
1002
{
1070
     3
1000
-2000281
1002
}
  0
LINE
  5
1079
330
1007
100
AcDbEntity
  8
0
100
AcDbLine
 10
-0.1239583335118368
 20
0.1651041666045785
 30
0.0
 11
-0.1291666666511446
 21
0.1651041666045785
 31
0.0
1001
REVIT
1002
{
1070
     1
1000
4651272
1002
}
1002
{
1070
     5
1000
7577066
1002
}
1002
{
1070
     3
1000
-2000281
1002
}
  0
LINE
  5
107A
330
1007
100
AcDbEntity
  8
0
100
AcDbLine
 10
-0.1239583335118368
 20
0.0817708340473473
 30
0.0
 11
-0.1291666666511446
 21
0.0817708340473473
 31
0.0
1001
REVIT
1002
{
1070
     1
1000
4651272
1002
}
1002
{
1070
     5
1000
7577066
1002
}
1002
{
1070
     3
1000
-2000281
1002
}
  0
LINE
  5
107B
330
1007
100
AcDbEntity
  8
0
100
AcDbLine
 10
1.042708333348855
 20
2.956770833581686
 30
0.0
 11
1.042708333348855
 21
2.977604166604578
 31
0.0
1001
REVIT
1002
{
1070
     1
1000
4651272
1002
}
1002
{
1070
     5
1000
7577066
1002
}
1002
{
1070
     3
1000
-2000281
1002
}
  0
LINE
  5
107C
330
1007
100
AcDbEntity
  8
0
100
AcDbLine
 10
1.209374999976716
 20
2.956770833581686
 30
0.0
 11
1.209374999976716
 21
2.977604166604578
 31
0.0
1001
REVIT
1002
{
1070
     1
1000
4651272
1002
}
1002
{
1070
     5
1000
7577066
1002
}
1002
{
1070
     3
1000
-2000281
1002
}
  0
LINE
  5
107D
330
1007
100
AcDbEntity
  8
0
100
AcDbLine
 10
1.376041666488163
 20
2.956770833581686
 30
0.0
 11
1.376041666488163
 21
2.977604166604578
 31
0.0
1001
REVIT
1002
{
1070
     1
1000
4651272
1002
}
1002
{
1070
     5
1000
7577066
1002
}
1002
{
1070
     3
1000
-2000281
1002
}
  0
LINE
  5
107E
330
1007
100
AcDbEntity
  8
0
100
AcDbLine
 10
1.542708333348855
 20
2.956770833581686
 30
0.0
 11
1.542708333348855
 21
2.977604166604578
 31
0.0
1001
REVIT
1002
{
1070
     1
1000
4651272
1002
}
1002
{
1070
     5
1000
7577066
1002
}
1002
{
1070
     3
1000
-2000281
1002
}
  0
LINE
  5
107F
330
1007
100
AcDbEntity
  8
0
100
AcDbLine
 10
1.709374999860301
 20
2.956770833581686
 30
0.0
 11
1.709374999860301
 21
2.977604166604578
 31
0.0
1001
REVIT
1002
{
1070
     1
1000
4651272
1002
}
1002
{
1070
     5
1000
7577066
1002
}
1002
{
1070
     3
1000
-2000281
1002
}
  0
LINE
  5
1080
330
1007
100
AcDbEntity
  8
0
100
AcDbLine
 10
1.876041666604578
 20
2.956770833581686
 30
0.0
 11
1.876041666604578
 21
2.977604166604578
 31
0.0
1001
REVIT
1002
{
1070
     1
1000
4651272
1002
}
1002
{
1070
     5
1000
7577066
1002
}
1002
{
1070
     3
1000
-2000281
1002
}
  0
LINE
  5
1081
330
1007
100
AcDbEntity
  8
0
100
AcDbLine
 10
2.04270833323244
 20
2.956770833581686
 30
0.0
 11
2.04270833323244
 21
2.977604166604578
 31
0.0
1001
REVIT
1002
{
1070
     1
1000
4651272
1002
}
1002
{
1070
     5
1000
7577066
1002
}
1002
{
1070
     3
1000
-2000281
1002
}
  0
LINE
  5
1082
330
1007
100
AcDbEntity
  8
0
100
AcDbLine
 10
2.209374999743886
 20
2.956770833581686
 30
0.0
 11
2.209374999743886
 21
2.977604166604578
 31
0.0
1001
REVIT
1002
{
1070
     1
1000
4651272
1002
}
1002
{
1070
     5
1000
7577066
1002
}
1002
{
1070
     3
1000
-2000281
1002
}
  0
LINE
  5
1083
330
1007
100
AcDbEntity
  8
0
100
AcDbLine
 10
2.376041666604578
 20
2.956770833581686
 30
0.0
 11
2.376041666604578
 21
2.977604166604578
 31
0.0
1001
REVIT
1002
{
1070
     1
1000
4651272
1002
}
1002
{
1070
     5
1000
7577066
1002
}
1002
{
1070
     3
1000
-2000281
1002
}
  0
LINE
  5
1084
330
1007
100
AcDbEntity
  8
0
100
AcDbLine
 10
2.542708333348855
 20
2.956770833581686
 30
0.0
 11
2.542708333348855
 21
2.977604166604578
 31
0.0
1001
REVIT
1002
{
1070
     1
1000
4651272
1002
}
1002
{
1070
     5
1000
7577066
1002
}
1002
{
1070
     3
1000
-2000281
1002
}
  0
LINE
  5
1085
330
1007
100
AcDbEntity
  8
0
100
AcDbLine
 10
2.709374999976716
 20
2.956770833581686
 30
0.0
 11
2.709374999976716
 21
2.977604166604578
 31
0.0
1001
REVIT
1002
{
1070
     1
1000
4651272
1002
}
1002
{
1070
     5
1000
7577066
1002
}
1002
{
1070
     3
1000
-2000281
1002
}
  0
LINE
  5
1086
330
1007
100
AcDbEntity
  8
0
100
AcDbLine
 10
2.876041666488163
 20
2.956770833581686
 30
0.0
 11
2.876041666488163
 21
2.977604166604578
 31
0.0
1001
REVIT
1002
{
1070
     1
1000
4651272
1002
}
1002
{
1070
     5
1000
7577066
1002
}
1002
{
1070
     3
1000
-2000281
1002
}
  0
LINE
  5
1087
330
1007
100
AcDbEntity
  8
0
100
AcDbLine
 10
3.042708333348855
 20
2.956770833581686
 30
0.0
 11
3.042708333348855
 21
2.977604166604578
 31
0.0
1001
REVIT
1002
{
1070
     1
1000
4651272
1002
}
1002
{
1070
     5
1000
7577066
1002
}
1002
{
1070
     3
1000
-2000281
1002
}
  0
LINE
  5
1088
330
1007
100
AcDbEntity
  8
0
100
AcDbLine
 10
3.209374999860301
 20
2.956770833581686
 30
0.0
 11
3.209374999860301
 21
2.977604166604578
 31
0.0
1001
REVIT
1002
{
1070
     1
1000
4651272
1002
}
1002
{
1070
     5
1000
7577066
1002
}
1002
{
1070
     3
1000
-2000281
1002
}
  0
LINE
  5
1089
330
1007
100
AcDbEntity
  8
0
100
AcDbLine
 10
3.376041666604578
 20
2.956770833581686
 30
0.0
 11
3.376041666604578
 21
2.977604166604578
 31
0.0
1001
REVIT
1002
{
1070
     1
1000
4651272
1002
}
1002
{
1070
     5
1000
7577066
1002
}
1002
{
1070
     3
1000
-2000281
1002
}
  0
LINE
  5
108A
330
1007
100
AcDbEntity
  8
0
100
AcDbLine
 10
3.54270833323244
 20
2.956770833581686
 30
0.0
 11
3.54270833323244
 21
2.977604166604578
 31
0.0
1001
REVIT
1002
{
1070
     1
1000
4651272
1002
}
1002
{
1070
     5
1000
7577066
1002
}
1002
{
1070
     3
1000
-2000281
1002
}
  0
LINE
  5
108B
330
1007
100
AcDbEntity
  8
0
100
AcDbLine
 10
1.126041666604578
 20
2.956770833581686
 30
0.0
 11
1.126041666604578
 21
2.967187500093132
 31
0.0
1001
REVIT
1002
{
1070
     1
1000
4651272
1002
}
1002
{
1070
     5
1000
7577066
1002
}
1002
{
1070
     3
1000
-2000281
1002
}
  0
LINE
  5
108C
330
1007
100
AcDbEntity
  8
0
100
AcDbLine
 10
1.29270833323244
 20
2.956770833581686
 30
0.0
 11
1.29270833323244
 21
2.967187500093132
 31
0.0
1001
REVIT
1002
{
1070
     1
1000
4651272
1002
}
1002
{
1070
     5
1000
7577066
1002
}
1002
{
1070
     3
1000
-2000281
1002
}
  0
LINE
  5
108D
330
1007
100
AcDbEntity
  8
0
100
AcDbLine
 10
1.459374999743886
 20
2.956770833581686
 30
0.0
 11
1.459374999743886
 21
2.967187500093132
 31
0.0
1001
REVIT
1002
{
1070
     1
1000
4651272
1002
}
1002
{
1070
     5
1000
7577066
1002
}
1002
{
1070
     3
1000
-2000281
1002
}
  0
LINE
  5
108E
330
1007
100
AcDbEntity
  8
0
100
AcDbLine
 10
1.626041666604578
 20
2.956770833581686
 30
0.0
 11
1.626041666604578
 21
2.967187500093132
 31
0.0
1001
REVIT
1002
{
1070
     1
1000
4651272
1002
}
1002
{
1070
     5
1000
7577066
1002
}
1002
{
1070
     3
1000
-2000281
1002
}
  0
LINE
  5
108F
330
1007
100
AcDbEntity
  8
0
100
AcDbLine
 10
1.792708333348855
 20
2.956770833581686
 30
0.0
 11
1.792708333348855
 21
2.967187500093132
 31
0.0
1001
REVIT
1002
{
1070
     1
1000
4651272
1002
}
1002
{
1070
     5
1000
7577066
1002
}
1002
{
1070
     3
1000
-2000281
1002
}
  0
LINE
  5
1090
330
1007
100
AcDbEntity
  8
0
100
AcDbLine
 10
1.959374999976716
 20
2.956770833581686
 30
0.0
 11
1.959374999976716
 21
2.967187500093132
 31
0.0
1001
REVIT
1002
{
1070
     1
1000
4651272
1002
}
1002
{
1070
     5
1000
7577066
1002
}
1002
{
1070
     3
1000
-2000281
1002
}
  0
LINE
  5
1091
330
1007
100
AcDbEntity
  8
0
100
AcDbLine
 10
2.126041666488163
 20
2.956770833581686
 30
0.0
 11
2.126041666488163
 21
2.967187500093132
 31
0.0
1001
REVIT
1002
{
1070
     1
1000
4651272
1002
}
1002
{
1070
     5
1000
7577066
1002
}
1002
{
1070
     3
1000
-2000281
1002
}
  0
LINE
  5
1092
330
1007
100
AcDbEntity
  8
0
100
AcDbLine
 10
2.292708333348855
 20
2.956770833581686
 30
0.0
 11
2.292708333348855
 21
2.967187500093132
 31
0.0
1001
REVIT
1002
{
1070
     1
1000
4651272
1002
}
1002
{
1070
     5
1000
7577066
1002
}
1002
{
1070
     3
1000
-2000281
1002
}
  0
LINE
  5
1093
330
1007
100
AcDbEntity
  8
0
100
AcDbLine
 10
2.459374999860301
 20
2.956770833581686
 30
0.0
 11
2.459374999860301
 21
2.967187500093132
 31
0.0
1001
REVIT
1002
{
1070
     1
1000
4651272
1002
}
1002
{
1070
     5
1000
7577066
1002
}
1002
{
1070
     3
1000
-2000281
1002
}
  0
LINE
  5
1094
330
1007
100
AcDbEntity
  8
0
100
AcDbLine
 10
2.626041666604578
 20
2.956770833581686
 30
0.0
 11
2.626041666604578
 21
2.967187500093132
 31
0.0
1001
REVIT
1002
{
1070
     1
1000
4651272
1002
}
1002
{
1070
     5
1000
7577066
1002
}
1002
{
1070
     3
1000
-2000281
1002
}
  0
LINE
  5
1095
330
1007
100
AcDbEntity
  8
0
100
AcDbLine
 10
2.79270833323244
 20
2.956770833581686
 30
0.0
 11
2.79270833323244
 21
2.967187500093132
 31
0.0
1001
REVIT
1002
{
1070
     1
1000
4651272
1002
}
1002
{
1070
     5
1000
7577066
1002
}
1002
{
1070
     3
1000
-2000281
1002
}
  0
LINE
  5
1096
330
1007
100
AcDbEntity
  8
0
100
AcDbLine
 10
2.959374999743886
 20
2.956770833581686
 30
0.0
 11
2.959374999743886
 21
2.967187500093132
 31
0.0
1001
REVIT
1002
{
1070
     1
1000
4651272
1002
}
1002
{
1070
     5
1000
7577066
1002
}
1002
{
1070
     3
1000
-2000281
1002
}
  0
LINE
  5
1097
330
1007
100
AcDbEntity
  8
0
100
AcDbLine
 10
3.126041666604578
 20
2.956770833581686
 30
0.0
 11
3.126041666604578
 21
2.967187500093132
 31
0.0
1001
REVIT
1002
{
1070
     1
1000
4651272
1002
}
1002
{
1070
     5
1000
7577066
1002
}
1002
{
1070
     3
1000
-2000281
1002
}
  0
LINE
  5
1098
330
1007
100
AcDbEntity
  8
0
100
AcDbLine
 10
3.292708333348855
 20
2.956770833581686
 30
0.0
 11
3.292708333348855
 21
2.967187500093132
 31
0.0
1001
REVIT
1002
{
1070
     1
1000
4651272
1002
}
1002
{
1070
     5
1000
7577066
1002
}
1002
{
1070
     3
1000
-2000281
1002
}
  0
LINE
  5
1099
330
1007
100
AcDbEntity
  8
0
100
AcDbLine
 10
3.459374999976716
 20
2.956770833581686
 30
0.0
 11
3.459374999976716
 21
2.967187500093132
 31
0.0
1001
REVIT
1002
{
1070
     1
1000
4651272
1002
}
1002
{
1070
     5
1000
7577066
1002
}
1002
{
1070
     3
1000
-2000281
1002
}
  0
LINE
  5
109A
330
1007
100
AcDbEntity
  8
0
100
AcDbLine
 10
1.084374999743886
 20
2.956770833581686
 30
0.0
 11
1.084374999743886
 21
2.961979167070239
 31
0.0
1001
REVIT
1002
{
1070
     1
1000
4651272
1002
}
1002
{
1070
     5
1000
7577066
1002
}
1002
{
1070
     3
1000
-2000281
1002
}
  0
LINE
  5
109B
330
1007
100
AcDbEntity
  8
0
100
AcDbLine
 10
1.167708333348855
 20
2.956770833581686
 30
0.0
 11
1.167708333348855
 21
2.961979167070239
 31
0.0
1001
REVIT
1002
{
1070
     1
1000
4651272
1002
}
1002
{
1070
     5
1000
7577066
1002
}
1002
{
1070
     3
1000
-2000281
1002
}
  0
LINE
  5
109C
330
1007
100
AcDbEntity
  8
0
100
AcDbLine
 10
1.251041666604578
 20
2.956770833581686
 30
0.0
 11
1.251041666604578
 21
2.961979167070239
 31
0.0
1001
REVIT
1002
{
1070
     1
1000
4651272
1002
}
1002
{
1070
     5
1000
7577066
1002
}
1002
{
1070
     3
1000
-2000281
1002
}
  0
LINE
  5
109D
330
1007
100
AcDbEntity
  8
0
100
AcDbLine
 10
1.334374999860301
 20
2.956770833581686
 30
0.0
 11
1.334374999860301
 21
2.961979167070239
 31
0.0
1001
REVIT
1002
{
1070
     1
1000
4651272
1002
}
1002
{
1070
     5
1000
7577066
1002
}
1002
{
1070
     3
1000
-2000281
1002
}
  0
LINE
  5
109E
330
1007
100
AcDbEntity
  8
0
100
AcDbLine
 10
1.417708333348855
 20
2.956770833581686
 30
0.0
 11
1.417708333348855
 21
2.961979167070239
 31
0.0
1001
REVIT
1002
{
1070
     1
1000
4651272
1002
}
1002
{
1070
     5
1000
7577066
1002
}
1002
{
1070
     3
1000
-2000281
1002
}
  0
LINE
  5
109F
330
1007
100
AcDbEntity
  8
0
100
AcDbLine
 10
1.501041666604578
 20
2.956770833581686
 30
0.0
 11
1.501041666604578
 21
2.961979167070239
 31
0.0
1001
REVIT
1002
{
1070
     1
1000
4651272
1002
}
1002
{
1070
     5
1000
7577066
1002
}
1002
{
1070
     3
1000
-2000281
1002
}
  0
LINE
  5
10A0
330
1007
100
AcDbEntity
  8
0
100
AcDbLine
 10
1.584374999976716
 20
2.956770833581686
 30
0.0
 11
1.584374999976716
 21
2.961979167070239
 31
0.0
1001
REVIT
1002
{
1070
     1
1000
4651272
1002
}
1002
{
1070
     5
1000
7577066
1002
}
1002
{
1070
     3
1000
-2000281
1002
}
  0
LINE
  5
10A1
330
1007
100
AcDbEntity
  8
0
100
AcDbLine
 10
1.66770833323244
 20
2.956770833581686
 30
0.0
 11
1.66770833323244
 21
2.961979167070239
 31
0.0
1001
REVIT
1002
{
1070
     1
1000
4651272
1002
}
1002
{
1070
     5
1000
7577066
1002
}
1002
{
1070
     3
1000
-2000281
1002
}
  0
LINE
  5
10A2
330
1007
100
AcDbEntity
  8
0
100
AcDbLine
 10
1.751041666488163
 20
2.956770833581686
 30
0.0
 11
1.751041666488163
 21
2.961979167070239
 31
0.0
1001
REVIT
1002
{
1070
     1
1000
4651272
1002
}
1002
{
1070
     5
1000
7577066
1002
}
1002
{
1070
     3
1000
-2000281
1002
}
  0
LINE
  5
10A3
330
1007
100
AcDbEntity
  8
0
100
AcDbLine
 10
1.834374999743886
 20
2.956770833581686
 30
0.0
 11
1.834374999743886
 21
2.961979167070239
 31
0.0
1001
REVIT
1002
{
1070
     1
1000
4651272
1002
}
1002
{
1070
     5
1000
7577066
1002
}
1002
{
1070
     3
1000
-2000281
1002
}
  0
LINE
  5
10A4
330
1007
100
AcDbEntity
  8
0
100
AcDbLine
 10
1.917708333348855
 20
2.956770833581686
 30
0.0
 11
1.917708333348855
 21
2.961979167070239
 31
0.0
1001
REVIT
1002
{
1070
     1
1000
4651272
1002
}
1002
{
1070
     5
1000
7577066
1002
}
1002
{
1070
     3
1000
-2000281
1002
}
  0
LINE
  5
10A5
330
1007
100
AcDbEntity
  8
0
100
AcDbLine
 10
2.001041666604578
 20
2.956770833581686
 30
0.0
 11
2.001041666604578
 21
2.961979167070239
 31
0.0
1001
REVIT
1002
{
1070
     1
1000
4651272
1002
}
1002
{
1070
     5
1000
7577066
1002
}
1002
{
1070
     3
1000
-2000281
1002
}
  0
LINE
  5
10A6
330
1007
100
AcDbEntity
  8
0
100
AcDbLine
 10
2.084374999860301
 20
2.956770833581686
 30
0.0
 11
2.084374999860301
 21
2.961979167070239
 31
0.0
1001
REVIT
1002
{
1070
     1
1000
4651272
1002
}
1002
{
1070
     5
1000
7577066
1002
}
1002
{
1070
     3
1000
-2000281
1002
}
  0
LINE
  5
10A7
330
1007
100
AcDbEntity
  8
0
100
AcDbLine
 10
2.167708333348855
 20
2.956770833581686
 30
0.0
 11
2.167708333348855
 21
2.961979167070239
 31
0.0
1001
REVIT
1002
{
1070
     1
1000
4651272
1002
}
1002
{
1070
     5
1000
7577066
1002
}
1002
{
1070
     3
1000
-2000281
1002
}
  0
LINE
  5
10A8
330
1007
100
AcDbEntity
  8
0
100
AcDbLine
 10
2.251041666604578
 20
2.956770833581686
 30
0.0
 11
2.251041666604578
 21
2.961979167070239
 31
0.0
1001
REVIT
1002
{
1070
     1
1000
4651272
1002
}
1002
{
1070
     5
1000
7577066
1002
}
1002
{
1070
     3
1000
-2000281
1002
}
  0
LINE
  5
10A9
330
1007
100
AcDbEntity
  8
0
100
AcDbLine
 10
2.334374999976716
 20
2.956770833581686
 30
0.0
 11
2.334374999976716
 21
2.961979167070239
 31
0.0
1001
REVIT
1002
{
1070
     1
1000
4651272
1002
}
1002
{
1070
     5
1000
7577066
1002
}
1002
{
1070
     3
1000
-2000281
1002
}
  0
LINE
  5
10AA
330
1007
100
AcDbEntity
  8
0
100
AcDbLine
 10
2.41770833323244
 20
2.956770833581686
 30
0.0
 11
2.41770833323244
 21
2.961979167070239
 31
0.0
1001
REVIT
1002
{
1070
     1
1000
4651272
1002
}
1002
{
1070
     5
1000
7577066
1002
}
1002
{
1070
     3
1000
-2000281
1002
}
  0
LINE
  5
10AB
330
1007
100
AcDbEntity
  8
0
100
AcDbLine
 10
2.501041666488163
 20
2.956770833581686
 30
0.0
 11
2.501041666488163
 21
2.961979167070239
 31
0.0
1001
REVIT
1002
{
1070
     1
1000
4651272
1002
}
1002
{
1070
     5
1000
7577066
1002
}
1002
{
1070
     3
1000
-2000281
1002
}
  0
LINE
  5
10AC
330
1007
100
AcDbEntity
  8
0
100
AcDbLine
 10
2.584374999743886
 20
2.956770833581686
 30
0.0
 11
2.584374999743886
 21
2.961979167070239
 31
0.0
1001
REVIT
1002
{
1070
     1
1000
4651272
1002
}
1002
{
1070
     5
1000
7577066
1002
}
1002
{
1070
     3
1000
-2000281
1002
}
  0
LINE
  5
10AD
330
1007
100
AcDbEntity
  8
0
100
AcDbLine
 10
2.667708333348855
 20
2.956770833581686
 30
0.0
 11
2.667708333348855
 21
2.961979167070239
 31
0.0
1001
REVIT
1002
{
1070
     1
1000
4651272
1002
}
1002
{
1070
     5
1000
7577066
1002
}
1002
{
1070
     3
1000
-2000281
1002
}
  0
LINE
  5
10AE
330
1007
100
AcDbEntity
  8
0
100
AcDbLine
 10
2.751041666604578
 20
2.956770833581686
 30
0.0
 11
2.751041666604578
 21
2.961979167070239
 31
0.0
1001
REVIT
1002
{
1070
     1
1000
4651272
1002
}
1002
{
1070
     5
1000
7577066
1002
}
1002
{
1070
     3
1000
-2000281
1002
}
  0
LINE
  5
10AF
330
1007
100
AcDbEntity
  8
0
100
AcDbLine
 10
2.834374999860301
 20
2.956770833581686
 30
0.0
 11
2.834374999860301
 21
2.961979167070239
 31
0.0
1001
REVIT
1002
{
1070
     1
1000
4651272
1002
}
1002
{
1070
     5
1000
7577066
1002
}
1002
{
1070
     3
1000
-2000281
1002
}
  0
LINE
  5
10B0
330
1007
100
AcDbEntity
  8
0
100
AcDbLine
 10
2.917708333348855
 20
2.956770833581686
 30
0.0
 11
2.917708333348855
 21
2.961979167070239
 31
0.0
1001
REVIT
1002
{
1070
     1
1000
4651272
1002
}
1002
{
1070
     5
1000
7577066
1002
}
1002
{
1070
     3
1000
-2000281
1002
}
  0
LINE
  5
10B1
330
1007
100
AcDbEntity
  8
0
100
AcDbLine
 10
3.001041666604578
 20
2.956770833581686
 30
0.0
 11
3.001041666604578
 21
2.961979167070239
 31
0.0
1001
REVIT
1002
{
1070
     1
1000
4651272
1002
}
1002
{
1070
     5
1000
7577066
1002
}
1002
{
1070
     3
1000
-2000281
1002
}
  0
LINE
  5
10B2
330
1007
100
AcDbEntity
  8
0
100
AcDbLine
 10
3.084374999976716
 20
2.956770833581686
 30
0.0
 11
3.084374999976716
 21
2.961979167070239
 31
0.0
1001
REVIT
1002
{
1070
     1
1000
4651272
1002
}
1002
{
1070
     5
1000
7577066
1002
}
1002
{
1070
     3
1000
-2000281
1002
}
  0
LINE
  5
10B3
330
1007
100
AcDbEntity
  8
0
100
AcDbLine
 10
3.16770833323244
 20
2.956770833581686
 30
0.0
 11
3.16770833323244
 21
2.961979167070239
 31
0.0
1001
REVIT
1002
{
1070
     1
1000
4651272
1002
}
1002
{
1070
     5
1000
7577066
1002
}
1002
{
1070
     3
1000
-2000281
1002
}
  0
LINE
  5
10B4
330
1007
100
AcDbEntity
  8
0
100
AcDbLine
 10
3.251041666488163
 20
2.956770833581686
 30
0.0
 11
3.251041666488163
 21
2.961979167070239
 31
0.0
1001
REVIT
1002
{
1070
     1
1000
4651272
1002
}
1002
{
1070
     5
1000
7577066
1002
}
1002
{
1070
     3
1000
-2000281
1002
}
  0
LINE
  5
10B5
330
1007
100
AcDbEntity
  8
0
100
AcDbLine
 10
3.334374999743886
 20
2.956770833581686
 30
0.0
 11
3.334374999743886
 21
2.961979167070239
 31
0.0
1001
REVIT
1002
{
1070
     1
1000
4651272
1002
}
1002
{
1070
     5
1000
7577066
1002
}
1002
{
1070
     3
1000
-2000281
1002
}
  0
LINE
  5
10B6
330
1007
100
AcDbEntity
  8
0
100
AcDbLine
 10
3.417708333348855
 20
2.956770833581686
 30
0.0
 11
3.417708333348855
 21
2.961979167070239
 31
0.0
1001
REVIT
1002
{
1070
     1
1000
4651272
1002
}
1002
{
1070
     5
1000
7577066
1002
}
1002
{
1070
     3
1000
-2000281
1002
}
  0
LINE
  5
10B7
330
1007
100
AcDbEntity
  8
0
100
AcDbLine
 10
3.501041666604578
 20
2.956770833581686
 30
0.0
 11
3.501041666604578
 21
2.961979167070239
 31
0.0
1001
REVIT
1002
{
1070
     1
1000
4651272
1002
}
1002
{
1070
     5
1000
7577066
1002
}
1002
{
1070
     3
1000
-2000281
1002
}
  0
LINE
  5
10B8
330
1007
100
AcDbEntity
  8
0
100
AcDbLine
 10
-0.1239583335118368
 20
2.040104166604578
 30
0.0
 11
-0.1447916666511446
 21
2.040104166604578
 31
0.0
1001
REVIT
1002
{
1070
     1
1000
4651272
1002
}
1002
{
1070
     5
1000
7577066
1002
}
1002
{
1070
     3
1000
-2000281
1002
}
  0
LINE
  5
10B9
330
1007
100
AcDbEntity
  8
0
100
AcDbLine
 10
-0.1239583335118368
 20
1.956770834047347
 30
0.0
 11
-0.1343750002561137
 21
1.956770834047347
 31
0.0
1001
REVIT
1002
{
1070
     1
1000
4651272
1002
}
1002
{
1070
     5
1000
7577066
1002
}
1002
{
1070
     3
1000
-2000281
1002
}
  0
LINE
  5
10BA
330
1007
100
AcDbEntity
  8
0
100
AcDbLine
 10
-0.1239583335118368
 20
1.998437500093132
 30
0.0
 11
-0.1291666666511446
 21
1.998437500093132
 31
0.0
1001
REVIT
1002
{
1070
     1
1000
4651272
1002
}
1002
{
1070
     5
1000
7577066
1002
}
1002
{
1070
     3
1000
-2000281
1002
}
  0
LINE
  5
10BB
330
1007
100
AcDbEntity
  8
0
100
AcDbLine
 10
-0.1239583335118368
 20
1.915104167070239
 30
0.0
 11
-0.1291666666511446
 21
1.915104167070239
 31
0.0
1001
REVIT
1002
{
1070
     1
1000
4651272
1002
}
1002
{
1070
     5
1000
7577066
1002
}
1002
{
1070
     3
1000
-2000281
1002
}
  0
LINE
  5
10BC
330
1007
100
AcDbEntity
  8
0
100
AcDbLine
 10
-0.1239583335118368
 20
2.206770833581686
 30
0.0
 11
-0.1447916666511446
 21
2.206770833581686
 31
0.0
1001
REVIT
1002
{
1070
     1
1000
4651272
1002
}
1002
{
1070
     5
1000
7577066
1002
}
1002
{
1070
     3
1000
-2000281
1002
}
  0
LINE
  5
10BD
330
1007
100
AcDbEntity
  8
0
100
AcDbLine
 10
-0.1239583335118368
 20
2.123437500093132
 30
0.0
 11
-0.1343750002561137
 21
2.123437500093132
 31
0.0
1001
REVIT
1002
{
1070
     1
1000
4651272
1002
}
1002
{
1070
     5
1000
7577066
1002
}
1002
{
1070
     3
1000
-2000281
1002
}
  0
LINE
  5
10BE
330
1007
100
AcDbEntity
  8
0
100
AcDbLine
 10
-0.1239583335118368
 20
2.165104167070239
 30
0.0
 11
-0.1291666666511446
 21
2.165104167070239
 31
0.0
1001
REVIT
1002
{
1070
     1
1000
4651272
1002
}
1002
{
1070
     5
1000
7577066
1002
}
1002
{
1070
     3
1000
-2000281
1002
}
  0
LINE
  5
10BF
330
1007
100
AcDbEntity
  8
0
100
AcDbLine
 10
-0.1239583335118368
 20
2.081770833116024
 30
0.0
 11
-0.1291666666511446
 21
2.081770833116024
 31
0.0
1001
REVIT
1002
{
1070
     1
1000
4651272
1002
}
1002
{
1070
     5
1000
7577066
1002
}
1002
{
1070
     3
1000
-2000281
1002
}
  0
LINE
  5
10C0
330
1007
100
AcDbEntity
  8
0
100
AcDbLine
 10
-0.1239583335118368
 20
2.373437500093132
 30
0.0
 11
-0.1447916666511446
 21
2.373437500093132
 31
0.0
1001
REVIT
1002
{
1070
     1
1000
4651272
1002
}
1002
{
1070
     5
1000
7577066
1002
}
1002
{
1070
     3
1000
-2000281
1002
}
  0
LINE
  5
10C1
330
1007
100
AcDbEntity
  8
0
100
AcDbLine
 10
-0.1239583335118368
 20
2.290104167070239
 30
0.0
 11
-0.1343750002561137
 21
2.290104167070239
 31
0.0
1001
REVIT
1002
{
1070
     1
1000
4651272
1002
}
1002
{
1070
     5
1000
7577066
1002
}
1002
{
1070
     3
1000
-2000281
1002
}
  0
LINE
  5
10C2
330
1007
100
AcDbEntity
  8
0
100
AcDbLine
 10
-0.1239583335118368
 20
2.331770834047347
 30
0.0
 11
-0.1291666666511446
 21
2.331770834047347
 31
0.0
1001
REVIT
1002
{
1070
     1
1000
4651272
1002
}
1002
{
1070
     5
1000
7577066
1002
}
1002
{
1070
     3
1000
-2000281
1002
}
  0
LINE
  5
10C3
330
1007
100
AcDbEntity
  8
0
100
AcDbLine
 10
-0.1239583335118368
 20
2.248437500093132
 30
0.0
 11
-0.1291666666511446
 21
2.248437500093132
 31
0.0
1001
REVIT
1002
{
1070
     1
1000
4651272
1002
}
1002
{
1070
     5
1000
7577066
1002
}
1002
{
1070
     3
1000
-2000281
1002
}
  0
LINE
  5
10C4
330
1007
100
AcDbEntity
  8
0
100
AcDbLine
 10
-0.1239583335118368
 20
2.540104167070239
 30
0.0
 11
-0.1447916666511446
 21
2.540104167070239
 31
0.0
1001
REVIT
1002
{
1070
     1
1000
4651272
1002
}
1002
{
1070
     5
1000
7577066
1002
}
1002
{
1070
     3
1000
-2000281
1002
}
  0
LINE
  5
10C5
330
1007
100
AcDbEntity
  8
0
100
AcDbLine
 10
-0.1239583335118368
 20
2.456770833116024
 30
0.0
 11
-0.1343750002561137
 21
2.456770833116024
 31
0.0
1001
REVIT
1002
{
1070
     1
1000
4651272
1002
}
1002
{
1070
     5
1000
7577066
1002
}
1002
{
1070
     3
1000
-2000281
1002
}
  0
LINE
  5
10C6
330
1007
100
AcDbEntity
  8
0
100
AcDbLine
 10
-0.1239583335118368
 20
2.498437500093132
 30
0.0
 11
-0.1291666666511446
 21
2.498437500093132
 31
0.0
1001
REVIT
1002
{
1070
     1
1000
4651272
1002
}
1002
{
1070
     5
1000
7577066
1002
}
1002
{
1070
     3
1000
-2000281
1002
}
  0
LINE
  5
10C7
330
1007
100
AcDbEntity
  8
0
100
AcDbLine
 10
-0.1239583335118368
 20
2.415104166604578
 30
0.0
 11
-0.1291666666511446
 21
2.415104166604578
 31
0.0
1001
REVIT
1002
{
1070
     1
1000
4651272
1002
}
1002
{
1070
     5
1000
7577066
1002
}
1002
{
1070
     3
1000
-2000281
1002
}
  0
LINE
  5
10C8
330
1007
100
AcDbEntity
  8
0
100
AcDbLine
 10
-0.1239583335118368
 20
2.706770834047347
 30
0.0
 11
-0.1447916666511446
 21
2.706770834047347
 31
0.0
1001
REVIT
1002
{
1070
     1
1000
4651272
1002
}
1002
{
1070
     5
1000
7577066
1002
}
1002
{
1070
     3
1000
-2000281
1002
}
  0
LINE
  5
10C9
330
1007
100
AcDbEntity
  8
0
100
AcDbLine
 10
-0.1239583335118368
 20
2.623437500093132
 30
0.0
 11
-0.1343750002561137
 21
2.623437500093132
 31
0.0
1001
REVIT
1002
{
1070
     1
1000
4651272
1002
}
1002
{
1070
     5
1000
7577066
1002
}
1002
{
1070
     3
1000
-2000281
1002
}
  0
LINE
  5
10CA
330
1007
100
AcDbEntity
  8
0
100
AcDbLine
 10
-0.1239583335118368
 20
2.665104167070239
 30
0.0
 11
-0.1291666666511446
 21
2.665104167070239
 31
0.0
1001
REVIT
1002
{
1070
     1
1000
4651272
1002
}
1002
{
1070
     5
1000
7577066
1002
}
1002
{
1070
     3
1000
-2000281
1002
}
  0
LINE
  5
10CB
330
1007
100
AcDbEntity
  8
0
100
AcDbLine
 10
-0.1239583335118368
 20
2.581770833581686
 30
0.0
 11
-0.1291666666511446
 21
2.581770833581686
 31
0.0
1001
REVIT
1002
{
1070
     1
1000
4651272
1002
}
1002
{
1070
     5
1000
7577066
1002
}
1002
{
1070
     3
1000
-2000281
1002
}
  0
LINE
  5
10CC
330
1007
100
AcDbEntity
  8
0
100
AcDbLine
 10
-0.1239583335118368
 20
2.873437500093132
 30
0.0
 11
-0.1447916666511446
 21
2.873437500093132
 31
0.0
1001
REVIT
1002
{
1070
     1
1000
4651272
1002
}
1002
{
1070
     5
1000
7577066
1002
}
1002
{
1070
     3
1000
-2000281
1002
}
  0
LINE
  5
10CD
330
1007
100
AcDbEntity
  8
0
100
AcDbLine
 10
-0.1239583335118368
 20
2.790104166604578
 30
0.0
 11
-0.1343750002561137
 21
2.790104166604578
 31
0.0
1001
REVIT
1002
{
1070
     1
1000
4651272
1002
}
1002
{
1070
     5
1000
7577066
1002
}
1002
{
1070
     3
1000
-2000281
1002
}
  0
LINE
  5
10CE
330
1007
100
AcDbEntity
  8
0
100
AcDbLine
 10
-0.1239583335118368
 20
2.831770833116024
 30
0.0
 11
-0.1291666666511446
 21
2.831770833116024
 31
0.0
1001
REVIT
1002
{
1070
     1
1000
4651272
1002
}
1002
{
1070
     5
1000
7577066
1002
}
1002
{
1070
     3
1000
-2000281
1002
}
  0
LINE
  5
10CF
330
1007
100
AcDbEntity
  8
0
100
AcDbLine
 10
-0.1239583335118368
 20
2.748437500093132
 30
0.0
 11
-0.1291666666511446
 21
2.748437500093132
 31
0.0
1001
REVIT
1002
{
1070
     1
1000
4651272
1002
}
1002
{
1070
     5
1000
7577066
1002
}
1002
{
1070
     3
1000
-2000281
1002
}
  0
LINE
  5
10D0
330
1007
100
AcDbEntity
  8
0
100
AcDbLine
 10
-0.1239583335118368
 20
2.915104167070239
 30
0.0
 11
-0.1291666666511446
 21
2.915104167070239
 31
0.0
1001
REVIT
1002
{
1070
     1
1000
4651272
1002
}
1002
{
1070
     5
1000
7577066
1002
}
1002
{
1070
     3
1000
-2000281
1002
}
  0
LINE
  5
10D1
330
1007
100
AcDbEntity
  8
0
100
AcDbLine
 10
-0.1239583335118368
 20
2.956770833581686
 30
0.0
 11
-0.1239583335118368
 21
2.977604166604578
 31
0.0
1001
REVIT
1002
{
1070
     1
1000
4651272
1002
}
1002
{
1070
     5
1000
7577066
1002
}
1002
{
1070
     3
1000
-2000281
1002
}
  0
LINE
  5
10D2
330
1007
100
AcDbEntity
  8
0
100
AcDbLine
 10
-0.1239583335118368
 20
2.956770833581686
 30
0.0
 11
-0.1447916666511446
 21
2.956770833581686
 31
0.0
1001
REVIT
1002
{
1070
     1
1000
4651272
1002
}
1002
{
1070
     5
1000
7577066
1002
}
1002
{
1070
     3
1000
-2000281
1002
}
  0
LINE
  5
10D3
330
1007
100
AcDbEntity
  8
0
100
AcDbLine
 10
0.8760416666045784
 20
2.956770833581686
 30
0.0
 11
0.8760416666045784
 21
2.977604166604578
 31
0.0
1001
REVIT
1002
{
1070
     1
1000
4651272
1002
}
1002
{
1070
     5
1000
7577066
1002
}
1002
{
1070
     3
1000
-2000281
1002
}
  0
LINE
  5
10D4
330
1007
100
AcDbEntity
  8
0
100
AcDbLine
 10
0.9593749998603016
 20
2.956770833581686
 30
0.0
 11
0.9593749998603016
 21
2.967187500093132
 31
0.0
1001
REVIT
1002
{
1070
     1
1000
4651272
1002
}
1002
{
1070
     5
1000
7577066
1002
}
1002
{
1070
     3
1000
-2000281
1002
}
  0
LINE
  5
10D5
330
1007
100
AcDbEntity
  8
0
100
AcDbLine
 10
0.91770833323244
 20
2.956770833581686
 30
0.0
 11
0.91770833323244
 21
2.961979167070239
 31
0.0
1001
REVIT
1002
{
1070
     1
1000
4651272
1002
}
1002
{
1070
     5
1000
7577066
1002
}
1002
{
1070
     3
1000
-2000281
1002
}
  0
LINE
  5
10D6
330
1007
100
AcDbEntity
  8
0
100
AcDbLine
 10
1.001041666488163
 20
2.956770833581686
 30
0.0
 11
1.001041666488163
 21
2.961979167070239
 31
0.0
1001
REVIT
1002
{
1070
     1
1000
4651272
1002
}
1002
{
1070
     5
1000
7577066
1002
}
1002
{
1070
     3
1000
-2000281
1002
}
  0
LINE
  5
10D7
330
1007
100
AcDbEntity
  8
0
100
AcDbLine
 10
0.7093749997438863
 20
2.956770833581686
 30
0.0
 11
0.7093749997438863
 21
2.977604166604578
 31
0.0
1001
REVIT
1002
{
1070
     1
1000
4651272
1002
}
1002
{
1070
     5
1000
7577066
1002
}
1002
{
1070
     3
1000
-2000281
1002
}
  0
LINE
  5
10D8
330
1007
100
AcDbEntity
  8
0
100
AcDbLine
 10
0.7927083333488554
 20
2.956770833581686
 30
0.0
 11
0.7927083333488554
 21
2.967187500093132
 31
0.0
1001
REVIT
1002
{
1070
     1
1000
4651272
1002
}
1002
{
1070
     5
1000
7577066
1002
}
1002
{
1070
     3
1000
-2000281
1002
}
  0
LINE
  5
10D9
330
1007
100
AcDbEntity
  8
0
100
AcDbLine
 10
0.7510416666045785
 20
2.956770833581686
 30
0.0
 11
0.7510416666045785
 21
2.961979167070239
 31
0.0
1001
REVIT
1002
{
1070
     1
1000
4651272
1002
}
1002
{
1070
     5
1000
7577066
1002
}
1002
{
1070
     3
1000
-2000281
1002
}
  0
LINE
  5
10DA
330
1007
100
AcDbEntity
  8
0
100
AcDbLine
 10
0.8343749999767169
 20
2.956770833581686
 30
0.0
 11
0.8343749999767169
 21
2.961979167070239
 31
0.0
1001
REVIT
1002
{
1070
     1
1000
4651272
1002
}
1002
{
1070
     5
1000
7577066
1002
}
1002
{
1070
     3
1000
-2000281
1002
}
  0
LINE
  5
10DB
330
1007
100
AcDbEntity
  8
0
100
AcDbLine
 10
0.5427083332324401
 20
2.956770833581686
 30
0.0
 11
0.5427083332324401
 21
2.977604166604578
 31
0.0
1001
REVIT
1002
{
1070
     1
1000
4651272
1002
}
1002
{
1070
     5
1000
7577066
1002
}
1002
{
1070
     3
1000
-2000281
1002
}
  0
LINE
  5
10DC
330
1007
100
AcDbEntity
  8
0
100
AcDbLine
 10
0.6260416664881632
 20
2.956770833581686
 30
0.0
 11
0.6260416664881632
 21
2.967187500093132
 31
0.0
1001
REVIT
1002
{
1070
     1
1000
4651272
1002
}
1002
{
1070
     5
1000
7577066
1002
}
1002
{
1070
     3
1000
-2000281
1002
}
  0
LINE
  5
10DD
330
1007
100
AcDbEntity
  8
0
100
AcDbLine
 10
0.5843749998603017
 20
2.956770833581686
 30
0.0
 11
0.5843749998603017
 21
2.961979167070239
 31
0.0
1001
REVIT
1002
{
1070
     1
1000
4651272
1002
}
1002
{
1070
     5
1000
7577066
1002
}
1002
{
1070
     3
1000
-2000281
1002
}
  0
LINE
  5
10DE
330
1007
100
AcDbEntity
  8
0
100
AcDbLine
 10
0.6677083333488554
 20
2.956770833581686
 30
0.0
 11
0.6677083333488554
 21
2.961979167070239
 31
0.0
1001
REVIT
1002
{
1070
     1
1000
4651272
1002
}
1002
{
1070
     5
1000
7577066
1002
}
1002
{
1070
     3
1000
-2000281
1002
}
  0
LINE
  5
10DF
330
1007
100
AcDbEntity
  8
0
100
AcDbLine
 10
0.3760416666045785
 20
2.956770833581686
 30
0.0
 11
0.3760416666045785
 21
2.977604166604578
 31
0.0
1001
REVIT
1002
{
1070
     1
1000
4651272
1002
}
1002
{
1070
     5
1000
7577066
1002
}
1002
{
1070
     3
1000
-2000281
1002
}
  0
LINE
  5
10E0
330
1007
100
AcDbEntity
  8
0
100
AcDbLine
 10
0.459374999976717
 20
2.956770833581686
 30
0.0
 11
0.459374999976717
 21
2.967187500093132
 31
0.0
1001
REVIT
1002
{
1070
     1
1000
4651272
1002
}
1002
{
1070
     5
1000
7577066
1002
}
1002
{
1070
     3
1000
-2000281
1002
}
  0
LINE
  5
10E1
330
1007
100
AcDbEntity
  8
0
100
AcDbLine
 10
0.4177083333488554
 20
2.956770833581686
 30
0.0
 11
0.4177083333488554
 21
2.961979167070239
 31
0.0
1001
REVIT
1002
{
1070
     1
1000
4651272
1002
}
1002
{
1070
     5
1000
7577066
1002
}
1002
{
1070
     3
1000
-2000281
1002
}
  0
LINE
  5
10E2
330
1007
100
AcDbEntity
  8
0
100
AcDbLine
 10
0.5010416666045785
 20
2.956770833581686
 30
0.0
 11
0.5010416666045785
 21
2.961979167070239
 31
0.0
1001
REVIT
1002
{
1070
     1
1000
4651272
1002
}
1002
{
1070
     5
1000
7577066
1002
}
1002
{
1070
     3
1000
-2000281
1002
}
  0
LINE
  5
10E3
330
1007
100
AcDbEntity
  8
0
100
AcDbLine
 10
0.2093749998603016
 20
2.956770833581686
 30
0.0
 11
0.2093749998603016
 21
2.977604166604578
 31
0.0
1001
REVIT
1002
{
1070
     1
1000
4651272
1002
}
1002
{
1070
     5
1000
7577066
1002
}
1002
{
1070
     3
1000
-2000281
1002
}
  0
LINE
  5
10E4
330
1007
100
AcDbEntity
  8
0
100
AcDbLine
 10
0.2927083333488554
 20
2.956770833581686
 30
0.0
 11
0.2927083333488554
 21
2.967187500093132
 31
0.0
1001
REVIT
1002
{
1070
     1
1000
4651272
1002
}
1002
{
1070
     5
1000
7577066
1002
}
1002
{
1070
     3
1000
-2000281
1002
}
  0
LINE
  5
10E5
330
1007
100
AcDbEntity
  8
0
100
AcDbLine
 10
0.2510416664881632
 20
2.956770833581686
 30
0.0
 11
0.2510416664881632
 21
2.961979167070239
 31
0.0
1001
REVIT
1002
{
1070
     1
1000
4651272
1002
}
1002
{
1070
     5
1000
7577066
1002
}
1002
{
1070
     3
1000
-2000281
1002
}
  0
LINE
  5
10E6
330
1007
100
AcDbEntity
  8
0
100
AcDbLine
 10
0.3343749997438863
 20
2.956770833581686
 30
0.0
 11
0.3343749997438863
 21
2.961979167070239
 31
0.0
1001
REVIT
1002
{
1070
     1
1000
4651272
1002
}
1002
{
1070
     5
1000
7577066
1002
}
1002
{
1070
     3
1000
-2000281
1002
}
  0
LINE
  5
10E7
330
1007
100
AcDbEntity
  8
0
100
AcDbLine
 10
0.0427083333488554
 20
2.956770833581686
 30
0.0
 11
0.0427083333488554
 21
2.977604166604578
 31
0.0
1001
REVIT
1002
{
1070
     1
1000
4651272
1002
}
1002
{
1070
     5
1000
7577066
1002
}
1002
{
1070
     3
1000
-2000281
1002
}
  0
LINE
  5
10E8
330
1007
100
AcDbEntity
  8
0
100
AcDbLine
 10
0.1260416666045785
 20
2.956770833581686
 30
0.0
 11
0.1260416666045785
 21
2.967187500093132
 31
0.0
1001
REVIT
1002
{
1070
     1
1000
4651272
1002
}
1002
{
1070
     5
1000
7577066
1002
}
1002
{
1070
     3
1000
-2000281
1002
}
  0
LINE
  5
10E9
330
1007
100
AcDbEntity
  8
0
100
AcDbLine
 10
0.084374999976717
 20
2.956770833581686
 30
0.0
 11
0.084374999976717
 21
2.961979167070239
 31
0.0
1001
REVIT
1002
{
1070
     1
1000
4651272
1002
}
1002
{
1070
     5
1000
7577066
1002
}
1002
{
1070
     3
1000
-2000281
1002
}
  0
LINE
  5
10EA
330
1007
100
AcDbEntity
  8
0
100
AcDbLine
 10
0.16770833323244
 20
2.956770833581686
 30
0.0
 11
0.16770833323244
 21
2.961979167070239
 31
0.0
1001
REVIT
1002
{
1070
     1
1000
4651272
1002
}
1002
{
1070
     5
1000
7577066
1002
}
1002
{
1070
     3
1000
-2000281
1002
}
  0
LINE
  5
10EB
330
1007
100
AcDbEntity
  8
0
100
AcDbLine
 10
-0.0406250002561137
 20
2.956770833581686
 30
0.0
 11
-0.0406250002561137
 21
2.967187500093132
 31
0.0
1001
REVIT
1002
{
1070
     1
1000
4651272
1002
}
1002
{
1070
     5
1000
7577066
1002
}
1002
{
1070
     3
1000
-2000281
1002
}
  0
LINE
  5
10EC
330
1007
100
AcDbEntity
  8
0
100
AcDbLine
 10
0.0010416666045785
 20
2.956770833581686
 30
0.0
 11
0.0010416666045785
 21
2.961979167070239
 31
0.0
1001
REVIT
1002
{
1070
     1
1000
4651272
1002
}
1002
{
1070
     5
1000
7577066
1002
}
1002
{
1070
     3
1000
-2000281
1002
}
  0
LINE
  5
10ED
330
1007
100
AcDbEntity
  8
0
100
AcDbLine
 10
3.54270833323244
 20
2.040104166604578
 30
0.0
 11
3.563541666604578
 21
2.040104166604578
 31
0.0
1001
REVIT
1002
{
1070
     1
1000
4651272
1002
}
1002
{
1070
     5
1000
7577066
1002
}
1002
{
1070
     3
1000
-2000281
1002
}
  0
LINE
  5
10EE
330
1007
100
AcDbEntity
  8
0
100
AcDbLine
 10
3.54270833323244
 20
1.956770834047347
 30
0.0
 11
3.553124999976716
 21
1.956770834047347
 31
0.0
1001
REVIT
1002
{
1070
     1
1000
4651272
1002
}
1002
{
1070
     5
1000
7577066
1002
}
1002
{
1070
     3
1000
-2000281
1002
}
  0
LINE
  5
10EF
330
1007
100
AcDbEntity
  8
0
100
AcDbLine
 10
3.54270833323244
 20
1.998437500093132
 30
0.0
 11
3.547916666604578
 21
1.998437500093132
 31
0.0
1001
REVIT
1002
{
1070
     1
1000
4651272
1002
}
1002
{
1070
     5
1000
7577066
1002
}
1002
{
1070
     3
1000
-2000281
1002
}
  0
LINE
  5
10F0
330
1007
100
AcDbEntity
  8
0
100
AcDbLine
 10
3.54270833323244
 20
1.915104167070239
 30
0.0
 11
3.547916666604578
 21
1.915104167070239
 31
0.0
1001
REVIT
1002
{
1070
     1
1000
4651272
1002
}
1002
{
1070
     5
1000
7577066
1002
}
1002
{
1070
     3
1000
-2000281
1002
}
  0
LINE
  5
10F1
330
1007
100
AcDbEntity
  8
0
100
AcDbLine
 10
3.54270833323244
 20
2.206770833581686
 30
0.0
 11
3.563541666604578
 21
2.206770833581686
 31
0.0
1001
REVIT
1002
{
1070
     1
1000
4651272
1002
}
1002
{
1070
     5
1000
7577066
1002
}
1002
{
1070
     3
1000
-2000281
1002
}
  0
LINE
  5
10F2
330
1007
100
AcDbEntity
  8
0
100
AcDbLine
 10
3.54270833323244
 20
2.123437500093132
 30
0.0
 11
3.553124999976716
 21
2.123437500093132
 31
0.0
1001
REVIT
1002
{
1070
     1
1000
4651272
1002
}
1002
{
1070
     5
1000
7577066
1002
}
1002
{
1070
     3
1000
-2000281
1002
}
  0
LINE
  5
10F3
330
1007
100
AcDbEntity
  8
0
100
AcDbLine
 10
3.54270833323244
 20
2.165104167070239
 30
0.0
 11
3.547916666604578
 21
2.165104167070239
 31
0.0
1001
REVIT
1002
{
1070
     1
1000
4651272
1002
}
1002
{
1070
     5
1000
7577066
1002
}
1002
{
1070
     3
1000
-2000281
1002
}
  0
LINE
  5
10F4
330
1007
100
AcDbEntity
  8
0
100
AcDbLine
 10
3.54270833323244
 20
2.081770833116024
 30
0.0
 11
3.547916666604578
 21
2.081770833116024
 31
0.0
1001
REVIT
1002
{
1070
     1
1000
4651272
1002
}
1002
{
1070
     5
1000
7577066
1002
}
1002
{
1070
     3
1000
-2000281
1002
}
  0
LINE
  5
10F5
330
1007
100
AcDbEntity
  8
0
100
AcDbLine
 10
3.54270833323244
 20
2.373437500093132
 30
0.0
 11
3.563541666604578
 21
2.373437500093132
 31
0.0
1001
REVIT
1002
{
1070
     1
1000
4651272
1002
}
1002
{
1070
     5
1000
7577066
1002
}
1002
{
1070
     3
1000
-2000281
1002
}
  0
LINE
  5
10F6
330
1007
100
AcDbEntity
  8
0
100
AcDbLine
 10
3.54270833323244
 20
2.290104167070239
 30
0.0
 11
3.553124999976716
 21
2.290104167070239
 31
0.0
1001
REVIT
1002
{
1070
     1
1000
4651272
1002
}
1002
{
1070
     5
1000
7577066
1002
}
1002
{
1070
     3
1000
-2000281
1002
}
  0
LINE
  5
10F7
330
1007
100
AcDbEntity
  8
0
100
AcDbLine
 10
3.54270833323244
 20
2.331770834047347
 30
0.0
 11
3.547916666604578
 21
2.331770834047347
 31
0.0
1001
REVIT
1002
{
1070
     1
1000
4651272
1002
}
1002
{
1070
     5
1000
7577066
1002
}
1002
{
1070
     3
1000
-2000281
1002
}
  0
LINE
  5
10F8
330
1007
100
AcDbEntity
  8
0
100
AcDbLine
 10
3.54270833323244
 20
2.248437500093132
 30
0.0
 11
3.547916666604578
 21
2.248437500093132
 31
0.0
1001
REVIT
1002
{
1070
     1
1000
4651272
1002
}
1002
{
1070
     5
1000
7577066
1002
}
1002
{
1070
     3
1000
-2000281
1002
}
  0
LINE
  5
10F9
330
1007
100
AcDbEntity
  8
0
100
AcDbLine
 10
3.54270833323244
 20
2.540104167070239
 30
0.0
 11
3.563541666604578
 21
2.540104167070239
 31
0.0
1001
REVIT
1002
{
1070
     1
1000
4651272
1002
}
1002
{
1070
     5
1000
7577066
1002
}
1002
{
1070
     3
1000
-2000281
1002
}
  0
LINE
  5
10FA
330
1007
100
AcDbEntity
  8
0
100
AcDbLine
 10
3.54270833323244
 20
2.456770833116024
 30
0.0
 11
3.553124999976716
 21
2.456770833116024
 31
0.0
1001
REVIT
1002
{
1070
     1
1000
4651272
1002
}
1002
{
1070
     5
1000
7577066
1002
}
1002
{
1070
     3
1000
-2000281
1002
}
  0
LINE
  5
10FB
330
1007
100
AcDbEntity
  8
0
100
AcDbLine
 10
3.54270833323244
 20
2.498437500093132
 30
0.0
 11
3.547916666604578
 21
2.498437500093132
 31
0.0
1001
REVIT
1002
{
1070
     1
1000
4651272
1002
}
1002
{
1070
     5
1000
7577066
1002
}
1002
{
1070
     3
1000
-2000281
1002
}
  0
LINE
  5
10FC
330
1007
100
AcDbEntity
  8
0
100
AcDbLine
 10
3.54270833323244
 20
2.415104166604578
 30
0.0
 11
3.547916666604578
 21
2.415104166604578
 31
0.0
1001
REVIT
1002
{
1070
     1
1000
4651272
1002
}
1002
{
1070
     5
1000
7577066
1002
}
1002
{
1070
     3
1000
-2000281
1002
}
  0
LINE
  5
10FD
330
1007
100
AcDbEntity
  8
0
100
AcDbLine
 10
3.54270833323244
 20
2.706770834047347
 30
0.0
 11
3.563541666604578
 21
2.706770834047347
 31
0.0
1001
REVIT
1002
{
1070
     1
1000
4651272
1002
}
1002
{
1070
     5
1000
7577066
1002
}
1002
{
1070
     3
1000
-2000281
1002
}
  0
LINE
  5
10FE
330
1007
100
AcDbEntity
  8
0
100
AcDbLine
 10
3.54270833323244
 20
2.623437500093132
 30
0.0
 11
3.553124999976716
 21
2.623437500093132
 31
0.0
1001
REVIT
1002
{
1070
     1
1000
4651272
1002
}
1002
{
1070
     5
1000
7577066
1002
}
1002
{
1070
     3
1000
-2000281
1002
}
  0
LINE
  5
10FF
330
1007
100
AcDbEntity
  8
0
100
AcDbLine
 10
3.54270833323244
 20
2.665104167070239
 30
0.0
 11
3.547916666604578
 21
2.665104167070239
 31
0.0
1001
REVIT
1002
{
1070
     1
1000
4651272
1002
}
1002
{
1070
     5
1000
7577066
1002
}
1002
{
1070
     3
1000
-2000281
1002
}
  0
LINE
  5
1100
330
1007
100
AcDbEntity
  8
0
100
AcDbLine
 10
3.54270833323244
 20
2.581770833581686
 30
0.0
 11
3.547916666604578
 21
2.581770833581686
 31
0.0
1001
REVIT
1002
{
1070
     1
1000
4651272
1002
}
1002
{
1070
     5
1000
7577066
1002
}
1002
{
1070
     3
1000
-2000281
1002
}
  0
LINE
  5
1101
330
1007
100
AcDbEntity
  8
0
100
AcDbLine
 10
3.54270833323244
 20
2.873437500093132
 30
0.0
 11
3.563541666604578
 21
2.873437500093132
 31
0.0
1001
REVIT
1002
{
1070
     1
1000
4651272
1002
}
1002
{
1070
     5
1000
7577066
1002
}
1002
{
1070
     3
1000
-2000281
1002
}
  0
LINE
  5
1102
330
1007
100
AcDbEntity
  8
0
100
AcDbLine
 10
3.54270833323244
 20
2.790104166604578
 30
0.0
 11
3.553124999976716
 21
2.790104166604578
 31
0.0
1001
REVIT
1002
{
1070
     1
1000
4651272
1002
}
1002
{
1070
     5
1000
7577066
1002
}
1002
{
1070
     3
1000
-2000281
1002
}
  0
LINE
  5
1103
330
1007
100
AcDbEntity
  8
0
100
AcDbLine
 10
3.54270833323244
 20
2.831770833116024
 30
0.0
 11
3.547916666604578
 21
2.831770833116024
 31
0.0
1001
REVIT
1002
{
1070
     1
1000
4651272
1002
}
1002
{
1070
     5
1000
7577066
1002
}
1002
{
1070
     3
1000
-2000281
1002
}
  0
LINE
  5
1104
330
1007
100
AcDbEntity
  8
0
100
AcDbLine
 10
3.54270833323244
 20
2.748437500093132
 30
0.0
 11
3.547916666604578
 21
2.748437500093132
 31
0.0
1001
REVIT
1002
{
1070
     1
1000
4651272
1002
}
1002
{
1070
     5
1000
7577066
1002
}
1002
{
1070
     3
1000
-2000281
1002
}
  0
LINE
  5
1105
330
1007
100
AcDbEntity
  8
0
100
AcDbLine
 10
3.54270833323244
 20
2.915104167070239
 30
0.0
 11
3.547916666604578
 21
2.915104167070239
 31
0.0
1001
REVIT
1002
{
1070
     1
1000
4651272
1002
}
1002
{
1070
     5
1000
7577066
1002
}
1002
{
1070
     3
1000
-2000281
1002
}
  0
LINE
  5
1106
330
1007
100
AcDbEntity
  8
0
100
AcDbLine
 10
3.54270833323244
 20
2.956770833581686
 30
0.0
 11
3.563541666604578
 21
2.956770833581686
 31
0.0
1001
REVIT
1002
{
1070
     1
1000
4651272
1002
}
1002
{
1070
     5
1000
7577066
1002
}
1002
{
1070
     3
1000
-2000281
1002
}
  0
LINE
  5
1107
330
1007
100
AcDbEntity
  8
0
100
AcDbLine
 10
-0.0822916666511446
 20
2.956770833581686
 30
0.0
 11
-0.0822916666511446
 21
2.961979167070239
 31
0.0
1001
REVIT
1002
{
1070
     1
1000
4651272
1002
}
1002
{
1070
     5
1000
7577066
1002
}
1002
{
1070
     3
1000
-2000281
1002
}
  0
LINE
  5
1108
330
1007
100
AcDbEntity
  8
0
100
AcDbLine
 10
3.54270833323244
 20
0.0401041670702398
 30
0.0
 11
-0.1239583335118368
 21
0.0401041670702398
 31
0.0
1001
REVIT
1002
{
1070
     1
1000
4651272
1002
}
1002
{
1070
     5
1000
7577066
1002
}
  0
LINE
  5
1109
330
1007
100
AcDbEntity
  8
0
100
AcDbLine
 10
1.042708333348855
 20
0.0401041670702398
 30
0.0
 11
1.042708333348855
 21
0.0192708331160247
 31
0.0
1001
REVIT
1002
{
1070
     1
1000
4651272
1002
}
1002
{
1070
     5
1000
7577066
1002
}
1002
{
1070
     3
1000
-2000281
1002
}
  0
LINE
  5
110A
330
1007
100
AcDbEntity
  8
0
100
AcDbLine
 10
1.209374999976716
 20
0.0401041670702398
 30
0.0
 11
1.209374999976716
 21
0.0192708331160247
 31
0.0
1001
REVIT
1002
{
1070
     1
1000
4651272
1002
}
1002
{
1070
     5
1000
7577066
1002
}
1002
{
1070
     3
1000
-2000281
1002
}
  0
LINE
  5
110B
330
1007
100
AcDbEntity
  8
0
100
AcDbLine
 10
1.376041666488163
 20
0.0401041670702398
 30
0.0
 11
1.376041666488163
 21
0.0192708331160247
 31
0.0
1001
REVIT
1002
{
1070
     1
1000
4651272
1002
}
1002
{
1070
     5
1000
7577066
1002
}
1002
{
1070
     3
1000
-2000281
1002
}
  0
LINE
  5
110C
330
1007
100
AcDbEntity
  8
0
100
AcDbLine
 10
1.542708333348855
 20
0.0401041670702398
 30
0.0
 11
1.542708333348855
 21
0.0192708331160247
 31
0.0
1001
REVIT
1002
{
1070
     1
1000
4651272
1002
}
1002
{
1070
     5
1000
7577066
1002
}
1002
{
1070
     3
1000
-2000281
1002
}
  0
LINE
  5
110D
330
1007
100
AcDbEntity
  8
0
100
AcDbLine
 10
1.709374999860301
 20
0.0401041670702398
 30
0.0
 11
1.709374999860301
 21
0.0192708331160247
 31
0.0
1001
REVIT
1002
{
1070
     1
1000
4651272
1002
}
1002
{
1070
     5
1000
7577066
1002
}
1002
{
1070
     3
1000
-2000281
1002
}
  0
LINE
  5
110E
330
1007
100
AcDbEntity
  8
0
100
AcDbLine
 10
1.876041666604578
 20
0.0401041670702398
 30
0.0
 11
1.876041666604578
 21
0.0192708331160247
 31
0.0
1001
REVIT
1002
{
1070
     1
1000
4651272
1002
}
1002
{
1070
     5
1000
7577066
1002
}
1002
{
1070
     3
1000
-2000281
1002
}
  0
LINE
  5
110F
330
1007
100
AcDbEntity
  8
0
100
AcDbLine
 10
2.04270833323244
 20
0.0401041670702398
 30
0.0
 11
2.04270833323244
 21
0.0192708331160247
 31
0.0
1001
REVIT
1002
{
1070
     1
1000
4651272
1002
}
1002
{
1070
     5
1000
7577066
1002
}
1002
{
1070
     3
1000
-2000281
1002
}
  0
LINE
  5
1110
330
1007
100
AcDbEntity
  8
0
100
AcDbLine
 10
2.209374999743886
 20
0.0401041670702398
 30
0.0
 11
2.209374999743886
 21
0.0192708331160247
 31
0.0
1001
REVIT
1002
{
1070
     1
1000
4651272
1002
}
1002
{
1070
     5
1000
7577066
1002
}
1002
{
1070
     3
1000
-2000281
1002
}
  0
LINE
  5
1111
330
1007
100
AcDbEntity
  8
0
100
AcDbLine
 10
2.376041666604578
 20
0.0401041670702398
 30
0.0
 11
2.376041666604578
 21
0.0192708331160247
 31
0.0
1001
REVIT
1002
{
1070
     1
1000
4651272
1002
}
1002
{
1070
     5
1000
7577066
1002
}
1002
{
1070
     3
1000
-2000281
1002
}
  0
LINE
  5
1112
330
1007
100
AcDbEntity
  8
0
100
AcDbLine
 10
2.542708333348855
 20
0.0401041670702398
 30
0.0
 11
2.542708333348855
 21
0.0192708331160247
 31
0.0
1001
REVIT
1002
{
1070
     1
1000
4651272
1002
}
1002
{
1070
     5
1000
7577066
1002
}
1002
{
1070
     3
1000
-2000281
1002
}
  0
LINE
  5
1113
330
1007
100
AcDbEntity
  8
0
100
AcDbLine
 10
2.709374999976716
 20
0.0401041670702398
 30
0.0
 11
2.709374999976716
 21
0.0192708331160247
 31
0.0
1001
REVIT
1002
{
1070
     1
1000
4651272
1002
}
1002
{
1070
     5
1000
7577066
1002
}
1002
{
1070
     3
1000
-2000281
1002
}
  0
LINE
  5
1114
330
1007
100
AcDbEntity
  8
0
100
AcDbLine
 10
2.876041666488163
 20
0.0401041670702398
 30
0.0
 11
2.876041666488163
 21
0.0192708331160247
 31
0.0
1001
REVIT
1002
{
1070
     1
1000
4651272
1002
}
1002
{
1070
     5
1000
7577066
1002
}
1002
{
1070
     3
1000
-2000281
1002
}
  0
LINE
  5
1115
330
1007
100
AcDbEntity
  8
0
100
AcDbLine
 10
3.042708333348855
 20
0.0401041670702398
 30
0.0
 11
3.042708333348855
 21
0.0192708331160247
 31
0.0
1001
REVIT
1002
{
1070
     1
1000
4651272
1002
}
1002
{
1070
     5
1000
7577066
1002
}
1002
{
1070
     3
1000
-2000281
1002
}
  0
LINE
  5
1116
330
1007
100
AcDbEntity
  8
0
100
AcDbLine
 10
3.209374999860301
 20
0.0401041670702398
 30
0.0
 11
3.209374999860301
 21
0.0192708331160247
 31
0.0
1001
REVIT
1002
{
1070
     1
1000
4651272
1002
}
1002
{
1070
     5
1000
7577066
1002
}
1002
{
1070
     3
1000
-2000281
1002
}
  0
LINE
  5
1117
330
1007
100
AcDbEntity
  8
0
100
AcDbLine
 10
3.376041666604578
 20
0.0401041670702398
 30
0.0
 11
3.376041666604578
 21
0.0192708331160247
 31
0.0
1001
REVIT
1002
{
1070
     1
1000
4651272
1002
}
1002
{
1070
     5
1000
7577066
1002
}
1002
{
1070
     3
1000
-2000281
1002
}
  0
LINE
  5
1118
330
1007
100
AcDbEntity
  8
0
100
AcDbLine
 10
3.54270833323244
 20
0.0401041670702398
 30
0.0
 11
3.54270833323244
 21
0.0192708331160247
 31
0.0
1001
REVIT
1002
{
1070
     1
1000
4651272
1002
}
1002
{
1070
     5
1000
7577066
1002
}
1002
{
1070
     3
1000
-2000281
1002
}
  0
LINE
  5
1119
330
1007
100
AcDbEntity
  8
0
100
AcDbLine
 10
1.126041666604578
 20
0.0401041670702398
 30
0.0
 11
1.126041666604578
 21
0.0296875000931323
 31
0.0
1001
REVIT
1002
{
1070
     1
1000
4651272
1002
}
1002
{
1070
     5
1000
7577066
1002
}
1002
{
1070
     3
1000
-2000281
1002
}
  0
LINE
  5
111A
330
1007
100
AcDbEntity
  8
0
100
AcDbLine
 10
1.29270833323244
 20
0.0401041670702398
 30
0.0
 11
1.29270833323244
 21
0.0296875000931323
 31
0.0
1001
REVIT
1002
{
1070
     1
1000
4651272
1002
}
1002
{
1070
     5
1000
7577066
1002
}
1002
{
1070
     3
1000
-2000281
1002
}
  0
LINE
  5
111B
330
1007
100
AcDbEntity
  8
0
100
AcDbLine
 10
1.459374999743886
 20
0.0401041670702398
 30
0.0
 11
1.459374999743886
 21
0.0296875000931323
 31
0.0
1001
REVIT
1002
{
1070
     1
1000
4651272
1002
}
1002
{
1070
     5
1000
7577066
1002
}
1002
{
1070
     3
1000
-2000281
1002
}
  0
LINE
  5
111C
330
1007
100
AcDbEntity
  8
0
100
AcDbLine
 10
1.626041666604578
 20
0.0401041670702398
 30
0.0
 11
1.626041666604578
 21
0.0296875000931323
 31
0.0
1001
REVIT
1002
{
1070
     1
1000
4651272
1002
}
1002
{
1070
     5
1000
7577066
1002
}
1002
{
1070
     3
1000
-2000281
1002
}
  0
LINE
  5
111D
330
1007
100
AcDbEntity
  8
0
100
AcDbLine
 10
1.792708333348855
 20
0.0401041670702398
 30
0.0
 11
1.792708333348855
 21
0.0296875000931323
 31
0.0
1001
REVIT
1002
{
1070
     1
1000
4651272
1002
}
1002
{
1070
     5
1000
7577066
1002
}
1002
{
1070
     3
1000
-2000281
1002
}
  0
LINE
  5
111E
330
1007
100
AcDbEntity
  8
0
100
AcDbLine
 10
1.959374999976716
 20
0.0401041670702398
 30
0.0
 11
1.959374999976716
 21
0.0296875000931323
 31
0.0
1001
REVIT
1002
{
1070
     1
1000
4651272
1002
}
1002
{
1070
     5
1000
7577066
1002
}
1002
{
1070
     3
1000
-2000281
1002
}
  0
LINE
  5
111F
330
1007
100
AcDbEntity
  8
0
100
AcDbLine
 10
2.126041666488163
 20
0.0401041670702398
 30
0.0
 11
2.126041666488163
 21
0.0296875000931323
 31
0.0
1001
REVIT
1002
{
1070
     1
1000
4651272
1002
}
1002
{
1070
     5
1000
7577066
1002
}
1002
{
1070
     3
1000
-2000281
1002
}
  0
LINE
  5
1120
330
1007
100
AcDbEntity
  8
0
100
AcDbLine
 10
2.292708333348855
 20
0.0401041670702398
 30
0.0
 11
2.292708333348855
 21
0.0296875000931323
 31
0.0
1001
REVIT
1002
{
1070
     1
1000
4651272
1002
}
1002
{
1070
     5
1000
7577066
1002
}
1002
{
1070
     3
1000
-2000281
1002
}
  0
LINE
  5
1121
330
1007
100
AcDbEntity
  8
0
100
AcDbLine
 10
2.459374999860301
 20
0.0401041670702398
 30
0.0
 11
2.459374999860301
 21
0.0296875000931323
 31
0.0
1001
REVIT
1002
{
1070
     1
1000
4651272
1002
}
1002
{
1070
     5
1000
7577066
1002
}
1002
{
1070
     3
1000
-2000281
1002
}
  0
LINE
  5
1122
330
1007
100
AcDbEntity
  8
0
100
AcDbLine
 10
2.626041666604578
 20
0.0401041670702398
 30
0.0
 11
2.626041666604578
 21
0.0296875000931323
 31
0.0
1001
REVIT
1002
{
1070
     1
1000
4651272
1002
}
1002
{
1070
     5
1000
7577066
1002
}
1002
{
1070
     3
1000
-2000281
1002
}
  0
LINE
  5
1123
330
1007
100
AcDbEntity
  8
0
100
AcDbLine
 10
2.79270833323244
 20
0.0401041670702398
 30
0.0
 11
2.79270833323244
 21
0.0296875000931323
 31
0.0
1001
REVIT
1002
{
1070
     1
1000
4651272
1002
}
1002
{
1070
     5
1000
7577066
1002
}
1002
{
1070
     3
1000
-2000281
1002
}
  0
LINE
  5
1124
330
1007
100
AcDbEntity
  8
0
100
AcDbLine
 10
2.959374999743886
 20
0.0401041670702398
 30
0.0
 11
2.959374999743886
 21
0.0296875000931323
 31
0.0
1001
REVIT
1002
{
1070
     1
1000
4651272
1002
}
1002
{
1070
     5
1000
7577066
1002
}
1002
{
1070
     3
1000
-2000281
1002
}
  0
LINE
  5
1125
330
1007
100
AcDbEntity
  8
0
100
AcDbLine
 10
3.126041666604578
 20
0.0401041670702398
 30
0.0
 11
3.126041666604578
 21
0.0296875000931323
 31
0.0
1001
REVIT
1002
{
1070
     1
1000
4651272
1002
}
1002
{
1070
     5
1000
7577066
1002
}
1002
{
1070
     3
1000
-2000281
1002
}
  0
LINE
  5
1126
330
1007
100
AcDbEntity
  8
0
100
AcDbLine
 10
3.292708333348855
 20
0.0401041670702398
 30
0.0
 11
3.292708333348855
 21
0.0296875000931323
 31
0.0
1001
REVIT
1002
{
1070
     1
1000
4651272
1002
}
1002
{
1070
     5
1000
7577066
1002
}
1002
{
1070
     3
1000
-2000281
1002
}
  0
LINE
  5
1127
330
1007
100
AcDbEntity
  8
0
100
AcDbLine
 10
3.459374999976716
 20
0.0401041670702398
 30
0.0
 11
3.459374999976716
 21
0.0296875000931323
 31
0.0
1001
REVIT
1002
{
1070
     1
1000
4651272
1002
}
1002
{
1070
     5
1000
7577066
1002
}
1002
{
1070
     3
1000
-2000281
1002
}
  0
LINE
  5
1128
330
1007
100
AcDbEntity
  8
0
100
AcDbLine
 10
1.084374999743886
 20
0.0401041670702398
 30
0.0
 11
1.084374999743886
 21
0.0348958340473473
 31
0.0
1001
REVIT
1002
{
1070
     1
1000
4651272
1002
}
1002
{
1070
     5
1000
7577066
1002
}
1002
{
1070
     3
1000
-2000281
1002
}
  0
LINE
  5
1129
330
1007
100
AcDbEntity
  8
0
100
AcDbLine
 10
1.167708333348855
 20
0.0401041670702398
 30
0.0
 11
1.167708333348855
 21
0.0348958340473473
 31
0.0
1001
REVIT
1002
{
1070
     1
1000
4651272
1002
}
1002
{
1070
     5
1000
7577066
1002
}
1002
{
1070
     3
1000
-2000281
1002
}
  0
LINE
  5
112A
330
1007
100
AcDbEntity
  8
0
100
AcDbLine
 10
1.251041666604578
 20
0.0401041670702398
 30
0.0
 11
1.251041666604578
 21
0.0348958340473473
 31
0.0
1001
REVIT
1002
{
1070
     1
1000
4651272
1002
}
1002
{
1070
     5
1000
7577066
1002
}
1002
{
1070
     3
1000
-2000281
1002
}
  0
LINE
  5
112B
330
1007
100
AcDbEntity
  8
0
100
AcDbLine
 10
1.334374999860301
 20
0.0401041670702398
 30
0.0
 11
1.334374999860301
 21
0.0348958340473473
 31
0.0
1001
REVIT
1002
{
1070
     1
1000
4651272
1002
}
1002
{
1070
     5
1000
7577066
1002
}
1002
{
1070
     3
1000
-2000281
1002
}
  0
LINE
  5
112C
330
1007
100
AcDbEntity
  8
0
100
AcDbLine
 10
1.417708333348855
 20
0.0401041670702398
 30
0.0
 11
1.417708333348855
 21
0.0348958340473473
 31
0.0
1001
REVIT
1002
{
1070
     1
1000
4651272
1002
}
1002
{
1070
     5
1000
7577066
1002
}
1002
{
1070
     3
1000
-2000281
1002
}
  0
LINE
  5
112D
330
1007
100
AcDbEntity
  8
0
100
AcDbLine
 10
1.501041666604578
 20
0.0401041670702398
 30
0.0
 11
1.501041666604578
 21
0.0348958340473473
 31
0.0
1001
REVIT
1002
{
1070
     1
1000
4651272
1002
}
1002
{
1070
     5
1000
7577066
1002
}
1002
{
1070
     3
1000
-2000281
1002
}
  0
LINE
  5
112E
330
1007
100
AcDbEntity
  8
0
100
AcDbLine
 10
1.584374999976716
 20
0.0401041670702398
 30
0.0
 11
1.584374999976716
 21
0.0348958340473473
 31
0.0
1001
REVIT
1002
{
1070
     1
1000
4651272
1002
}
1002
{
1070
     5
1000
7577066
1002
}
1002
{
1070
     3
1000
-2000281
1002
}
  0
LINE
  5
112F
330
1007
100
AcDbEntity
  8
0
100
AcDbLine
 10
1.66770833323244
 20
0.0401041670702398
 30
0.0
 11
1.66770833323244
 21
0.0348958340473473
 31
0.0
1001
REVIT
1002
{
1070
     1
1000
4651272
1002
}
1002
{
1070
     5
1000
7577066
1002
}
1002
{
1070
     3
1000
-2000281
1002
}
  0
LINE
  5
1130
330
1007
100
AcDbEntity
  8
0
100
AcDbLine
 10
1.751041666488163
 20
0.0401041670702398
 30
0.0
 11
1.751041666488163
 21
0.0348958340473473
 31
0.0
1001
REVIT
1002
{
1070
     1
1000
4651272
1002
}
1002
{
1070
     5
1000
7577066
1002
}
1002
{
1070
     3
1000
-2000281
1002
}
  0
LINE
  5
1131
330
1007
100
AcDbEntity
  8
0
100
AcDbLine
 10
1.834374999743886
 20
0.0401041670702398
 30
0.0
 11
1.834374999743886
 21
0.0348958340473473
 31
0.0
1001
REVIT
1002
{
1070
     1
1000
4651272
1002
}
1002
{
1070
     5
1000
7577066
1002
}
1002
{
1070
     3
1000
-2000281
1002
}
  0
LINE
  5
1132
330
1007
100
AcDbEntity
  8
0
100
AcDbLine
 10
1.917708333348855
 20
0.0401041670702398
 30
0.0
 11
1.917708333348855
 21
0.0348958340473473
 31
0.0
1001
REVIT
1002
{
1070
     1
1000
4651272
1002
}
1002
{
1070
     5
1000
7577066
1002
}
1002
{
1070
     3
1000
-2000281
1002
}
  0
LINE
  5
1133
330
1007
100
AcDbEntity
  8
0
100
AcDbLine
 10
2.001041666604578
 20
0.0401041670702398
 30
0.0
 11
2.001041666604578
 21
0.0348958340473473
 31
0.0
1001
REVIT
1002
{
1070
     1
1000
4651272
1002
}
1002
{
1070
     5
1000
7577066
1002
}
1002
{
1070
     3
1000
-2000281
1002
}
  0
LINE
  5
1134
330
1007
100
AcDbEntity
  8
0
100
AcDbLine
 10
2.084374999860301
 20
0.0401041670702398
 30
0.0
 11
2.084374999860301
 21
0.0348958340473473
 31
0.0
1001
REVIT
1002
{
1070
     1
1000
4651272
1002
}
1002
{
1070
     5
1000
7577066
1002
}
1002
{
1070
     3
1000
-2000281
1002
}
  0
LINE
  5
1135
330
1007
100
AcDbEntity
  8
0
100
AcDbLine
 10
2.167708333348855
 20
0.0401041670702398
 30
0.0
 11
2.167708333348855
 21
0.0348958340473473
 31
0.0
1001
REVIT
1002
{
1070
     1
1000
4651272
1002
}
1002
{
1070
     5
1000
7577066
1002
}
1002
{
1070
     3
1000
-2000281
1002
}
  0
LINE
  5
1136
330
1007
100
AcDbEntity
  8
0
100
AcDbLine
 10
2.251041666604578
 20
0.0401041670702398
 30
0.0
 11
2.251041666604578
 21
0.0348958340473473
 31
0.0
1001
REVIT
1002
{
1070
     1
1000
4651272
1002
}
1002
{
1070
     5
1000
7577066
1002
}
1002
{
1070
     3
1000
-2000281
1002
}
  0
LINE
  5
1137
330
1007
100
AcDbEntity
  8
0
100
AcDbLine
 10
2.334374999976716
 20
0.0401041670702398
 30
0.0
 11
2.334374999976716
 21
0.0348958340473473
 31
0.0
1001
REVIT
1002
{
1070
     1
1000
4651272
1002
}
1002
{
1070
     5
1000
7577066
1002
}
1002
{
1070
     3
1000
-2000281
1002
}
  0
LINE
  5
1138
330
1007
100
AcDbEntity
  8
0
100
AcDbLine
 10
2.41770833323244
 20
0.0401041670702398
 30
0.0
 11
2.41770833323244
 21
0.0348958340473473
 31
0.0
1001
REVIT
1002
{
1070
     1
1000
4651272
1002
}
1002
{
1070
     5
1000
7577066
1002
}
1002
{
1070
     3
1000
-2000281
1002
}
  0
LINE
  5
1139
330
1007
100
AcDbEntity
  8
0
100
AcDbLine
 10
2.501041666488163
 20
0.0401041670702398
 30
0.0
 11
2.501041666488163
 21
0.0348958340473473
 31
0.0
1001
REVIT
1002
{
1070
     1
1000
4651272
1002
}
1002
{
1070
     5
1000
7577066
1002
}
1002
{
1070
     3
1000
-2000281
1002
}
  0
LINE
  5
113A
330
1007
100
AcDbEntity
  8
0
100
AcDbLine
 10
2.584374999743886
 20
0.0401041670702398
 30
0.0
 11
2.584374999743886
 21
0.0348958340473473
 31
0.0
1001
REVIT
1002
{
1070
     1
1000
4651272
1002
}
1002
{
1070
     5
1000
7577066
1002
}
1002
{
1070
     3
1000
-2000281
1002
}
  0
LINE
  5
113B
330
1007
100
AcDbEntity
  8
0
100
AcDbLine
 10
2.667708333348855
 20
0.0401041670702398
 30
0.0
 11
2.667708333348855
 21
0.0348958340473473
 31
0.0
1001
REVIT
1002
{
1070
     1
1000
4651272
1002
}
1002
{
1070
     5
1000
7577066
1002
}
1002
{
1070
     3
1000
-2000281
1002
}
  0
LINE
  5
113C
330
1007
100
AcDbEntity
  8
0
100
AcDbLine
 10
2.751041666604578
 20
0.0401041670702398
 30
0.0
 11
2.751041666604578
 21
0.0348958340473473
 31
0.0
1001
REVIT
1002
{
1070
     1
1000
4651272
1002
}
1002
{
1070
     5
1000
7577066
1002
}
1002
{
1070
     3
1000
-2000281
1002
}
  0
LINE
  5
113D
330
1007
100
AcDbEntity
  8
0
100
AcDbLine
 10
2.834374999860301
 20
0.0401041670702398
 30
0.0
 11
2.834374999860301
 21
0.0348958340473473
 31
0.0
1001
REVIT
1002
{
1070
     1
1000
4651272
1002
}
1002
{
1070
     5
1000
7577066
1002
}
1002
{
1070
     3
1000
-2000281
1002
}
  0
LINE
  5
113E
330
1007
100
AcDbEntity
  8
0
100
AcDbLine
 10
2.917708333348855
 20
0.0401041670702398
 30
0.0
 11
2.917708333348855
 21
0.0348958340473473
 31
0.0
1001
REVIT
1002
{
1070
     1
1000
4651272
1002
}
1002
{
1070
     5
1000
7577066
1002
}
1002
{
1070
     3
1000
-2000281
1002
}
  0
LINE
  5
113F
330
1007
100
AcDbEntity
  8
0
100
AcDbLine
 10
3.001041666604578
 20
0.0401041670702398
 30
0.0
 11
3.001041666604578
 21
0.0348958340473473
 31
0.0
1001
REVIT
1002
{
1070
     1
1000
4651272
1002
}
1002
{
1070
     5
1000
7577066
1002
}
1002
{
1070
     3
1000
-2000281
1002
}
  0
LINE
  5
1140
330
1007
100
AcDbEntity
  8
0
100
AcDbLine
 10
3.084374999976716
 20
0.0401041670702398
 30
0.0
 11
3.084374999976716
 21
0.0348958340473473
 31
0.0
1001
REVIT
1002
{
1070
     1
1000
4651272
1002
}
1002
{
1070
     5
1000
7577066
1002
}
1002
{
1070
     3
1000
-2000281
1002
}
  0
LINE
  5
1141
330
1007
100
AcDbEntity
  8
0
100
AcDbLine
 10
3.16770833323244
 20
0.0401041670702398
 30
0.0
 11
3.16770833323244
 21
0.0348958340473473
 31
0.0
1001
REVIT
1002
{
1070
     1
1000
4651272
1002
}
1002
{
1070
     5
1000
7577066
1002
}
1002
{
1070
     3
1000
-2000281
1002
}
  0
LINE
  5
1142
330
1007
100
AcDbEntity
  8
0
100
AcDbLine
 10
3.251041666488163
 20
0.0401041670702398
 30
0.0
 11
3.251041666488163
 21
0.0348958340473473
 31
0.0
1001
REVIT
1002
{
1070
     1
1000
4651272
1002
}
1002
{
1070
     5
1000
7577066
1002
}
1002
{
1070
     3
1000
-2000281
1002
}
  0
LINE
  5
1143
330
1007
100
AcDbEntity
  8
0
100
AcDbLine
 10
3.334374999743886
 20
0.0401041670702398
 30
0.0
 11
3.334374999743886
 21
0.0348958340473473
 31
0.0
1001
REVIT
1002
{
1070
     1
1000
4651272
1002
}
1002
{
1070
     5
1000
7577066
1002
}
1002
{
1070
     3
1000
-2000281
1002
}
  0
LINE
  5
1144
330
1007
100
AcDbEntity
  8
0
100
AcDbLine
 10
3.417708333348855
 20
0.0401041670702398
 30
0.0
 11
3.417708333348855
 21
0.0348958340473473
 31
0.0
1001
REVIT
1002
{
1070
     1
1000
4651272
1002
}
1002
{
1070
     5
1000
7577066
1002
}
1002
{
1070
     3
1000
-2000281
1002
}
  0
LINE
  5
1145
330
1007
100
AcDbEntity
  8
0
100
AcDbLine
 10
3.501041666604578
 20
0.0401041670702398
 30
0.0
 11
3.501041666604578
 21
0.0348958340473473
 31
0.0
1001
REVIT
1002
{
1070
     1
1000
4651272
1002
}
1002
{
1070
     5
1000
7577066
1002
}
1002
{
1070
     3
1000
-2000281
1002
}
  0
LINE
  5
1146
330
1007
100
AcDbEntity
  8
0
100
AcDbLine
 10
-0.1239583335118368
 20
0.0401041670702398
 30
0.0
 11
-0.1239583335118368
 21
0.0192708331160247
 31
0.0
1001
REVIT
1002
{
1070
     1
1000
4651272
1002
}
1002
{
1070
     5
1000
7577066
1002
}
1002
{
1070
     3
1000
-2000281
1002
}
  0
LINE
  5
1147
330
1007
100
AcDbEntity
  8
0
100
AcDbLine
 10
0.8760416666045784
 20
0.0401041670702398
 30
0.0
 11
0.8760416666045784
 21
0.0192708331160247
 31
0.0
1001
REVIT
1002
{
1070
     1
1000
4651272
1002
}
1002
{
1070
     5
1000
7577066
1002
}
1002
{
1070
     3
1000
-2000281
1002
}
  0
LINE
  5
1148
330
1007
100
AcDbEntity
  8
0
100
AcDbLine
 10
0.9593749998603016
 20
0.0401041670702398
 30
0.0
 11
0.9593749998603016
 21
0.0296875000931323
 31
0.0
1001
REVIT
1002
{
1070
     1
1000
4651272
1002
}
1002
{
1070
     5
1000
7577066
1002
}
1002
{
1070
     3
1000
-2000281
1002
}
  0
LINE
  5
1149
330
1007
100
AcDbEntity
  8
0
100
AcDbLine
 10
0.91770833323244
 20
0.0401041670702398
 30
0.0
 11
0.91770833323244
 21
0.0348958340473473
 31
0.0
1001
REVIT
1002
{
1070
     1
1000
4651272
1002
}
1002
{
1070
     5
1000
7577066
1002
}
1002
{
1070
     3
1000
-2000281
1002
}
  0
LINE
  5
114A
330
1007
100
AcDbEntity
  8
0
100
AcDbLine
 10
1.001041666488163
 20
0.0401041670702398
 30
0.0
 11
1.001041666488163
 21
0.0348958340473473
 31
0.0
1001
REVIT
1002
{
1070
     1
1000
4651272
1002
}
1002
{
1070
     5
1000
7577066
1002
}
1002
{
1070
     3
1000
-2000281
1002
}
  0
LINE
  5
114B
330
1007
100
AcDbEntity
  8
0
100
AcDbLine
 10
0.7093749997438863
 20
0.0401041670702398
 30
0.0
 11
0.7093749997438863
 21
0.0192708331160247
 31
0.0
1001
REVIT
1002
{
1070
     1
1000
4651272
1002
}
1002
{
1070
     5
1000
7577066
1002
}
1002
{
1070
     3
1000
-2000281
1002
}
  0
LINE
  5
114C
330
1007
100
AcDbEntity
  8
0
100
AcDbLine
 10
0.7927083333488554
 20
0.0401041670702398
 30
0.0
 11
0.7927083333488554
 21
0.0296875000931323
 31
0.0
1001
REVIT
1002
{
1070
     1
1000
4651272
1002
}
1002
{
1070
     5
1000
7577066
1002
}
1002
{
1070
     3
1000
-2000281
1002
}
  0
LINE
  5
114D
330
1007
100
AcDbEntity
  8
0
100
AcDbLine
 10
0.7510416666045785
 20
0.0401041670702398
 30
0.0
 11
0.7510416666045785
 21
0.0348958340473473
 31
0.0
1001
REVIT
1002
{
1070
     1
1000
4651272
1002
}
1002
{
1070
     5
1000
7577066
1002
}
1002
{
1070
     3
1000
-2000281
1002
}
  0
LINE
  5
114E
330
1007
100
AcDbEntity
  8
0
100
AcDbLine
 10
0.8343749999767169
 20
0.0401041670702398
 30
0.0
 11
0.8343749999767169
 21
0.0348958340473473
 31
0.0
1001
REVIT
1002
{
1070
     1
1000
4651272
1002
}
1002
{
1070
     5
1000
7577066
1002
}
1002
{
1070
     3
1000
-2000281
1002
}
  0
LINE
  5
114F
330
1007
100
AcDbEntity
  8
0
100
AcDbLine
 10
0.5427083332324401
 20
0.0401041670702398
 30
0.0
 11
0.5427083332324401
 21
0.0192708331160247
 31
0.0
1001
REVIT
1002
{
1070
     1
1000
4651272
1002
}
1002
{
1070
     5
1000
7577066
1002
}
1002
{
1070
     3
1000
-2000281
1002
}
  0
LINE
  5
1150
330
1007
100
AcDbEntity
  8
0
100
AcDbLine
 10
0.6260416664881632
 20
0.0401041670702398
 30
0.0
 11
0.6260416664881632
 21
0.0296875000931323
 31
0.0
1001
REVIT
1002
{
1070
     1
1000
4651272
1002
}
1002
{
1070
     5
1000
7577066
1002
}
1002
{
1070
     3
1000
-2000281
1002
}
  0
LINE
  5
1151
330
1007
100
AcDbEntity
  8
0
100
AcDbLine
 10
0.5843749998603017
 20
0.0401041670702398
 30
0.0
 11
0.5843749998603017
 21
0.0348958340473473
 31
0.0
1001
REVIT
1002
{
1070
     1
1000
4651272
1002
}
1002
{
1070
     5
1000
7577066
1002
}
1002
{
1070
     3
1000
-2000281
1002
}
  0
LINE
  5
1152
330
1007
100
AcDbEntity
  8
0
100
AcDbLine
 10
0.6677083333488554
 20
0.0401041670702398
 30
0.0
 11
0.6677083333488554
 21
0.0348958340473473
 31
0.0
1001
REVIT
1002
{
1070
     1
1000
4651272
1002
}
1002
{
1070
     5
1000
7577066
1002
}
1002
{
1070
     3
1000
-2000281
1002
}
  0
LINE
  5
1153
330
1007
100
AcDbEntity
  8
0
100
AcDbLine
 10
0.3760416666045785
 20
0.0401041670702398
 30
0.0
 11
0.3760416666045785
 21
0.0192708331160247
 31
0.0
1001
REVIT
1002
{
1070
     1
1000
4651272
1002
}
1002
{
1070
     5
1000
7577066
1002
}
1002
{
1070
     3
1000
-2000281
1002
}
  0
LINE
  5
1154
330
1007
100
AcDbEntity
  8
0
100
AcDbLine
 10
0.459374999976717
 20
0.0401041670702398
 30
0.0
 11
0.459374999976717
 21
0.0296875000931323
 31
0.0
1001
REVIT
1002
{
1070
     1
1000
4651272
1002
}
1002
{
1070
     5
1000
7577066
1002
}
1002
{
1070
     3
1000
-2000281
1002
}
  0
LINE
  5
1155
330
1007
100
AcDbEntity
  8
0
100
AcDbLine
 10
0.4177083333488554
 20
0.0401041670702398
 30
0.0
 11
0.4177083333488554
 21
0.0348958340473473
 31
0.0
1001
REVIT
1002
{
1070
     1
1000
4651272
1002
}
1002
{
1070
     5
1000
7577066
1002
}
1002
{
1070
     3
1000
-2000281
1002
}
  0
LINE
  5
1156
330
1007
100
AcDbEntity
  8
0
100
AcDbLine
 10
0.5010416666045785
 20
0.0401041670702398
 30
0.0
 11
0.5010416666045785
 21
0.0348958340473473
 31
0.0
1001
REVIT
1002
{
1070
     1
1000
4651272
1002
}
1002
{
1070
     5
1000
7577066
1002
}
1002
{
1070
     3
1000
-2000281
1002
}
  0
LINE
  5
1157
330
1007
100
AcDbEntity
  8
0
100
AcDbLine
 10
0.2093749998603016
 20
0.0401041670702398
 30
0.0
 11
0.2093749998603016
 21
0.0192708331160247
 31
0.0
1001
REVIT
1002
{
1070
     1
1000
4651272
1002
}
1002
{
1070
     5
1000
7577066
1002
}
1002
{
1070
     3
1000
-2000281
1002
}
  0
LINE
  5
1158
330
1007
100
AcDbEntity
  8
0
100
AcDbLine
 10
0.2927083333488554
 20
0.0401041670702398
 30
0.0
 11
0.2927083333488554
 21
0.0296875000931323
 31
0.0
1001
REVIT
1002
{
1070
     1
1000
4651272
1002
}
1002
{
1070
     5
1000
7577066
1002
}
1002
{
1070
     3
1000
-2000281
1002
}
  0
LINE
  5
1159
330
1007
100
AcDbEntity
  8
0
100
AcDbLine
 10
0.2510416664881632
 20
0.0401041670702398
 30
0.0
 11
0.2510416664881632
 21
0.0348958340473473
 31
0.0
1001
REVIT
1002
{
1070
     1
1000
4651272
1002
}
1002
{
1070
     5
1000
7577066
1002
}
1002
{
1070
     3
1000
-2000281
1002
}
  0
LINE
  5
115A
330
1007
100
AcDbEntity
  8
0
100
AcDbLine
 10
0.3343749997438863
 20
0.0401041670702398
 30
0.0
 11
0.3343749997438863
 21
0.0348958340473473
 31
0.0
1001
REVIT
1002
{
1070
     1
1000
4651272
1002
}
1002
{
1070
     5
1000
7577066
1002
}
1002
{
1070
     3
1000
-2000281
1002
}
  0
LINE
  5
115B
330
1007
100
AcDbEntity
  8
0
100
AcDbLine
 10
0.0427083333488554
 20
0.0401041670702398
 30
0.0
 11
0.0427083333488554
 21
0.0192708331160247
 31
0.0
1001
REVIT
1002
{
1070
     1
1000
4651272
1002
}
1002
{
1070
     5
1000
7577066
1002
}
1002
{
1070
     3
1000
-2000281
1002
}
  0
LINE
  5
115C
330
1007
100
AcDbEntity
  8
0
100
AcDbLine
 10
0.1260416666045785
 20
0.0401041670702398
 30
0.0
 11
0.1260416666045785
 21
0.0296875000931323
 31
0.0
1001
REVIT
1002
{
1070
     1
1000
4651272
1002
}
1002
{
1070
     5
1000
7577066
1002
}
1002
{
1070
     3
1000
-2000281
1002
}
  0
LINE
  5
115D
330
1007
100
AcDbEntity
  8
0
100
AcDbLine
 10
0.084374999976717
 20
0.0401041670702398
 30
0.0
 11
0.084374999976717
 21
0.0348958340473473
 31
0.0
1001
REVIT
1002
{
1070
     1
1000
4651272
1002
}
1002
{
1070
     5
1000
7577066
1002
}
1002
{
1070
     3
1000
-2000281
1002
}
  0
LINE
  5
115E
330
1007
100
AcDbEntity
  8
0
100
AcDbLine
 10
0.16770833323244
 20
0.0401041670702398
 30
0.0
 11
0.16770833323244
 21
0.0348958340473473
 31
0.0
1001
REVIT
1002
{
1070
     1
1000
4651272
1002
}
1002
{
1070
     5
1000
7577066
1002
}
1002
{
1070
     3
1000
-2000281
1002
}
  0
LINE
  5
115F
330
1007
100
AcDbEntity
  8
0
100
AcDbLine
 10
-0.0406250002561137
 20
0.0401041670702398
 30
0.0
 11
-0.0406250002561137
 21
0.0296875000931323
 31
0.0
1001
REVIT
1002
{
1070
     1
1000
4651272
1002
}
1002
{
1070
     5
1000
7577066
1002
}
1002
{
1070
     3
1000
-2000281
1002
}
  0
LINE
  5
1160
330
1007
100
AcDbEntity
  8
0
100
AcDbLine
 10
0.0010416666045785
 20
0.0401041670702398
 30
0.0
 11
0.0010416666045785
 21
0.0348958340473473
 31
0.0
1001
REVIT
1002
{
1070
     1
1000
4651272
1002
}
1002
{
1070
     5
1000
7577066
1002
}
1002
{
1070
     3
1000
-2000281
1002
}
  0
LINE
  5
1161
330
1007
100
AcDbEntity
  8
0
100
AcDbLine
 10
-0.0822916666511446
 20
0.0401041670702398
 30
0.0
 11
-0.0822916666511446
 21
0.0348958340473473
 31
0.0
1001
REVIT
1002
{
1070
     1
1000
4651272
1002
}
1002
{
1070
     5
1000
7577066
1002
}
1002
{
1070
     3
1000
-2000281
1002
}
  0
LINE
  5
1162
330
1007
100
AcDbEntity
  8
0
100
AcDbLine
 10
3.573958333348855
 20
1.727604167070239
 30
0.0
 11
3.813541666488163
 21
1.727604167070239
 31
0.0
1001
REVIT
1002
{
1070
     1
1000
4651272
1002
}
1002
{
1070
     5
1000
7577066
1002
}
1002
{
1070
     3
1000
-2000282
1002
}
  0
LINE
  5
1163
330
1007
100
AcDbEntity
  8
0
100
AcDbLine
 10
3.813541666488163
 20
1.727604167070239
 30
0.0
 11
3.573958333348855
 21
1.727604167070239
 31
0.0
1001
REVIT
1002
{
1070
     1
1000
4651272
1002
}
1002
{
1070
     5
1000
7577066
1002
}
  0
LINE
  5
1164
330
1007
100
AcDbEntity
  8
0
100
AcDbLine
 10
3.813541666488163
 20
2.706770834047347
 30
0.0
 11
3.813541666488163
 21
1.727604167070239
 31
0.0
1001
REVIT
1002
{
1070
     1
1000
4651272
1002
}
1002
{
1070
     5
1000
7577066
1002
}
  0
LINE
  5
1165
330
1007
100
AcDbEntity
  8
0
100
AcDbLine
 10
3.573958333348855
 20
2.706770834047347
 30
0.0
 11
3.813541666488163
 21
2.706770834047347
 31
0.0
1001
REVIT
1002
{
1070
     1
1000
4651272
1002
}
1002
{
1070
     5
1000
7577066
1002
}
  0
LINE
  5
1166
330
1007
100
AcDbEntity
  8
0
100
AcDbLine
 10
3.573958333348855
 20
1.727604167070239
 30
0.0
 11
3.573958333348855
 21
2.706770834047347
 31
0.0
1001
REVIT
1002
{
1070
     1
1000
4651272
1002
}
1002
{
1070
     5
1000
7577066
1002
}
  0
LINE
  5
1167
330
1007
100
AcDbEntity
  8
0
100
AcDbLine
 10
3.573958333348855
 20
1.206770834047347
 30
0.0
 11
3.813541666488163
 21
1.206770834047347
 31
0.0
1001
REVIT
1002
{
1070
     1
1000
4651272
1002
}
1002
{
1070
     5
1000
7577066
1002
}
1002
{
1070
     3
1000
-2000282
1002
}
  0
LINE
  5
1168
330
1007
100
AcDbEntity
  8
0
100
AcDbLine
 10
3.573958333348855
 20
1.185937500093132
 30
0.0
 11
3.813541666488163
 21
1.185937500093132
 31
0.0
1001
REVIT
1002
{
1070
     1
1000
4651272
1002
}
1002
{
1070
     5
1000
7577066
1002
}
1002
{
1070
     3
1000
-2000282
1002
}
  0
LINE
  5
1169
330
1007
100
AcDbEntity
  8
0
100
AcDbLine
 10
3.573958333348855
 20
1.206770834047347
 30
0.0
 11
3.813541666488163
 21
1.206770834047347
 31
0.0
1001
REVIT
1002
{
1070
     1
1000
4651272
1002
}
1002
{
1070
     5
1000
7577066
1002
}
1002
{
1070
     3
1000
-2000282
1002
}
  0
LINE
  5
116A
330
1007
100
AcDbEntity
  8
0
100
AcDbLine
 10
3.573958333348855
 20
1.206770834047347
 30
0.0
 11
3.813541666488163
 21
1.206770834047347
 31
0.0
1001
REVIT
1002
{
1070
     1
1000
4651272
1002
}
1002
{
1070
     5
1000
7577066
1002
}
1002
{
1070
     3
1000
-2000282
1002
}
  0
LINE
  5
116B
330
1007
100
AcDbEntity
  8
0
100
AcDbLine
 10
3.573958333348855
 20
0.9567708331160247
 30
0.0
 11
3.813541666488163
 21
0.9567708331160247
 31
0.0
1001
REVIT
1002
{
1070
     1
1000
4651272
1002
}
1002
{
1070
     5
1000
7577066
1002
}
1002
{
1070
     3
1000
-2000282
1002
}
  0
LINE
  5
116C
330
1007
100
AcDbEntity
  8
0
100
AcDbLine
 10
3.573958333348855
 20
0.144270833581686
 30
0.0
 11
3.813541666488163
 21
0.144270833581686
 31
0.0
1001
REVIT
1002
{
1070
     1
1000
4651272
1002
}
1002
{
1070
     5
1000
7577066
1002
}
1002
{
1070
     3
1000
-2000281
1002
}
  0
LINE
  5
116D
330
1007
100
AcDbEntity
  8
0
100
AcDbLine
 10
3.573958333348855
 20
0.1651041666045785
 30
0.0
 11
3.813541666488163
 21
0.1651041666045785
 31
0.0
1001
REVIT
1002
{
1070
     1
1000
4651272
1002
}
1002
{
1070
     5
1000
7577066
1002
}
1002
{
1070
     3
1000
-2000281
1002
}
  0
MTEXT
  5
116F
330
1007
100
AcDbEntity
  8
0
100
AcDbMText
 10
3.581127594457939
 20
0.1573160169646144
 30
0.0
 40
0.0078125
 41
0.0334036458333333
 46
0.0
 71
     1
 72
     1
  1
Scale:
  7
Segoe UI_2
 73
     2
 44
1.0
 90
        3
 63
     9
421
 13158600
 45
1.25
441
        0
1001
REVIT
1002
{
1070
     1
1000
4651272
1002
}
1002
{
1070
     5
1000
7577066
1002
}
  0
MTEXT
  5
1170
330
1007
100
AcDbEntity
  8
0
100
AcDbMText
 10
3.581127594457939
 20
0.1377284787595272
 30
0.0
 40
0.0078125
 41
0.0307734375
 46
0.0
 71
     1
 72
     1
  1
Date:
  7
Segoe UI_2
 73
     2
 44
1.0
 90
        3
 63
     9
421
 13158600
 45
1.25
441
        0
1001
REVIT
1002
{
1070
     1
1000
4651272
1002
}
1002
{
1070
     5
1000
7577066
1002
}
  0
MTEXT
  5
1171
330
1007
100
AcDbEntity
  8
0
100
AcDbMText
 10
3.581127594457939
 20
0.1171355224214494
 30
0.0
 40
0.0078125
 41
0.0594427083333333
 46
0.0
 71
     1
 72
     1
  1
Drawn by:
  7
Segoe UI_2
 73
     2
 44
1.0
 90
        3
 63
     9
421
 13158600
 45
1.25
441
        0
1001
REVIT
1002
{
1070
     1
1000
4651272
1002
}
1002
{
1070
     5
1000
7577066
1002
}
  0
MTEXT
  5
1172
330
1007
100
AcDbEntity
  8
0
100
AcDbMText
 10
3.581127594457939
 20
0.0963220060802996
 30
0.0
 40
0.0078125
 41
0.0720677083333333
 46
0.0
 71
     1
 72
     1
  1
Checked by:
  7
Segoe UI_2
 73
     2
 44
1.0
 90
        3
 63
     9
421
 13158600
 45
1.25
441
        0
1001
REVIT
1002
{
1070
     1
1000
4651272
1002
}
1002
{
1070
     5
1000
7577066
1002
}
  0
MTEXT
  5
1173
330
1007
100
AcDbEntity
  8
0
100
AcDbMText
 10
3.581127594457939
 20
0.7391823478974402
 30
0.0
 40
0.0078125
 41
0.1207265625
 46
0.0
 71
     1
 72
     1
  1
DOB SCAN STICKER:
  7
Segoe UI_2
 73
     2
 44
1.0
 90
        3
 63
     9
421
 13158600
 45
1.25
441
        0
1001
REVIT
1002
{
1070
     1
1000
4651272
1002
}
1002
{
1070
     5
1000
7577066
1002
}
  0
MTEXT
  5
1174
330
1007
100
AcDbEntity
  8
0
100
AcDbMText
 10
3.581127594457939
 20
0.6575959036126733
 30
0.0
 40
0.0078125
 41
0.0641770833333333
 46
0.0
 71
     1
 72
     1
  1
LOCATION
  7
Segoe UI_2
 73
     2
 44
1.0
 90
        3
 63
     9
421
 13158600
 45
1.25
441
        0
1001
REVIT
1002
{
1070
     1
1000
4651272
1002
}
1002
{
1070
     5
1000
7577066
1002
}
  0
MTEXT
  5
1175
330
1007
100
AcDbEntity
  8
0
100
AcDbMText
 10
3.581127594457939
 20
0.4896978833712638
 30
0.0
 40
0.0078125
 41
0.0720677083333333
 46
0.0
 71
     1
 72
     1
  1
SHEET TITLE
  7
Segoe UI_2
 73
     2
 44
1.0
 90
        3
 63
     9
421
 13158600
 45
1.25
441
        0
1001
REVIT
1002
{
1070
     1
1000
4651272
1002
}
1002
{
1070
     5
1000
7577066
1002
}
  0
MTEXT
  5
1176
330
1007
100
AcDbEntity
  8
0
100
AcDbMText
 10
3.580655373516492
 20
0.9704799405299127
 30
0.0
 40
0.0078125
 41
0.1170442708333333
 46
0.0
 71
     1
 72
     1
  1
SIGNATURE & SEAL
  7
Segoe UI_2
 73
     2
 44
1.0
 90
        3
 63
     9
421
 13158600
 45
1.25
441
        0
1001
REVIT
1002
{
1070
     1
1000
4651272
1002
}
1002
{
1070
     5
1000
7577066
1002
}
  0
MTEXT
  5
1177
330
1007
100
AcDbEntity
  8
0
100
AcDbMText
 10
3.581127594457939
 20
0.0755848945118487
 30
0.0
 40
0.0078125
 41
0.113625
 46
0.0
 71
     1
 72
     1
  1
DOB JOB NUMBER:
  7
Segoe UI_2
 73
     2
 44
1.0
 90
        3
 63
     9
421
 13158600
 45
1.25
441
        0
1001
REVIT
1002
{
1070
     1
1000
4651272
1002
}
1002
{
1070
     5
1000
7577066
1002
}
  0
MTEXT
  5
1178
330
1007
100
AcDbEntity
  8
0
100
AcDbMText
 10
3.551251758355647
 20
0.2213202486746013
 30
0.0
 40
0.0078125
 41
0.0076276041666667
 46
0.0
 71
     1
 72
     1
  1
B
  7
Segoe UI_2
 73
     2
 44
1.0
 90
        3
 63
     9
421
 13158600
 45
1.25
441
        0
1001
REVIT
1002
{
1070
     1
1000
4651272
1002
}
1002
{
1070
     5
1000
7577066
1002
}
  0
MTEXT
  5
1179
330
1007
100
AcDbEntity
  8
0
100
AcDbMText
 10
3.550940078450366
 20
0.3879869147203863
 30
0.0
 40
0.0078125
 41
0.0084166666666667
 46
0.0
 71
     1
 72
     1
  1
C
  7
Segoe UI_2
 73
     2
 44
1.0
 90
        3
 63
     9
421
 13158600
 45
1.25
441
        0
1001
REVIT
1002
{
1070
     1
1000
4651272
1002
}
1002
{
1070
     5
1000
7577066
1002
}
  0
MTEXT
  5
117A
330
1007
100
AcDbEntity
  8
0
100
AcDbMText
 10
3.55049716506619
 20
0.5546535816974938
 30
0.0
 40
0.0078125
 41
0.00946875
 46
0.0
 71
     1
 72
     1
  1
D
  7
Segoe UI_2
 73
     2
 44
1.0
 90
        3
 63
     9
421
 13158600
 45
1.25
441
        0
1001
REVIT
1002
{
1070
     1
1000
4651272
1002
}
1002
{
1070
     5
1000
7577066
1002
}
  0
MTEXT
  5
117B
330
1007
100
AcDbEntity
  8
0
100
AcDbMText
 10
3.551579842227511
 20
0.7213202477432788
 30
0.0
 40
0.0078125
 41
0.0068385416666667
 46
0.0
 71
     1
 72
     1
  1
E
  7
Segoe UI_2
 73
     2
 44
1.0
 90
        3
 63
     9
421
 13158600
 45
1.25
441
        0
1001
REVIT
1002
{
1070
     1
1000
4651272
1002
}
1002
{
1070
     5
1000
7577066
1002
}
  0
MTEXT
  5
117C
330
1007
100
AcDbEntity
  8
0
100
AcDbMText
 10
3.551694671506993
 20
0.8879869147203862
 30
0.0
 40
0.0078125
 41
0.0065755208333333
 46
0.0
 71
     1
 72
     1
  1
F
  7
Segoe UI_2
 73
     2
 44
1.0
 90
        3
 63
     9
421
 13158600
 45
1.25
441
        0
1001
REVIT
1002
{
1070
     1
1000
4651272
1002
}
1002
{
1070
     5
1000
7577066
1002
}
  0
MTEXT
  5
117D
330
1007
100
AcDbEntity
  8
0
100
AcDbMText
 10
3.550611994345672
 20
1.054653581231832
 30
0.0
 40
0.0078125
 41
0.0092057291666667
 46
0.0
 71
     1
 72
     1
  1
G
  7
Segoe UI_2
 73
     2
 44
1.0
 90
        3
 63
     9
421
 13158600
 45
1.25
441
        0
1001
REVIT
1002
{
1070
     1
1000
4651272
1002
}
1002
{
1070
     5
1000
7577066
1002
}
  0
MTEXT
  5
117E
330
1007
100
AcDbEntity
  8
0
100
AcDbMText
 10
3.55049716506619
 20
1.221320247743278
 30
0.0
 40
0.0078125
 41
0.00946875
 46
0.0
 71
     1
 72
     1
  1
H
  7
Segoe UI_2
 73
     2
 44
1.0
 90
        3
 63
     9
421
 13158600
 45
1.25
441
        0
1001
REVIT
1002
{
1070
     1
1000
4651272
1002
}
1002
{
1070
     5
1000
7577066
1002
}
  0
MTEXT
  5
117F
330
1007
100
AcDbEntity
  8
0
100
AcDbMText
 10
3.552892177947796
 20
1.387986914720386
 30
0.0
 40
0.0078125
 41
0.0036822916666667
 46
0.0
 71
     1
 72
     1
  1
I
  7
Segoe UI_2
 73
     2
 44
1.0
 90
        3
 63
     9
421
 13158600
 45
1.25
441
        0
1001
REVIT
1002
{
1070
     1
1000
4651272
1002
}
1002
{
1070
     5
1000
7577066
1002
}
  0
MTEXT
  5
1180
330
1007
100
AcDbEntity
  8
0
100
AcDbMText
 10
3.55244926479645
 20
1.554653581231832
 30
0.0
 40
0.0078125
 41
0.004734375
 46
0.0
 71
     1
 72
     1
  1
J
  7
Segoe UI_2
 73
     2
 44
1.0
 90
        3
 63
     9
421
 13158600
 45
1.25
441
        0
1001
REVIT
1002
{
1070
     1
1000
4651272
1002
}
1002
{
1070
     5
1000
7577066
1002
}
  0
MTEXT
  5
1181
330
1007
100
AcDbEntity
  8
0
100
AcDbMText
 10
3.551153333159163
 20
1.721320248674601
 30
0.0
 40
0.0078125
 41
0.007890625
 46
0.0
 71
     1
 72
     1
  1
K
  7
Segoe UI_2
 73
     2
 44
1.0
 90
        3
 63
     9
421
 13158600
 45
1.25
441
        0
1001
REVIT
1002
{
1070
     1
1000
4651272
1002
}
1002
{
1070
     5
1000
7577066
1002
}
  0
MTEXT
  5
1182
330
1007
100
AcDbEntity
  8
0
100
AcDbMText
 10
3.551809500786475
 20
1.887986914720386
 30
0.0
 40
0.0078125
 41
0.0063125
 46
0.0
 71
     1
 72
     1
  1
L
  7
Segoe UI_2
 73
     2
 44
1.0
 90
        3
 63
     9
421
 13158600
 45
1.25
441
        0
1001
REVIT
1002
{
1070
     1
1000
4651272
1002
}
1002
{
1070
     5
1000
7577066
1002
}
  0
MTEXT
  5
1183
330
1007
100
AcDbEntity
  8
0
100
AcDbMText
 10
3.550825248821638
 20
0.0546535812318325
 30
0.0
 40
0.0078125
 41
0.0086796875
 46
0.0
 71
     1
 72
     1
  1
A
  7
Segoe UI_2
 73
     2
 44
1.0
 90
        3
 63
     9
421
 13158600
 45
1.25
441
        0
1001
REVIT
1002
{
1070
     1
1000
4651272
1002
}
1002
{
1070
     5
1000
7577066
1002
}
  0
MTEXT
  5
1184
330
1007
100
AcDbEntity
  8
0
100
AcDbMText
 10
-0.1390306298853829
 20
0.2213202486746013
 30
0.0
 40
0.0078125
 41
0.0076276041666667
 46
0.0
 71
     1
 72
     1
  1
B
  7
Segoe UI_2
 73
     2
 44
1.0
 90
        3
 63
     9
421
 13158600
 45
1.25
441
        0
1001
REVIT
1002
{
1070
     1
1000
4651272
1002
}
1002
{
1070
     5
1000
7577066
1002
}
  0
MTEXT
  5
1185
330
1007
100
AcDbEntity
  8
0
100
AcDbMText
 10
-0.1393423095578328
 20
0.3879869147203863
 30
0.0
 40
0.0078125
 41
0.0084166666666667
 46
0.0
 71
     1
 72
     1
  1
C
  7
Segoe UI_2
 73
     2
 44
1.0
 90
        3
 63
     9
421
 13158600
 45
1.25
441
        0
1001
REVIT
1002
{
1070
     1
1000
4651272
1002
}
1002
{
1070
     5
1000
7577066
1002
}
  0
MTEXT
  5
1186
330
1007
100
AcDbEntity
  8
0
100
AcDbMText
 10
-0.1397852229420096
 20
0.5546535816974938
 30
0.0
 40
0.0078125
 41
0.00946875
 46
0.0
 71
     1
 72
     1
  1
D
  7
Segoe UI_2
 73
     2
 44
1.0
 90
        3
 63
     9
421
 13158600
 45
1.25
441
        0
1001
REVIT
1002
{
1070
     1
1000
4651272
1002
}
1002
{
1070
     5
1000
7577066
1002
}
  0
MTEXT
  5
1187
330
1007
100
AcDbEntity
  8
0
100
AcDbMText
 10
-0.1387025457806885
 20
0.7213202477432788
 30
0.0
 40
0.0078125
 41
0.0068385416666667
 46
0.0
 71
     1
 72
     1
  1
E
  7
Segoe UI_2
 73
     2
 44
1.0
 90
        3
 63
     9
421
 13158600
 45
1.25
441
        0
1001
REVIT
1002
{
1070
     1
1000
4651272
1002
}
1002
{
1070
     5
1000
7577066
1002
}
  0
MTEXT
  5
1188
330
1007
100
AcDbEntity
  8
0
100
AcDbMText
 10
-0.1385877162683755
 20
0.8879869147203862
 30
0.0
 40
0.0078125
 41
0.0065755208333333
 46
0.0
 71
     1
 72
     1
  1
F
  7
Segoe UI_2
 73
     2
 44
1.0
 90
        3
 63
     9
421
 13158600
 45
1.25
441
        0
1001
REVIT
1002
{
1070
     1
1000
4651272
1002
}
1002
{
1070
     5
1000
7577066
1002
}
  0
MTEXT
  5
1189
330
1007
100
AcDbEntity
  8
0
100
AcDbMText
 10
-0.1396703934296966
 20
1.054653581231832
 30
0.0
 40
0.0078125
 41
0.0092057291666667
 46
0.0
 71
     1
 72
     1
  1
G
  7
Segoe UI_2
 73
     2
 44
1.0
 90
        3
 63
     9
421
 13158600
 45
1.25
441
        0
1001
REVIT
1002
{
1070
     1
1000
4651272
1002
}
1002
{
1070
     5
1000
7577066
1002
}
  0
MTEXT
  5
118A
330
1007
100
AcDbEntity
  8
0
100
AcDbMText
 10
-0.1397852229420096
 20
1.221320247743278
 30
0.0
 40
0.0078125
 41
0.00946875
 46
0.0
 71
     1
 72
     1
  1
H
  7
Segoe UI_2
 73
     2
 44
1.0
 90
        3
 63
     9
421
 13158600
 45
1.25
441
        0
1001
REVIT
1002
{
1070
     1
1000
4651272
1002
}
1002
{
1070
     5
1000
7577066
1002
}
  0
MTEXT
  5
118B
330
1007
100
AcDbEntity
  8
0
100
AcDbMText
 10
-0.1373902098275721
 20
1.387986914720386
 30
0.0
 40
0.0078125
 41
0.0036822916666667
 46
0.0
 71
     1
 72
     1
  1
I
  7
Segoe UI_2
 73
     2
 44
1.0
 90
        3
 63
     9
421
 13158600
 45
1.25
441
        0
1001
REVIT
1002
{
1070
     1
1000
4651272
1002
}
1002
{
1070
     5
1000
7577066
1002
}
  0
MTEXT
  5
118C
330
1007
100
AcDbEntity
  8
0
100
AcDbMText
 10
-0.1378331234445795
 20
1.554653581231832
 30
0.0
 40
0.0078125
 41
0.004734375
 46
0.0
 71
     1
 72
     1
  1
J
  7
Segoe UI_2
 73
     2
 44
1.0
 90
        3
 63
     9
421
 13158600
 45
1.25
441
        0
1001
REVIT
1002
{
1070
     1
1000
4651272
1002
}
1002
{
1070
     5
1000
7577066
1002
}
  0
MTEXT
  5
118D
330
1007
100
AcDbEntity
  8
0
100
AcDbMText
 10
-0.1391290550818667
 20
1.721320248674601
 30
0.0
 40
0.0078125
 41
0.007890625
 46
0.0
 71
     1
 72
     1
  1
K
  7
Segoe UI_2
 73
     2
 44
1.0
 90
        3
 63
     9
421
 13158600
 45
1.25
441
        0
1001
REVIT
1002
{
1070
     1
1000
4651272
1002
}
1002
{
1070
     5
1000
7577066
1002
}
  0
MTEXT
  5
118E
330
1007
100
AcDbEntity
  8
0
100
AcDbMText
 10
-0.1384728869888931
 20
1.887986914720386
 30
0.0
 40
0.0078125
 41
0.0063125
 46
0.0
 71
     1
 72
     1
  1
L
  7
Segoe UI_2
 73
     2
 44
1.0
 90
        3
 63
     9
421
 13158600
 45
1.25
441
        0
1001
REVIT
1002
{
1070
     1
1000
4651272
1002
}
1002
{
1070
     5
1000
7577066
1002
}
  0
MTEXT
  5
118F
330
1007
100
AcDbEntity
  8
0
100
AcDbMText
 10
-0.1394571389537305
 20
0.0546535812318325
 30
0.0
 40
0.0078125
 41
0.0086796875
 46
0.0
 71
     1
 72
     1
  1
A
  7
Segoe UI_2
 73
     2
 44
1.0
 90
        3
 63
     9
421
 13158600
 45
1.25
441
        0
1001
REVIT
1002
{
1070
     1
1000
4651272
1002
}
1002
{
1070
     5
1000
7577066
1002
}
  0
MTEXT
  5
1190
330
1007
100
AcDbEntity
  8
0
100
AcDbMText
 10
3.366934281541034
 20
2.969218159560114
 30
0.0
 40
0.0078125
 41
0.0071015625
 46
0.0
 71
     1
 72
     1
  1
2
  7
Segoe UI_2
 73
     2
 44
1.0
 90
        3
 63
     9
421
 13158600
 45
1.25
441
        0
1001
REVIT
1002
{
1070
     1
1000
4651272
1002
}
1002
{
1070
     5
1000
7577066
1002
}
  0
MTEXT
  5
1191
330
1007
100
AcDbEntity
  8
0
100
AcDbMText
 10
3.200267614680342
 20
2.969218159560114
 30
0.0
 40
0.0078125
 41
0.0071015625
 46
0.0
 71
     1
 72
     1
  1
3
  7
Segoe UI_2
 73
     2
 44
1.0
 90
        3
 63
     9
421
 13158600
 45
1.25
441
        0
1001
REVIT
1002
{
1070
     1
1000
4651272
1002
}
1002
{
1070
     5
1000
7577066
1002
}
  0
MTEXT
  5
1192
330
1007
100
AcDbEntity
  8
0
100
AcDbMText
 10
3.033600948168896
 20
2.969218159560114
 30
0.0
 40
0.0078125
 41
0.0071015625
 46
0.0
 71
     1
 72
     1
  1
4
  7
Segoe UI_2
 73
     2
 44
1.0
 90
        3
 63
     9
421
 13158600
 45
1.25
441
        0
1001
REVIT
1002
{
1070
     1
1000
4651272
1002
}
1002
{
1070
     5
1000
7577066
1002
}
  0
MTEXT
  5
1193
330
1007
100
AcDbEntity
  8
0
100
AcDbMText
 10
2.866934281541034
 20
2.969218159560114
 30
0.0
 40
0.0078125
 41
0.0071015625
 46
0.0
 71
     1
 72
     1
  1
5
  7
Segoe UI_2
 73
     2
 44
1.0
 90
        3
 63
     9
421
 13158600
 45
1.25
441
        0
1001
REVIT
1002
{
1070
     1
1000
4651272
1002
}
1002
{
1070
     5
1000
7577066
1002
}
  0
MTEXT
  5
1194
330
1007
100
AcDbEntity
  8
0
100
AcDbMText
 10
2.700267615029588
 20
2.969218159560114
 30
0.0
 40
0.0078125
 41
0.0071015625
 46
0.0
 71
     1
 72
     1
  1
6
  7
Segoe UI_2
 73
     2
 44
1.0
 90
        3
 63
     9
421
 13158600
 45
1.25
441
        0
1001
REVIT
1002
{
1070
     1
1000
4651272
1002
}
1002
{
1070
     5
1000
7577066
1002
}
  0
MTEXT
  5
1195
330
1007
100
AcDbEntity
  8
0
100
AcDbMText
 10
2.533600948285311
 20
2.969218159560114
 30
0.0
 40
0.0078125
 41
0.0071015625
 46
0.0
 71
     1
 72
     1
  1
7
  7
Segoe UI_2
 73
     2
 44
1.0
 90
        3
 63
     9
421
 13158600
 45
1.25
441
        0
1001
REVIT
1002
{
1070
     1
1000
4651272
1002
}
1002
{
1070
     5
1000
7577066
1002
}
  0
MTEXT
  5
1196
330
1007
100
AcDbEntity
  8
0
100
AcDbMText
 10
2.200267614913173
 20
2.969218159560114
 30
0.0
 40
0.0078125
 41
0.0071015625
 46
0.0
 71
     1
 72
     1
  1
9
  7
Segoe UI_2
 73
     2
 44
1.0
 90
        3
 63
     9
421
 13158600
 45
1.25
441
        0
1001
REVIT
1002
{
1070
     1
1000
4651272
1002
}
1002
{
1070
     5
1000
7577066
1002
}
  0
MTEXT
  5
1197
330
1007
100
AcDbEntity
  8
0
100
AcDbMText
 10
2.028341125347651
 20
2.969218159560114
 30
0.0
 40
0.0078125
 41
0.014203125
 46
0.0
 71
     1
 72
     1
  1
10
  7
Segoe UI_2
 73
     2
 44
1.0
 90
        3
 63
     9
421
 13158600
 45
1.25
441
        0
1001
REVIT
1002
{
1070
     1
1000
4651272
1002
}
1002
{
1070
     5
1000
7577066
1002
}
  0
MTEXT
  5
1198
330
1007
100
AcDbEntity
  8
0
100
AcDbMText
 10
1.69432761054486
 20
2.969218159560114
 30
0.0
 40
0.0078125
 41
0.014203125
 46
0.0
 71
     1
 72
     1
  1
12
  7
Segoe UI_2
 73
     2
 44
1.0
 90
        3
 63
     9
421
 13158600
 45
1.25
441
        0
1001
REVIT
1002
{
1070
     1
1000
4651272
1002
}
1002
{
1070
     5
1000
7577066
1002
}
  0
MTEXT
  5
1199
330
1007
100
AcDbEntity
  8
0
100
AcDbMText
 10
1.52802314911969
 20
2.969218159560114
 30
0.0
 40
0.0078125
 41
0.014203125
 46
0.0
 71
     1
 72
     1
  1
13
  7
Segoe UI_2
 73
     2
 44
1.0
 90
        3
 63
     9
421
 13158600
 45
1.25
441
        0
1001
REVIT
1002
{
1070
     1
1000
4651272
1002
}
1002
{
1070
     5
1000
7577066
1002
}
  0
MTEXT
  5
119A
330
1007
100
AcDbEntity
  8
0
100
AcDbMText
 10
1.361216714372858
 20
2.969218159560114
 30
0.0
 40
0.0078125
 41
0.014203125
 46
0.0
 71
     1
 72
     1
  1
14
  7
Segoe UI_2
 73
     2
 44
1.0
 90
        3
 63
     9
421
 13158600
 45
1.25
441
        0
1001
REVIT
1002
{
1070
     1
1000
4651272
1002
}
1002
{
1070
     5
1000
7577066
1002
}
  0
MTEXT
  5
119B
330
1007
100
AcDbEntity
  8
0
100
AcDbMText
 10
1.195168095291592
 20
2.969218159560114
 30
0.0
 40
0.0078125
 41
0.014203125
 46
0.0
 71
     1
 72
     1
  1
15
  7
Segoe UI_2
 73
     2
 44
1.0
 90
        3
 63
     9
421
 13158600
 45
1.25
441
        0
1001
REVIT
1002
{
1070
     1
1000
4651272
1002
}
1002
{
1070
     5
1000
7577066
1002
}
  0
MTEXT
  5
119C
330
1007
100
AcDbEntity
  8
0
100
AcDbMText
 10
1.02853233134374
 20
2.969218159560114
 30
0.0
 40
0.0078125
 41
0.014203125
 46
0.0
 71
     1
 72
     1
  1
16
  7
Segoe UI_2
 73
     2
 44
1.0
 90
        3
 63
     9
421
 13158600
 45
1.25
441
        0
1001
REVIT
1002
{
1070
     1
1000
4651272
1002
}
1002
{
1070
     5
1000
7577066
1002
}
  0
MTEXT
  5
119D
330
1007
100
AcDbEntity
  8
0
100
AcDbMText
 10
2.366934281424619
 20
2.969218159560114
 30
0.0
 40
0.0078125
 41
0.0071015625
 46
0.0
 71
     1
 72
     1
  1
8
  7
Segoe UI_2
 73
     2
 44
1.0
 90
        3
 63
     9
421
 13158600
 45
1.25
441
        0
1001
REVIT
1002
{
1070
     1
1000
4651272
1002
}
1002
{
1070
     5
1000
7577066
1002
}
  0
MTEXT
  5
119E
330
1007
100
AcDbEntity
  8
0
100
AcDbMText
 10
1.861559670651331
 20
2.969218159560114
 30
0.0
 40
0.0078125
 41
0.014203125
 46
0.0
 71
     1
 72
     1
  1
11
  7
Segoe UI_2
 73
     2
 44
1.0
 90
        3
 63
     9
421
 13158600
 45
1.25
441
        0
1001
REVIT
1002
{
1070
     1
1000
4651272
1002
}
1002
{
1070
     5
1000
7577066
1002
}
  0
MTEXT
  5
119F
330
1007
100
AcDbEntity
  8
0
100
AcDbMText
 10
3.533600948285311
 20
2.969218159560114
 30
0.0
 40
0.0078125
 41
0.0071015625
 46
0.0
 71
     1
 72
     1
  1
1
  7
Segoe UI_2
 73
     2
 44
1.0
 90
        3
 63
     9
421
 13158600
 45
1.25
441
        0
1001
REVIT
1002
{
1070
     1
1000
4651272
1002
}
1002
{
1070
     5
1000
7577066
1002
}
  0
MTEXT
  5
11A0
330
1007
100
AcDbEntity
  8
0
100
AcDbMText
 10
-0.1408679001033306
 20
2.054653581697493
 30
0.0
 40
0.0078125
 41
0.0120989583333333
 46
0.0
 71
     1
 72
     1
  1
M
  7
Segoe UI_2
 73
     2
 44
1.0
 90
        3
 63
     9
421
 13158600
 45
1.25
441
        0
1001
REVIT
1002
{
1070
     1
1000
4651272
1002
}
1002
{
1070
     5
1000
7577066
1002
}
  0
MTEXT
  5
11A1
330
1007
100
AcDbEntity
  8
0
100
AcDbMText
 10
-0.1399984777672216
 20
2.221320247743278
 30
0.0
 40
0.0078125
 41
0.0099947916666667
 46
0.0
 71
     1
 72
     1
  1
N
  7
Segoe UI_2
 73
     2
 44
1.0
 90
        3
 63
     9
421
 13158600
 45
1.25
441
        0
1001
REVIT
1002
{
1070
     1
1000
4651272
1002
}
1002
{
1070
     5
1000
7577066
1002
}
  0
MTEXT
  5
11A2
330
1007
100
AcDbEntity
  8
0
100
AcDbMText
 10
-0.1399984777672216
 20
2.387986914720386
 30
0.0
 40
0.0078125
 41
0.0099947916666667
 46
0.0
 71
     1
 72
     1
  1
O
  7
Segoe UI_2
 73
     2
 44
1.0
 90
        3
 63
     9
421
 13158600
 45
1.25
441
        0
1001
REVIT
1002
{
1070
     1
1000
4651272
1002
}
1002
{
1070
     5
1000
7577066
1002
}
  0
MTEXT
  5
11A3
330
1007
100
AcDbEntity
  8
0
100
AcDbMText
 10
-0.1390306298853829
 20
2.554653581231832
 30
0.0
 40
0.0078125
 41
0.0076276041666667
 46
0.0
 71
     1
 72
     1
  1
P
  7
Segoe UI_2
 73
     2
 44
1.0
 90
        3
 63
     9
421
 13158600
 45
1.25
441
        0
1001
REVIT
1002
{
1070
     1
1000
4651272
1002
}
1002
{
1070
     5
1000
7577066
1002
}
  0
MTEXT
  5
11A4
330
1007
100
AcDbEntity
  8
0
100
AcDbMText
 10
-0.1399984777672216
 20
2.721320247743278
 30
0.0
 40
0.0078125
 41
0.0099947916666667
 46
0.0
 71
     1
 72
     1
  1
Q
  7
Segoe UI_2
 73
     2
 44
1.0
 90
        3
 63
     9
421
 13158600
 45
1.25
441
        0
1001
REVIT
1002
{
1070
     1
1000
4651272
1002
}
1002
{
1070
     5
1000
7577066
1002
}
  0
MTEXT
  5
11A5
330
1007
100
AcDbEntity
  8
0
100
AcDbMText
 10
-0.139243884361349
 20
2.887986914720386
 30
0.0
 40
0.0078125
 41
0.0081536458333333
 46
0.0
 71
     1
 72
     1
  1
R
  7
Segoe UI_2
 73
     2
 44
1.0
 90
        3
 63
     9
421
 13158600
 45
1.25
441
        0
1001
REVIT
1002
{
1070
     1
1000
4651272
1002
}
1002
{
1070
     5
1000
7577066
1002
}
  0
MTEXT
  5
11A6
330
1007
100
AcDbEntity
  8
0
100
AcDbMText
 10
0.8618656645994633
 20
2.969218159560114
 30
0.0
 40
0.0078125
 41
0.014203125
 46
0.0
 71
     1
 72
     1
  1
17
  7
Segoe UI_2
 73
     2
 44
1.0
 90
        3
 63
     9
421
 13158600
 45
1.25
441
        0
1001
REVIT
1002
{
1070
     1
1000
4651272
1002
}
1002
{
1070
     5
1000
7577066
1002
}
  0
MTEXT
  5
11A7
330
1007
100
AcDbEntity
  8
0
100
AcDbMText
 10
0.6951989977387712
 20
2.969218159560114
 30
0.0
 40
0.0078125
 41
0.014203125
 46
0.0
 71
     1
 72
     1
  1
18
  7
Segoe UI_2
 73
     2
 44
1.0
 90
        3
 63
     9
421
 13158600
 45
1.25
441
        0
1001
REVIT
1002
{
1070
     1
1000
4651272
1002
}
1002
{
1070
     5
1000
7577066
1002
}
  0
MTEXT
  5
11A8
330
1007
100
AcDbEntity
  8
0
100
AcDbMText
 10
0.5285323312273249
 20
2.969218159560114
 30
0.0
 40
0.0078125
 41
0.014203125
 46
0.0
 71
     1
 72
     1
  1
19
  7
Segoe UI_2
 73
     2
 44
1.0
 90
        3
 63
     9
421
 13158600
 45
1.25
441
        0
1001
REVIT
1002
{
1070
     1
1000
4651272
1002
}
1002
{
1070
     5
1000
7577066
1002
}
  0
MTEXT
  5
11A9
330
1007
100
AcDbEntity
  8
0
100
AcDbMText
 10
0.3618656645994633
 20
2.969218159560114
 30
0.0
 40
0.0078125
 41
0.014203125
 46
0.0
 71
     1
 72
     1
  1
20
  7
Segoe UI_2
 73
     2
 44
1.0
 90
        3
 63
     9
421
 13158600
 45
1.25
441
        0
1001
REVIT
1002
{
1070
     1
1000
4651272
1002
}
1002
{
1070
     5
1000
7577066
1002
}
  0
MTEXT
  5
11AA
330
1007
100
AcDbEntity
  8
0
100
AcDbMText
 10
0.1951989978551864
 20
2.969218159560114
 30
0.0
 40
0.0078125
 41
0.014203125
 46
0.0
 71
     1
 72
     1
  1
21
  7
Segoe UI_2
 73
     2
 44
1.0
 90
        3
 63
     9
421
 13158600
 45
1.25
441
        0
1001
REVIT
1002
{
1070
     1
1000
4651272
1002
}
1002
{
1070
     5
1000
7577066
1002
}
  0
MTEXT
  5
11AB
330
1007
100
AcDbEntity
  8
0
100
AcDbMText
 10
0.0285323309944943
 20
2.969218159560114
 30
0.0
 40
0.0078125
 41
0.014203125
 46
0.0
 71
     1
 72
     1
  1
22
  7
Segoe UI_2
 73
     2
 44
1.0
 90
        3
 63
     9
421
 13158600
 45
1.25
441
        0
1001
REVIT
1002
{
1070
     1
1000
4651272
1002
}
1002
{
1070
     5
1000
7577066
1002
}
  0
MTEXT
  5
11AC
330
1007
100
AcDbEntity
  8
0
100
AcDbMText
 10
3.549414487904869
 20
2.054653581697493
 30
0.0
 40
0.0078125
 41
0.0120989583333333
 46
0.0
 71
     1
 72
     1
  1
M
  7
Segoe UI_2
 73
     2
 44
1.0
 90
        3
 63
     9
421
 13158600
 45
1.25
441
        0
1001
REVIT
1002
{
1070
     1
1000
4651272
1002
}
1002
{
1070
     5
1000
7577066
1002
}
  0
MTEXT
  5
11AD
330
1007
100
AcDbEntity
  8
0
100
AcDbMText
 10
3.550283910473808
 20
2.221320247743278
 30
0.0
 40
0.0078125
 41
0.0099947916666667
 46
0.0
 71
     1
 72
     1
  1
N
  7
Segoe UI_2
 73
     2
 44
1.0
 90
        3
 63
     9
421
 13158600
 45
1.25
441
        0
1001
REVIT
1002
{
1070
     1
1000
4651272
1002
}
1002
{
1070
     5
1000
7577066
1002
}
  0
MTEXT
  5
11AE
330
1007
100
AcDbEntity
  8
0
100
AcDbMText
 10
3.550283910473808
 20
2.387986914720386
 30
0.0
 40
0.0078125
 41
0.0099947916666667
 46
0.0
 71
     1
 72
     1
  1
O
  7
Segoe UI_2
 73
     2
 44
1.0
 90
        3
 63
     9
421
 13158600
 45
1.25
441
        0
1001
REVIT
1002
{
1070
     1
1000
4651272
1002
}
1002
{
1070
     5
1000
7577066
1002
}
  0
MTEXT
  5
11AF
330
1007
100
AcDbEntity
  8
0
100
AcDbMText
 10
3.551251758355647
 20
2.554653581231832
 30
0.0
 40
0.0078125
 41
0.0076276041666667
 46
0.0
 71
     1
 72
     1
  1
P
  7
Segoe UI_2
 73
     2
 44
1.0
 90
        3
 63
     9
421
 13158600
 45
1.25
441
        0
1001
REVIT
1002
{
1070
     1
1000
4651272
1002
}
1002
{
1070
     5
1000
7577066
1002
}
  0
MTEXT
  5
11B0
330
1007
100
AcDbEntity
  8
0
100
AcDbMText
 10
3.550283910473808
 20
2.721320247743278
 30
0.0
 40
0.0078125
 41
0.0099947916666667
 46
0.0
 71
     1
 72
     1
  1
Q
  7
Segoe UI_2
 73
     2
 44
1.0
 90
        3
 63
     9
421
 13158600
 45
1.25
441
        0
1001
REVIT
1002
{
1070
     1
1000
4651272
1002
}
1002
{
1070
     5
1000
7577066
1002
}
  0
MTEXT
  5
11B1
330
1007
100
AcDbEntity
  8
0
100
AcDbMText
 10
3.55103850364685
 20
2.887986914720386
 30
0.0
 40
0.0078125
 41
0.0081536458333333
 46
0.0
 71
     1
 72
     1
  1
R
  7
Segoe UI_2
 73
     2
 44
1.0
 90
        3
 63
     9
421
 13158600
 45
1.25
441
        0
1001
REVIT
1002
{
1070
     1
1000
4651272
1002
}
1002
{
1070
     5
1000
7577066
1002
}
  0
MTEXT
  5
11B2
330
1007
100
AcDbEntity
  8
0
100
AcDbMText
 10
3.366934281541034
 20
0.0341740921139717
 30
0.0
 40
0.0078125
 41
0.0071015625
 46
0.0
 71
     1
 72
     1
  1
2
  7
Segoe UI_2
 73
     2
 44
1.0
 90
        3
 63
     9
421
 13158600
 45
1.25
441
        0
1001
REVIT
1002
{
1070
     1
1000
4651272
1002
}
1002
{
1070
     5
1000
7577066
1002
}
  0
MTEXT
  5
11B3
330
1007
100
AcDbEntity
  8
0
100
AcDbMText
 10
3.200267614680342
 20
0.0341740921139717
 30
0.0
 40
0.0078125
 41
0.0071015625
 46
0.0
 71
     1
 72
     1
  1
3
  7
Segoe UI_2
 73
     2
 44
1.0
 90
        3
 63
     9
421
 13158600
 45
1.25
441
        0
1001
REVIT
1002
{
1070
     1
1000
4651272
1002
}
1002
{
1070
     5
1000
7577066
1002
}
  0
MTEXT
  5
11B4
330
1007
100
AcDbEntity
  8
0
100
AcDbMText
 10
3.033600948168896
 20
0.0341740921139717
 30
0.0
 40
0.0078125
 41
0.0071015625
 46
0.0
 71
     1
 72
     1
  1
4
  7
Segoe UI_2
 73
     2
 44
1.0
 90
        3
 63
     9
421
 13158600
 45
1.25
441
        0
1001
REVIT
1002
{
1070
     1
1000
4651272
1002
}
1002
{
1070
     5
1000
7577066
1002
}
  0
MTEXT
  5
11B5
330
1007
100
AcDbEntity
  8
0
100
AcDbMText
 10
2.866934281541034
 20
0.0341740921139717
 30
0.0
 40
0.0078125
 41
0.0071015625
 46
0.0
 71
     1
 72
     1
  1
5
  7
Segoe UI_2
 73
     2
 44
1.0
 90
        3
 63
     9
421
 13158600
 45
1.25
441
        0
1001
REVIT
1002
{
1070
     1
1000
4651272
1002
}
1002
{
1070
     5
1000
7577066
1002
}
  0
MTEXT
  5
11B6
330
1007
100
AcDbEntity
  8
0
100
AcDbMText
 10
2.700267615029588
 20
0.0341740921139717
 30
0.0
 40
0.0078125
 41
0.0071015625
 46
0.0
 71
     1
 72
     1
  1
6
  7
Segoe UI_2
 73
     2
 44
1.0
 90
        3
 63
     9
421
 13158600
 45
1.25
441
        0
1001
REVIT
1002
{
1070
     1
1000
4651272
1002
}
1002
{
1070
     5
1000
7577066
1002
}
  0
MTEXT
  5
11B7
330
1007
100
AcDbEntity
  8
0
100
AcDbMText
 10
2.533600948285311
 20
0.0341740921139717
 30
0.0
 40
0.0078125
 41
0.0071015625
 46
0.0
 71
     1
 72
     1
  1
7
  7
Segoe UI_2
 73
     2
 44
1.0
 90
        3
 63
     9
421
 13158600
 45
1.25
441
        0
1001
REVIT
1002
{
1070
     1
1000
4651272
1002
}
1002
{
1070
     5
1000
7577066
1002
}
  0
MTEXT
  5
11B8
330
1007
100
AcDbEntity
  8
0
100
AcDbMText
 10
2.200267614913173
 20
0.0341740921139717
 30
0.0
 40
0.0078125
 41
0.0071015625
 46
0.0
 71
     1
 72
     1
  1
9
  7
Segoe UI_2
 73
     2
 44
1.0
 90
        3
 63
     9
421
 13158600
 45
1.25
441
        0
1001
REVIT
1002
{
1070
     1
1000
4651272
1002
}
1002
{
1070
     5
1000
7577066
1002
}
  0
MTEXT
  5
11B9
330
1007
100
AcDbEntity
  8
0
100
AcDbMText
 10
2.028341125347651
 20
0.0341740921139717
 30
0.0
 40
0.0078125
 41
0.014203125
 46
0.0
 71
     1
 72
     1
  1
10
  7
Segoe UI_2
 73
     2
 44
1.0
 90
        3
 63
     9
421
 13158600
 45
1.25
441
        0
1001
REVIT
1002
{
1070
     1
1000
4651272
1002
}
1002
{
1070
     5
1000
7577066
1002
}
  0
MTEXT
  5
11BA
330
1007
100
AcDbEntity
  8
0
100
AcDbMText
 10
1.69432761054486
 20
0.0341740921139717
 30
0.0
 40
0.0078125
 41
0.014203125
 46
0.0
 71
     1
 72
     1
  1
12
  7
Segoe UI_2
 73
     2
 44
1.0
 90
        3
 63
     9
421
 13158600
 45
1.25
441
        0
1001
REVIT
1002
{
1070
     1
1000
4651272
1002
}
1002
{
1070
     5
1000
7577066
1002
}
  0
MTEXT
  5
11BB
330
1007
100
AcDbEntity
  8
0
100
AcDbMText
 10
1.52802314911969
 20
0.0341740921139717
 30
0.0
 40
0.0078125
 41
0.014203125
 46
0.0
 71
     1
 72
     1
  1
13
  7
Segoe UI_2
 73
     2
 44
1.0
 90
        3
 63
     9
421
 13158600
 45
1.25
441
        0
1001
REVIT
1002
{
1070
     1
1000
4651272
1002
}
1002
{
1070
     5
1000
7577066
1002
}
  0
MTEXT
  5
11BC
330
1007
100
AcDbEntity
  8
0
100
AcDbMText
 10
1.361216714372858
 20
0.0341740921139717
 30
0.0
 40
0.0078125
 41
0.014203125
 46
0.0
 71
     1
 72
     1
  1
14
  7
Segoe UI_2
 73
     2
 44
1.0
 90
        3
 63
     9
421
 13158600
 45
1.25
441
        0
1001
REVIT
1002
{
1070
     1
1000
4651272
1002
}
1002
{
1070
     5
1000
7577066
1002
}
  0
MTEXT
  5
11BD
330
1007
100
AcDbEntity
  8
0
100
AcDbMText
 10
1.195168095291592
 20
0.0341740921139717
 30
0.0
 40
0.0078125
 41
0.014203125
 46
0.0
 71
     1
 72
     1
  1
15
  7
Segoe UI_2
 73
     2
 44
1.0
 90
        3
 63
     9
421
 13158600
 45
1.25
441
        0
1001
REVIT
1002
{
1070
     1
1000
4651272
1002
}
1002
{
1070
     5
1000
7577066
1002
}
  0
MTEXT
  5
11BE
330
1007
100
AcDbEntity
  8
0
100
AcDbMText
 10
1.02853233134374
 20
0.0341740921139717
 30
0.0
 40
0.0078125
 41
0.014203125
 46
0.0
 71
     1
 72
     1
  1
16
  7
Segoe UI_2
 73
     2
 44
1.0
 90
        3
 63
     9
421
 13158600
 45
1.25
441
        0
1001
REVIT
1002
{
1070
     1
1000
4651272
1002
}
1002
{
1070
     5
1000
7577066
1002
}
  0
MTEXT
  5
11BF
330
1007
100
AcDbEntity
  8
0
100
AcDbMText
 10
2.366934281424619
 20
0.0341740921139717
 30
0.0
 40
0.0078125
 41
0.0071015625
 46
0.0
 71
     1
 72
     1
  1
8
  7
Segoe UI_2
 73
     2
 44
1.0
 90
        3
 63
     9
421
 13158600
 45
1.25
441
        0
1001
REVIT
1002
{
1070
     1
1000
4651272
1002
}
1002
{
1070
     5
1000
7577066
1002
}
  0
MTEXT
  5
11C0
330
1007
100
AcDbEntity
  8
0
100
AcDbMText
 10
1.861559670651331
 20
0.0341740921139717
 30
0.0
 40
0.0078125
 41
0.014203125
 46
0.0
 71
     1
 72
     1
  1
11
  7
Segoe UI_2
 73
     2
 44
1.0
 90
        3
 63
     9
421
 13158600
 45
1.25
441
        0
1001
REVIT
1002
{
1070
     1
1000
4651272
1002
}
1002
{
1070
     5
1000
7577066
1002
}
  0
MTEXT
  5
11C1
330
1007
100
AcDbEntity
  8
0
100
AcDbMText
 10
3.533600948285311
 20
0.0341740921139717
 30
0.0
 40
0.0078125
 41
0.0071015625
 46
0.0
 71
     1
 72
     1
  1
1
  7
Segoe UI_2
 73
     2
 44
1.0
 90
        3
 63
     9
421
 13158600
 45
1.25
441
        0
1001
REVIT
1002
{
1070
     1
1000
4651272
1002
}
1002
{
1070
     5
1000
7577066
1002
}
  0
MTEXT
  5
11C2
330
1007
100
AcDbEntity
  8
0
100
AcDbMText
 10
0.8618656645994633
 20
0.0341740921139717
 30
0.0
 40
0.0078125
 41
0.014203125
 46
0.0
 71
     1
 72
     1
  1
17
  7
Segoe UI_2
 73
     2
 44
1.0
 90
        3
 63
     9
421
 13158600
 45
1.25
441
        0
1001
REVIT
1002
{
1070
     1
1000
4651272
1002
}
1002
{
1070
     5
1000
7577066
1002
}
  0
MTEXT
  5
11C3
330
1007
100
AcDbEntity
  8
0
100
AcDbMText
 10
0.6951989977387712
 20
0.0341740921139717
 30
0.0
 40
0.0078125
 41
0.014203125
 46
0.0
 71
     1
 72
     1
  1
18
  7
Segoe UI_2
 73
     2
 44
1.0
 90
        3
 63
     9
421
 13158600
 45
1.25
441
        0
1001
REVIT
1002
{
1070
     1
1000
4651272
1002
}
1002
{
1070
     5
1000
7577066
1002
}
  0
MTEXT
  5
11C4
330
1007
100
AcDbEntity
  8
0
100
AcDbMText
 10
0.5285323312273249
 20
0.0341740921139717
 30
0.0
 40
0.0078125
 41
0.014203125
 46
0.0
 71
     1
 72
     1
  1
19
  7
Segoe UI_2
 73
     2
 44
1.0
 90
        3
 63
     9
421
 13158600
 45
1.25
441
        0
1001
REVIT
1002
{
1070
     1
1000
4651272
1002
}
1002
{
1070
     5
1000
7577066
1002
}
  0
MTEXT
  5
11C5
330
1007
100
AcDbEntity
  8
0
100
AcDbMText
 10
0.3618656645994633
 20
0.0341740921139717
 30
0.0
 40
0.0078125
 41
0.014203125
 46
0.0
 71
     1
 72
     1
  1
20
  7
Segoe UI_2
 73
     2
 44
1.0
 90
        3
 63
     9
421
 13158600
 45
1.25
441
        0
1001
REVIT
1002
{
1070
     1
1000
4651272
1002
}
1002
{
1070
     5
1000
7577066
1002
}
  0
MTEXT
  5
11C6
330
1007
100
AcDbEntity
  8
0
100
AcDbMText
 10
0.1951989978551864
 20
0.0341740921139717
 30
0.0
 40
0.0078125
 41
0.014203125
 46
0.0
 71
     1
 72
     1
  1
21
  7
Segoe UI_2
 73
     2
 44
1.0
 90
        3
 63
     9
421
 13158600
 45
1.25
441
        0
1001
REVIT
1002
{
1070
     1
1000
4651272
1002
}
1002
{
1070
     5
1000
7577066
1002
}
  0
MTEXT
  5
11C7
330
1007
100
AcDbEntity
  8
0
100
AcDbMText
 10
0.0285323309944943
 20
0.0341740921139717
 30
0.0
 40
0.0078125
 41
0.014203125
 46
0.0
 71
     1
 72
     1
  1
22
  7
Segoe UI_2
 73
     2
 44
1.0
 90
        3
 63
     9
421
 13158600
 45
1.25
441
        0
1001
REVIT
1002
{
1070
     1
1000
4651272
1002
}
1002
{
1070
     5
1000
7577066
1002
}
  0
MTEXT
  5
11C8
330
1007
100
AcDbEntity
  8
0
100
AcDbMText
 10
3.580655373516492
 20
1.199585088994354
 30
0.0
 40
0.0078125
 41
0.058390625
 46
0.0
 71
     1
 72
     1
  1
KEY PLAN
  7
Segoe UI_2
 73
     2
 44
1.0
 90
        3
 63
     9
421
 13158600
 45
1.25
441
        0
1001
REVIT
1002
{
1070
     1
1000
4651272
1002
}
1002
{
1070
     5
1000
7577066
1002
}
  0
MTEXT
  5
11CA
330
1007
100
AcDbEntity
  8
0
100
AcDbMText
 10
3.613230586517602
 20
2.921749995555728
 30
0.0
 40
0.0208333333333333
 41
0.203144140625
 46
0.0
 71
     1
 72
     1
  1
KAO-HWA LEE 
  7
Arial Narrow_B
 73
     2
 44
1.0
 90
        3
 63
     9
421
 13158600
 45
1.25
441
        0
1001
REVIT
1002
{
1070
     1
1000
4651272
1002
}
1002
{
1070
     5
1000
7577066
1002
}
  0
MTEXT
  5
11CB
330
1007
100
AcDbEntity
  8
0
100
AcDbMText
 10
3.629588036332279
 20
2.831541516352444
 30
0.0
 40
0.0078125
 41
0.1409791666666666
 46
0.0
 71
     1
 72
     1
  1
227 CATHERINE STREET
  7
Segoe UI_2
 73
     2
 44
1.0
 90
        3
 63
     9
421
 13158600
 45
1.25
441
        0
1001
REVIT
1002
{
1070
     1
1000
4651272
1002
}
1002
{
1070
     5
1000
7577066
1002
}
  0
MTEXT
  5
11CC
330
1007
100
AcDbEntity
  8
0
100
AcDbMText
 10
3.624596716836094
 20
2.81678457185626
 30
0.0
 40
0.0078125
 41
0.1528151041666666
 46
0.0
 71
     1
 72
     1
  1
SOUTH AMBOY, NJ 08879
  7
Segoe UI_2
 73
     2
 44
1.0
 90
        3
 63
     9
421
 13158600
 45
1.25
441
        0
1001
REVIT
1002
{
1070
     1
1000
4651272
1002
}
1002
{
1070
     5
1000
7577066
1002
}
  0
MTEXT
  5
11CD
330
1007
100
AcDbEntity
  8
0
100
AcDbMText
 10
3.652157480712048
 20
2.802027627360075
 30
0.0
 40
0.0078125
 41
0.0862708333333333
 46
0.0
 71
     1
 72
     1
  1
(609) 216 2975
  7
Segoe UI_2
 73
     2
 44
1.0
 90
        3
 63
     9
421
 13158600
 45
1.25
441
        0
1001
REVIT
1002
{
1070
     1
1000
4651272
1002
}
1002
{
1070
     5
1000
7577066
1002
}
  0
MTEXT
  5
11CF
330
1007
100
AcDbEntity
  8
0
100
AcDbMText
 10
3.59181131562218
 20
2.877889124210923
 30
0.0
 40
0.0208333333333333
 41
0.2475026041666666
 46
0.0
 71
     1
 72
     1
  1
ARCHITECTS P.C.
  7
Arial Narrow_1
 73
     2
 44
1.0
 90
        3
 63
     9
421
 13158600
 45
1.25
441
        0
1001
REVIT
1002
{
1070
     1
1000
4651272
1002
}
1002
{
1070
     5
1000
7577066
1002
}
  0
ENDBLK
  5
11D1
330
1007
100
AcDbEntity
  8
0
100
AcDbBlockEnd
  0
BLOCK
  5
11E2
330
11E0
100
AcDbEntity
  8
0
100
AcDbBlockBegin
  2
Viewport - View Title-9019356-PROPOSED ROOF PLAN
 70
     0
 10
0.0
 20
0.0
 30
0.0
  3
Viewport - View Title-9019356-PROPOSED ROOF PLAN
  1

  0
LINE
  5
11E1
330
11E0
100
AcDbEntity
  8
0
100
AcDbLine
 10
0.0
 20
0.0208333339542151
 30
0.0
 11
0.0
 21
-0.0208333330228925
 31
0.0
1001
REVIT
1002
{
1070
     1
1000
6245709
1002
}
1002
{
1070
     5
1000
9019358
1002
}
  0
ENDBLK
  5
11E3
330
11E0
100
AcDbEntity
  8
0
100
AcDbBlockEnd
  0
ENDSEC
  0
SECTION
  2
ENTITIES
  0
LINE
  5
15E2F
330
70
100
AcDbEntity
  8
WALL
100
AcDbLine
 10
15183.41312308175
 20
7492.95051240845
 30
0.0
 11
15506.57516230216
 21
7492.944722281234
 31
0.0
1001
REVIT
1002
{
1070
     1
1000
8292742
1002
}
1002
{
1070
     5
1000
6211622
1002
}
1002
{
1070
     2
1000
-2000011
1002
}
1002
{
1070
     3
1000
-2000586
1002
}
  0
TEXT
  5
18094
330
70
100
AcDbEntity
  8
FLOOR NUMBER
100
AcDbText
 10
12822.40868516503
 20
20020.48475490678
 30
0.0
 40
349.2169850502524
  1
10-11
100
AcDbText
  0
TEXT
  5
18095
330
70
100
AcDbEntity
  8
FLOOR NUMBER
100
AcDbText
 10
12822.40868516503
 20
17020.48475490678
 30
0.0
 40
349.2169850502524
  1
9
100
AcDbText
  0
TEXT
  5
18096
330
70
100
AcDbEntity
  8
FLOOR NUMBER
100
AcDbText
 10
12822.40868516503
 20
14020.48475490678
 30
0.0
 40
349.2169850502524
  1
4-8
100
AcDbText
  0
TEXT
  5
18097
330
70
100
AcDbEntity
  8
FLOOR NUMBER
100
AcDbText
 10
12822.40868516503
 20
11020.48475490677
 30
0.0
 40
349.2169850502524
  1
2-3
100
AcDbText
  0
TEXT
  5
18098
330
70
100
AcDbEntity
  8
FLOOR NUMBER
100
AcDbText
 10
12822.40868516503
 20
8020.484754906776
 30
0.0
 40
349.2169850502524
  1
1
100
AcDbText
  0
LWPOLYLINE
  5
180E9
330
70
100
AcDbEntity
  8
WALL
100
AcDbPolyline
 90
        4
 70
     1
 43
0.0
 10
15183.41312308175
 20
7486.950619951953
 10
15171.41312308175
 20
7486.950619951953
 10
15171.41312308175
 20
7739.879807926796
 10
15183.41312308175
 20
7739.879807926796
  0
LWPOLYLINE
  5
180EA
330
70
100
AcDbEntity
  8
WALL
100
AcDbPolyline
 90
        4
 70
     1
 43
0.0
 10
15177.41312308175
 20
7480.960438606786
 10
16273.41781689375
 20
7480.950727495455
 10
16273.41781689375
 20
7492.931090185789
 10
15177.41312308175
 20
7492.940801297122
  0
LWPOLYLINE
  5
180EB
330
70
100
AcDbEntity
  8
WALL
100
AcDbPolyline
 90
        4
 70
     1
 43
0.0
 10
16267.41781689376
 20
7486.940908840622
 10
16279.41781689376
 20
7486.940908840622
 10
16279.41781689376
 20
8026.342311633094
 10
16267.41781689376
 20
8026.342311633094
  0
LWPOLYLINE
  5
180F3
330
70
100
AcDbEntity
  8
WALL
100
AcDbPolyline
 90
        4
 70
     1
 43
0.0
 10
16276.75365914179
 20
8031.329510896831
 10
16270.08197464571
 20
8021.355112369359
 10
15645.2413091852
 20
8439.299088518678
 10
15651.91299368128
 20
8449.273487046152
  0
LWPOLYLINE
  5
18103
330
70
100
AcDbEntity
  8
WALL
100
AcDbPolyline
 90
        4
 70
     1
 43
0.0
 10
15643.5899521695
 20
8447.622130030453
 10
15653.56435069698
 20
8440.95044553438
 10
15182.40032234549
 20
7736.54396567876
 10
15172.42592381801
 20
7743.215650174834
  0
LWPOLYLINE
  5
18108
330
70
100
AcDbEntity
  8
BOUNDARY
100
AcDbPolyline
 90
        6
 70
     1
 43
0.0
 10
15171.41312308175
 20
7741.701478127525
 10
15646.92579441754
 20
8452.609329294189
 10
16279.41781689376
 20
8029.547506706817
 10
16279.41781689376
 20
7480.930875178643
 10
15171.41312308175
 20
7480.930875178644
 10
15171.41312308175
 20
7741.701478127525
1001
REVIT
1002
{
1070
     1
1000
8292751
1002
}
1002
{
1070
     5
1000
6211622
1002
}
1002
{
1070
     2
1000
-2000011
1002
}
1002
{
1070
     3
1000
-2000586
1002
}
  0
MTEXT
  5
1826D
330
70
100
AcDbEntity
  8
COLUMN NUMBER
100
AcDbMText
 10
15992.27885025434
 20
13500.19842475715
 30
0.0
 40
4.499999999999995
 41
4.393499999999995
 46
0.0
 71
     1
 72
     5
  1
\fSegoe UI|b1|i0|c0|p34|;4
  7
Segoe UI_B
 73
     2
 44
1.0
1001
REVIT
1002
{
1070
     1
1000
8914850
1002
}
1002
{
1070
     5
1000
8914810
1002
}
1002
{
1070
     2
1000
-2005018
1002
}
  0
MTEXT
  5
1826E
330
70
100
AcDbEntity
  8
COLUMN NUMBER
100
AcDbMText
 10
15516.68619566274
 20
13494.19842475716
 30
0.0
 40
4.499999999999995
 41
4.393499999999995
 46
0.0
 71
     1
 72
     5
  1
\fSegoe UI|b1|i0|c0|p34|;2
  7
Segoe UI_B
 73
     2
 44
1.0
1001
REVIT
1002
{
1070
     1
1000
8914852
1002
}
1002
{
1070
     5
1000
8914810
1002
}
1002
{
1070
     2
1000
-2005018
1002
}
  0
MTEXT
  5
1826F
330
70
100
AcDbEntity
  8
COLUMN NUMBER
100
AcDbMText
 10
15176.91692017903
 20
13579.67822721846
 30
0.0
 40
4.499999999999995
 41
4.393499999999995
 46
0.0
 71
     1
 72
     5
  1
\fSegoe UI|b1|i0|c0|p34|;1
  7
Segoe UI_B
 73
     2
 44
1.0
1001
REVIT
1002
{
1070
     1
1000
8914853
1002
}
1002
{
1070
     5
1000
8914810
1002
}
1002
{
1070
     2
1000
-2005018
1002
}
  0
MTEXT
  5
18270
330
70
100
AcDbEntity
  8
COLUMN NUMBER
100
AcDbMText
 10
16224.83531358757
 20
13494.19842475716
 30
0.0
 40
4.499999999999995
 41
4.393499999999995
 46
0.0
 71
     1
 72
     5
  1
\fSegoe UI|b1|i0|c0|p34|;5
  7
Segoe UI_B
 73
     2
 44
1.0
1001
REVIT
1002
{
1070
     1
1000
8914854
1002
}
1002
{
1070
     5
1000
8914810
1002
}
1002
{
1070
     2
1000
-2005018
1002
}
  0
MTEXT
  5
18271
330
70
100
AcDbEntity
  8
COLUMN NUMBER
100
AcDbMText
 10
15176.77415644233
 20
13723.05271126318
 30
0.0
 40
4.499999999999995
 41
4.393499999999995
 46
0.0
 71
     1
 72
     5
  1
\fSegoe UI|b1|i0|c0|p34|;9
  7
Segoe UI_B
 73
     2
 44
1.0
1001
REVIT
1002
{
1070
     1
1000
8914855
1002
}
1002
{
1070
     5
1000
8914810
1002
}
1002
{
1070
     2
1000
-2005018
1002
}
  0
MTEXT
  5
18272
330
70
100
AcDbEntity
  8
COLUMN NUMBER
100
AcDbMText
 10
15337.70848429234
 20
13984.69253932535
 30
0.0
 40
4.499999999999995
 41
8.78699999999999
 46
0.0
 71
     1
 72
     5
  1
15
  7
Segoe UI_B
 73
     2
 44
1.0
1001
REVIT
1002
{
1070
     1
1000
8914856
1002
}
1002
{
1070
     5
1000
8914810
1002
}
1002
{
1070
     2
1000
-2005018
1002
}
  0
MTEXT
  5
18273
330
70
100
AcDbEntity
  8
COLUMN NUMBER
100
AcDbMText
 10
15493.79540464905
 20
14218.04787102303
 30
0.0
 40
4.499999999999995
 41
8.78699999999999
 46
0.0
 71
     1
 72
     5
  1
16
  7
Segoe UI_B
 73
     2
 44
1.0
1001
REVIT
1002
{
1070
     1
1000
8914857
1002
}
1002
{
1070
     5
1000
8914810
1002
}
1002
{
1070
     2
1000
-2005018
1002
}
  0
MTEXT
  5
18274
330
70
100
AcDbEntity
  8
COLUMN NUMBER
100
AcDbMText
 10
15618.30884751251
 20
14406.72837396903
 30
0.0
 40
4.499999999999995
 41
12.87749999999999
 46
0.0
 71
     1
 72
     5
  1
20a
  7
Segoe UI_B
 73
     2
 44
1.0
1001
REVIT
1002
{
1070
     1
1000
8914858
1002
}
1002
{
1070
     5
1000
8914810
1002
}
1002
{
1070
     2
1000
-2005018
1002
}
  0
MTEXT
  5
18275
330
70
100
AcDbEntity
  8
COLUMN NUMBER
100
AcDbMText
 10
15454.89591695047
 20
13835.75099914443
 30
0.0
 40
4.499999999999995
 41
8.78699999999999
 46
0.0
 71
     1
 72
     5
  1
10
  7
Segoe UI_B
 73
     2
 44
1.0
1001
REVIT
1002
{
1070
     1
1000
8914861
1002
}
1002
{
1070
     5
1000
8914810
1002
}
1002
{
1070
     2
1000
-2005018
1002
}
  0
MTEXT
  5
18276
330
70
100
AcDbEntity
  8
COLUMN NUMBER
100
AcDbMText
 10
16233.35709956809
 20
14042.18270235162
 30
0.0
 40
4.499999999999995
 41
8.78699999999999
 46
0.0
 71
     1
 72
     5
  1
13
  7
Segoe UI_B
 73
     2
 44
1.0
1001
REVIT
1002
{
1070
     1
1000
8914865
1002
}
1002
{
1070
     5
1000
8914810
1002
}
1002
{
1070
     2
1000
-2005018
1002
}
  0
MTEXT
  5
18277
330
70
100
AcDbEntity
  8
COLUMN NUMBER
100
AcDbMText
 10
16081.40406525763
 20
13642.46320541784
 30
0.0
 40
4.499999999999995
 41
4.393499999999995
 46
0.0
 71
     1
 72
     5
  1
\fSegoe UI|b1|i0|c0|p34|;6
  7
Segoe UI_B
 73
     2
 44
1.0
1001
REVIT
1002
{
1070
     1
1000
8914867
1002
}
1002
{
1070
     5
1000
8914810
1002
}
1002
{
1070
     2
1000
-2005018
1002
}
  0
MTEXT
  5
18278
330
70
100
AcDbEntity
  8
COLUMN NUMBER
100
AcDbMText
 10
16246.40778726221
 20
13762.21714924802
 30
0.0
 40
4.499999999999995
 41
12.87749999999999
 46
0.0
 71
     1
 72
     5
  1
12a
  7
Segoe UI_B
 73
     2
 44
1.0
1001
REVIT
1002
{
1070
     1
1000
8914869
1002
}
1002
{
1070
     5
1000
8914810
1002
}
1002
{
1070
     2
1000
-2005018
1002
}
  0
MTEXT
  5
18279
330
70
100
AcDbEntity
  8
COLUMN NUMBER
100
AcDbMText
 10
15764.02415644233
 20
13494.19842475716
 30
0.0
 40
4.499999999999995
 41
4.393499999999995
 46
0.0
 71
     1
 72
     5
  1
\fSegoe UI|b1|i0|c0|p34|;3
  7
Segoe UI_B
 73
     2
 44
1.0
1001
REVIT
1002
{
1070
     1
1000
8930146
1002
}
1002
{
1070
     5
1000
8914810
1002
}
1002
{
1070
     2
1000
-2005018
1002
}
  0
MTEXT
  5
1827A
330
70
100
AcDbEntity
  8
COLUMN NUMBER
100
AcDbMText
 10
15955.40406525763
 20
13638.20592245411
 30
0.0
 40
4.499999999999995
 41
4.393499999999995
 46
0.0
 71
     1
 72
     5
  1
\fSegoe UI|b1|i0|c0|p34|;7
  7
Segoe UI_B
 73
     2
 44
1.0
1001
REVIT
1002
{
1070
     1
1000
8931742
1002
}
1002
{
1070
     5
1000
8914810
1002
}
1002
{
1070
     2
1000
-2005018
1002
}
  0
MTEXT
  5
1827B
330
70
100
AcDbEntity
  8
COLUMN NUMBER
100
AcDbMText
 10
15357.02415644233
 20
13644.46190613007
 30
0.0
 40
4.499999999999995
 41
4.393499999999995
 46
0.0
 71
     1
 72
     5
  1
\fSegoe UI|b1|i0|c0|p34|;8
  7
Segoe UI_B
 73
     2
 44
1.0
1001
REVIT
1002
{
1070
     1
1000
8932083
1002
}
1002
{
1070
     5
1000
8914810
1002
}
1002
{
1070
     2
1000
-2005018
1002
}
  0
MTEXT
  5
1827C
330
70
100
AcDbEntity
  8
COLUMN NUMBER
100
AcDbMText
 10
16117.97772019018
 20
13817.45592245575
 30
0.0
 40
4.499999999999995
 41
8.78699999999999
 46
0.0
 71
     1
 72
     5
  1
11
  7
Segoe UI_B
 73
     2
 44
1.0
1001
REVIT
1002
{
1070
     1
1000
8935037
1002
}
1002
{
1070
     5
1000
8914810
1002
}
1002
{
1070
     2
1000
-2005018
1002
}
  0
MTEXT
  5
1827D
330
70
100
AcDbEntity
  8
COLUMN NUMBER
100
AcDbMText
 10
16105.34707409686
 20
13989.56599649462
 30
0.0
 40
4.499999999999995
 41
8.78699999999999
 46
0.0
 71
     1
 72
     5
  1
14
  7
Segoe UI_B
 73
     2
 44
1.0
1001
REVIT
1002
{
1070
     1
1000
8936401
1002
}
1002
{
1070
     5
1000
8914810
1002
}
1002
{
1070
     2
1000
-2005018
1002
}
  0
MTEXT
  5
1827E
330
70
100
AcDbEntity
  8
COLUMN NUMBER
100
AcDbMText
 10
15679.06406376374
 20
14081.79280806391
 30
0.0
 40
4.499999999999995
 41
8.78699999999999
 46
0.0
 71
     1
 72
     5
  1
17
  7
Segoe UI_B
 73
     2
 44
1.0
1001
REVIT
1002
{
1070
     1
1000
8936802
1002
}
1002
{
1070
     5
1000
8914810
1002
}
1002
{
1070
     2
1000
-2005018
1002
}
  0
MTEXT
  5
1827F
330
70
100
AcDbEntity
  8
COLUMN NUMBER
100
AcDbMText
 10
16012.47890094223
 20
14156.23743569088
 30
0.0
 40
4.499999999999995
 41
8.78699999999999
 46
0.0
 71
     1
 72
     5
  1
18
  7
Segoe UI_B
 73
     2
 44
1.0
1001
REVIT
1002
{
1070
     1
1000
8937071
1002
}
1002
{
1070
     5
1000
8914810
1002
}
1002
{
1070
     2
1000
-2005018
1002
}
  0
MTEXT
  5
18280
330
70
100
AcDbEntity
  8
COLUMN NUMBER
100
AcDbMText
 10
15825.0113572811
 20
14315.76636578473
 30
0.0
 40
4.499999999999995
 41
8.78699999999999
 46
0.0
 71
     1
 72
     5
  1
19
  7
Segoe UI_B
 73
     2
 44
1.0
1001
REVIT
1002
{
1070
     1
1000
8939075
1002
}
1002
{
1070
     5
1000
8914810
1002
}
1002
{
1070
     2
1000
-2005018
1002
}
  0
MTEXT
  5
18281
330
70
100
AcDbEntity
  8
COLUMN NUMBER
100
AcDbMText
 10
15764.02415644233
 20
13494.19842475716
 30
0.0
 40
4.499999999999995
 41
4.393499999999995
 46
0.0
 71
     1
 72
     5
  1
\fSegoe UI|b1|i0|c0|p34|;3
  7
Segoe UI_B
 73
     2
 44
1.0
1001
REVIT
1002
{
1070
     1
1000
8939329
1002
}
1002
{
1070
     5
1000
8914810
1002
}
1002
{
1070
     2
1000
-2005018
1002
}
  0
MTEXT
  5
18282
330
70
100
AcDbEntity
  8
COLUMN NUMBER
100
AcDbMText
 10
15992.27885025433
 20
10500.19842475716
 30
0.0
 40
4.499999999999995
 41
4.393499999999995
 46
0.0
 71
     1
 72
     5
  1
\fSegoe UI|b1|i0|c0|p34|;4
  7
Segoe UI_B
 73
     2
 44
1.0
1001
REVIT
1002
{
1070
     1
1000
8914812
1002
}
1002
{
1070
     5
1000
8914810
1002
}
1002
{
1070
     2
1000
-2005018
1002
}
  0
MTEXT
  5
18283
330
70
100
AcDbEntity
  8
COLUMN NUMBER
100
AcDbMText
 10
15516.68619566274
 20
10494.19842475716
 30
0.0
 40
4.499999999999995
 41
4.393499999999995
 46
0.0
 71
     1
 72
     5
  1
\fSegoe UI|b1|i0|c0|p34|;2
  7
Segoe UI_B
 73
     2
 44
1.0
1001
REVIT
1002
{
1070
     1
1000
8914814
1002
}
1002
{
1070
     5
1000
8914810
1002
}
1002
{
1070
     2
1000
-2005018
1002
}
  0
MTEXT
  5
18284
330
70
100
AcDbEntity
  8
COLUMN NUMBER
100
AcDbMText
 10
15176.91692017903
 20
10579.67822721847
 30
0.0
 40
4.499999999999995
 41
4.393499999999995
 46
0.0
 71
     1
 72
     5
  1
\fSegoe UI|b1|i0|c0|p34|;1
  7
Segoe UI_B
 73
     2
 44
1.0
1001
REVIT
1002
{
1070
     1
1000
8914815
1002
}
1002
{
1070
     5
1000
8914810
1002
}
1002
{
1070
     2
1000
-2005018
1002
}
  0
MTEXT
  5
18285
330
70
100
AcDbEntity
  8
COLUMN NUMBER
100
AcDbMText
 10
16224.83531358757
 20
10494.19842475716
 30
0.0
 40
4.499999999999995
 41
4.393499999999995
 46
0.0
 71
     1
 72
     5
  1
\fSegoe UI|b1|i0|c0|p34|;5
  7
Segoe UI_B
 73
     2
 44
1.0
1001
REVIT
1002
{
1070
     1
1000
8914816
1002
}
1002
{
1070
     5
1000
8914810
1002
}
1002
{
1070
     2
1000
-2005018
1002
}
  0
MTEXT
  5
18286
330
70
100
AcDbEntity
  8
COLUMN NUMBER
100
AcDbMText
 10
15176.77415644233
 20
10723.05271126319
 30
0.0
 40
4.499999999999995
 41
4.393499999999995
 46
0.0
 71
     1
 72
     5
  1
\fSegoe UI|b1|i0|c0|p34|;9
  7
Segoe UI_B
 73
     2
 44
1.0
1001
REVIT
1002
{
1070
     1
1000
8914817
1002
}
1002
{
1070
     5
1000
8914810
1002
}
1002
{
1070
     2
1000
-2005018
1002
}
  0
MTEXT
  5
18287
330
70
100
AcDbEntity
  8
COLUMN NUMBER
100
AcDbMText
 10
16081.40406525763
 20
10642.46320541785
 30
0.0
 40
4.499999999999995
 41
4.393499999999995
 46
0.0
 71
     1
 72
     5
  1
\fSegoe UI|b1|i0|c0|p34|;6
  7
Segoe UI_B
 73
     2
 44
1.0
1001
REVIT
1002
{
1070
     1
1000
8914829
1002
}
1002
{
1070
     5
1000
8914810
1002
}
1002
{
1070
     2
1000
-2005018
1002
}
  0
MTEXT
  5
18288
330
70
100
AcDbEntity
  8
COLUMN NUMBER
100
AcDbMText
 10
15337.70848429234
 20
10984.69253932536
 30
0.0
 40
4.499999999999995
 41
8.78699999999999
 46
0.0
 71
     1
 72
     5
  1
15
  7
Segoe UI_B
 73
     2
 44
1.0
1001
REVIT
1002
{
1070
     1
1000
8914837
1002
}
1002
{
1070
     5
1000
8914810
1002
}
1002
{
1070
     2
1000
-2005018
1002
}
  0
MTEXT
  5
18289
330
70
100
AcDbEntity
  8
COLUMN NUMBER
100
AcDbMText
 10
15493.79540464905
 20
11218.04787102304
 30
0.0
 40
4.499999999999995
 41
8.78699999999999
 46
0.0
 71
     1
 72
     5
  1
16
  7
Segoe UI_B
 73
     2
 44
1.0
1001
REVIT
1002
{
1070
     1
1000
8914838
1002
}
1002
{
1070
     5
1000
8914810
1002
}
1002
{
1070
     2
1000
-2005018
1002
}
  0
MTEXT
  5
1828A
330
70
100
AcDbEntity
  8
COLUMN NUMBER
100
AcDbMText
 10
15618.30884751251
 20
11406.72837396904
 30
0.0
 40
4.499999999999995
 41
12.87749999999999
 46
0.0
 71
     1
 72
     5
  1
20a
  7
Segoe UI_B
 73
     2
 44
1.0
1001
REVIT
1002
{
1070
     1
1000
8914839
1002
}
1002
{
1070
     5
1000
8914810
1002
}
1002
{
1070
     2
1000
-2005018
1002
}
  0
MTEXT
  5
1828B
330
70
100
AcDbEntity
  8
COLUMN NUMBER
100
AcDbMText
 10
16233.35709956809
 20
11042.18270235163
 30
0.0
 40
4.499999999999995
 41
8.78699999999999
 46
0.0
 71
     1
 72
     5
  1
13
  7
Segoe UI_B
 73
     2
 44
1.0
1001
REVIT
1002
{
1070
     1
1000
8914844
1002
}
1002
{
1070
     5
1000
8914810
1002
}
1002
{
1070
     2
1000
-2005018
1002
}
  0
MTEXT
  5
1828C
330
70
100
AcDbEntity
  8
COLUMN NUMBER
100
AcDbMText
 10
16246.40778726221
 20
10762.21714924803
 30
0.0
 40
4.499999999999995
 41
12.87749999999999
 46
0.0
 71
     1
 72
     5
  1
12a
  7
Segoe UI_B
 73
     2
 44
1.0
1001
REVIT
1002
{
1070
     1
1000
8914847
1002
}
1002
{
1070
     5
1000
8914810
1002
}
1002
{
1070
     2
1000
-2005018
1002
}
  0
MTEXT
  5
1828D
330
70
100
AcDbEntity
  8
COLUMN NUMBER
100
AcDbMText
 10
15764.02415644233
 20
10494.19842475716
 30
0.0
 40
4.499999999999995
 41
4.393499999999995
 46
0.0
 71
     1
 72
     5
  1
\fSegoe UI|b1|i0|c0|p34|;3
  7
Segoe UI_B
 73
     2
 44
1.0
1001
REVIT
1002
{
1070
     1
1000
8930149
1002
}
1002
{
1070
     5
1000
8914810
1002
}
1002
{
1070
     2
1000
-2005018
1002
}
  0
MTEXT
  5
1828E
330
70
100
AcDbEntity
  8
COLUMN NUMBER
100
AcDbMText
 10
15955.40406525763
 20
10638.20592245411
 30
0.0
 40
4.499999999999995
 41
4.393499999999995
 46
0.0
 71
     1
 72
     5
  1
\fSegoe UI|b1|i0|c0|p34|;7
  7
Segoe UI_B
 73
     2
 44
1.0
1001
REVIT
1002
{
1070
     1
1000
8931769
1002
}
1002
{
1070
     5
1000
8914810
1002
}
1002
{
1070
     2
1000
-2005018
1002
}
  0
MTEXT
  5
1828F
330
70
100
AcDbEntity
  8
COLUMN NUMBER
100
AcDbMText
 10
15357.02415644233
 20
10644.46190613008
 30
0.0
 40
4.499999999999995
 41
4.393499999999995
 46
0.0
 71
     1
 72
     5
  1
\fSegoe UI|b1|i0|c0|p34|;8
  7
Segoe UI_B
 73
     2
 44
1.0
1001
REVIT
1002
{
1070
     1
1000
8932079
1002
}
1002
{
1070
     5
1000
8914810
1002
}
1002
{
1070
     2
1000
-2005018
1002
}
  0
MTEXT
  5
18290
330
70
100
AcDbEntity
  8
COLUMN NUMBER
100
AcDbMText
 10
15448.89580944882
 20
10829.75110664801
 30
0.0
 40
4.499999999999995
 41
8.78699999999999
 46
0.0
 71
     1
 72
     5
  1
10
  7
Segoe UI_B
 73
     2
 44
1.0
1001
REVIT
1002
{
1070
     1
1000
8934032
1002
}
1002
{
1070
     5
1000
8914810
1002
}
1002
{
1070
     2
1000
-2005018
1002
}
  0
MTEXT
  5
18291
330
70
100
AcDbEntity
  8
COLUMN NUMBER
100
AcDbMText
 10
16117.09912584485
 20
10817.45592245575
 30
0.0
 40
4.499999999999995
 41
8.78699999999999
 46
0.0
 71
     1
 72
     5
  1
11
  7
Segoe UI_B
 73
     2
 44
1.0
1001
REVIT
1002
{
1070
     1
1000
8935162
1002
}
1002
{
1070
     5
1000
8914810
1002
}
1002
{
1070
     2
1000
-2005018
1002
}
  0
MTEXT
  5
18292
330
70
100
AcDbEntity
  8
COLUMN NUMBER
100
AcDbMText
 10
15679.06406376374
 20
11081.79280806393
 30
0.0
 40
4.499999999999995
 41
8.78699999999999
 46
0.0
 71
     1
 72
     5
  1
17
  7
Segoe UI_B
 73
     2
 44
1.0
1001
REVIT
1002
{
1070
     1
1000
8936703
1002
}
1002
{
1070
     5
1000
8914810
1002
}
1002
{
1070
     2
1000
-2005018
1002
}
  0
MTEXT
  5
18293
330
70
100
AcDbEntity
  8
COLUMN NUMBER
100
AcDbMText
 10
16012.47890094223
 20
11156.23743569088
 30
0.0
 40
4.499999999999995
 41
8.78699999999999
 46
0.0
 71
     1
 72
     5
  1
18
  7
Segoe UI_B
 73
     2
 44
1.0
1001
REVIT
1002
{
1070
     1
1000
8938574
1002
}
1002
{
1070
     5
1000
8914810
1002
}
1002
{
1070
     2
1000
-2005018
1002
}
  0
MTEXT
  5
18294
330
70
100
AcDbEntity
  8
COLUMN NUMBER
100
AcDbMText
 10
15825.0113572811
 20
11315.76636578474
 30
0.0
 40
4.499999999999995
 41
8.78699999999999
 46
0.0
 71
     1
 72
     5
  1
19
  7
Segoe UI_B
 73
     2
 44
1.0
1001
REVIT
1002
{
1070
     1
1000
8939291
1002
}
1002
{
1070
     5
1000
8914810
1002
}
1002
{
1070
     2
1000
-2005018
1002
}
  0
MTEXT
  5
18295
330
70
100
AcDbEntity
  8
COLUMN NUMBER
100
AcDbMText
 10
16105.34707409686
 20
10989.56599649463
 30
0.0
 40
4.499999999999995
 41
8.78699999999999
 46
0.0
 71
     1
 72
     5
  1
14
  7
Segoe UI_B
 73
     2
 44
1.0
1001
REVIT
1002
{
1070
     1
1000
8939322
1002
}
1002
{
1070
     5
1000
8914810
1002
}
1002
{
1070
     2
1000
-2005018
1002
}
  0
MTEXT
  5
182AB
330
70
100
AcDbEntity
  8
COLUMN NUMBER
100
AcDbMText
 10
15764.02415644233
 20
7500.198424757162
 30
0.0
 40
4.499999999999995
 41
4.393499999999995
 46
0.0
 71
     1
 72
     5
  1
\fSegoe UI|b1|i0|c0|p34|;3
  7
Segoe UI_B
 73
     2
 44
1.0
1001
REVIT
1002
{
1070
     1
1000
8914890
1002
}
1002
{
1070
     5
1000
8914810
1002
}
1002
{
1070
     2
1000
-2005018
1002
}
  0
MTEXT
  5
182AC
330
70
100
AcDbEntity
  8
COLUMN NUMBER
100
AcDbMText
 10
15516.68619566274
 20
7494.19842475716
 30
0.0
 40
4.499999999999995
 41
4.393499999999995
 46
0.0
 71
     1
 72
     5
  1
\fSegoe UI|b1|i0|c0|p34|;2
  7
Segoe UI_B
 73
     2
 44
1.0
1001
REVIT
1002
{
1070
     1
1000
8914891
1002
}
1002
{
1070
     5
1000
8914810
1002
}
1002
{
1070
     2
1000
-2005018
1002
}
  0
MTEXT
  5
182AD
330
70
100
AcDbEntity
  8
COLUMN NUMBER
100
AcDbMText
 10
15176.91692017903
 20
7579.67822721847
 30
0.0
 40
4.499999999999995
 41
4.393499999999995
 46
0.0
 71
     1
 72
     5
  1
\fSegoe UI|b1|i0|c0|p34|;1
  7
Segoe UI_B
 73
     2
 44
1.0
1001
REVIT
1002
{
1070
     1
1000
8914892
1002
}
1002
{
1070
     5
1000
8914810
1002
}
1002
{
1070
     2
1000
-2005018
1002
}
  0
MTEXT
  5
182AE
330
70
100
AcDbEntity
  8
COLUMN NUMBER
100
AcDbMText
 10
16224.83531358757
 20
7494.19842475716
 30
0.0
 40
4.499999999999995
 41
4.393499999999995
 46
0.0
 71
     1
 72
     5
  1
\fSegoe UI|b1|i0|c0|p34|;5
  7
Segoe UI_B
 73
     2
 44
1.0
1001
REVIT
1002
{
1070
     1
1000
8914893
1002
}
1002
{
1070
     5
1000
8914810
1002
}
1002
{
1070
     2
1000
-2005018
1002
}
  0
MTEXT
  5
182AF
330
70
100
AcDbEntity
  8
COLUMN NUMBER
100
AcDbMText
 10
15176.77415644233
 20
7723.052711263187
 30
0.0
 40
4.499999999999995
 41
4.393499999999995
 46
0.0
 71
     1
 72
     5
  1
\fSegoe UI|b1|i0|c0|p34|;9
  7
Segoe UI_B
 73
     2
 44
1.0
1001
REVIT
1002
{
1070
     1
1000
8914894
1002
}
1002
{
1070
     5
1000
8914810
1002
}
1002
{
1070
     2
1000
-2005018
1002
}
  0
MTEXT
  5
182B0
330
70
100
AcDbEntity
  8
COLUMN NUMBER
100
AcDbMText
 10
15337.70848429234
 20
7984.692539325362
 30
0.0
 40
4.499999999999995
 41
8.78699999999999
 46
0.0
 71
     1
 72
     5
  1
15
  7
Segoe UI_B
 73
     2
 44
1.0
1001
REVIT
1002
{
1070
     1
1000
8914895
1002
}
1002
{
1070
     5
1000
8914810
1002
}
1002
{
1070
     2
1000
-2005018
1002
}
  0
MTEXT
  5
182B1
330
70
100
AcDbEntity
  8
COLUMN NUMBER
100
AcDbMText
 10
15493.79540464905
 20
8218.047871023035
 30
0.0
 40
4.499999999999995
 41
8.78699999999999
 46
0.0
 71
     1
 72
     5
  1
16
  7
Segoe UI_B
 73
     2
 44
1.0
1001
REVIT
1002
{
1070
     1
1000
8914896
1002
}
1002
{
1070
     5
1000
8914810
1002
}
1002
{
1070
     2
1000
-2005018
1002
}
  0
MTEXT
  5
182B2
330
70
100
AcDbEntity
  8
COLUMN NUMBER
100
AcDbMText
 10
15618.30884751251
 20
8406.728373969043
 30
0.0
 40
4.499999999999995
 41
12.87749999999999
 46
0.0
 71
     1
 72
     5
  1
20a
  7
Segoe UI_B
 73
     2
 44
1.0
1001
REVIT
1002
{
1070
     1
1000
8914897
1002
}
1002
{
1070
     5
1000
8914810
1002
}
1002
{
1070
     2
1000
-2005018
1002
}
  0
MTEXT
  5
182B3
330
70
100
AcDbEntity
  8
COLUMN NUMBER
100
AcDbMText
 10
16233.35709956809
 20
8042.182702351622
 30
0.0
 40
4.499999999999995
 41
8.78699999999999
 46
0.0
 71
     1
 72
     5
  1
13
  7
Segoe UI_B
 73
     2
 44
1.0
1001
REVIT
1002
{
1070
     1
1000
8914903
1002
}
1002
{
1070
     5
1000
8914810
1002
}
1002
{
1070
     2
1000
-2005018
1002
}
  0
MTEXT
  5
182B4
330
70
100
AcDbEntity
  8
COLUMN NUMBER
100
AcDbMText
 10
16246.40778726221
 20
7762.217149248029
 30
0.0
 40
4.499999999999995
 41
12.87749999999999
 46
0.0
 71
     1
 72
     5
  1
12a
  7
Segoe UI_B
 73
     2
 44
1.0
1001
REVIT
1002
{
1070
     1
1000
8914908
1002
}
1002
{
1070
     5
1000
8914810
1002
}
1002
{
1070
     2
1000
-2005018
1002
}
  0
MTEXT
  5
182B5
330
70
100
AcDbEntity
  8
COLUMN NUMBER
100
AcDbMText
 10
15986.27885025433
 20
7500.198424757162
 30
0.0
 40
4.499999999999995
 41
4.393499999999995
 46
0.0
 71
     1
 72
     5
  1
\fSegoe UI|b1|i0|c0|p34|;4
  7
Segoe UI_B
 73
     2
 44
1.0
1001
REVIT
1002
{
1070
     1
1000
8930152
1002
}
1002
{
1070
     5
1000
8914810
1002
}
1002
{
1070
     2
1000
-2005018
1002
}
  0
MTEXT
  5
182B6
330
70
100
AcDbEntity
  8
COLUMN NUMBER
100
AcDbMText
 10
16081.40406525763
 20
7642.463205417853
 30
0.0
 40
4.499999999999995
 41
4.393499999999995
 46
0.0
 71
     1
 72
     5
  1
\fSegoe UI|b1|i0|c0|p34|;6
  7
Segoe UI_B
 73
     2
 44
1.0
1001
REVIT
1002
{
1070
     1
1000
8931055
1002
}
1002
{
1070
     5
1000
8914810
1002
}
1002
{
1070
     2
1000
-2005018
1002
}
  0
MTEXT
  5
182B7
330
70
100
AcDbEntity
  8
COLUMN NUMBER
100
AcDbMText
 10
15955.40406525763
 20
7638.205922454114
 30
0.0
 40
4.499999999999995
 41
4.393499999999995
 46
0.0
 71
     1
 72
     5
  1
\fSegoe UI|b1|i0|c0|p34|;7
  7
Segoe UI_B
 73
     2
 44
1.0
1001
REVIT
1002
{
1070
     1
1000
8931760
1002
}
1002
{
1070
     5
1000
8914810
1002
}
1002
{
1070
     2
1000
-2005018
1002
}
  0
MTEXT
  5
182B8
330
70
100
AcDbEntity
  8
COLUMN NUMBER
100
AcDbMText
 10
15357.02415644233
 20
7644.461906130081
 30
0.0
 40
4.499999999999995
 41
4.393499999999995
 46
0.0
 71
     1
 72
     5
  1
\fSegoe UI|b1|i0|c0|p34|;8
  7
Segoe UI_B
 73
     2
 44
1.0
1001
REVIT
1002
{
1070
     1
1000
8932076
1002
}
1002
{
1070
     5
1000
8914810
1002
}
1002
{
1070
     2
1000
-2005018
1002
}
  0
MTEXT
  5
182B9
330
70
100
AcDbEntity
  8
COLUMN NUMBER
100
AcDbMText
 10
16117.09912584485
 20
7817.455922455756
 30
0.0
 40
4.499999999999995
 41
8.78699999999999
 46
0.0
 71
     1
 72
     5
  1
11
  7
Segoe UI_B
 73
     2
 44
1.0
1001
REVIT
1002
{
1070
     1
1000
8935173
1002
}
1002
{
1070
     5
1000
8914810
1002
}
1002
{
1070
     2
1000
-2005018
1002
}
  0
MTEXT
  5
182BA
330
70
100
AcDbEntity
  8
COLUMN NUMBER
100
AcDbMText
 10
15679.06406376374
 20
8081.792808063928
 30
0.0
 40
4.499999999999995
 41
8.78699999999999
 46
0.0
 71
     1
 72
     5
  1
17
  7
Segoe UI_B
 73
     2
 44
1.0
1001
REVIT
1002
{
1070
     1
1000
8937346
1002
}
1002
{
1070
     5
1000
8914810
1002
}
1002
{
1070
     2
1000
-2005018
1002
}
  0
MTEXT
  5
182BB
330
70
100
AcDbEntity
  8
COLUMN NUMBER
100
AcDbMText
 10
16012.47890094222
 20
8156.237435690881
 30
0.0
 40
4.499999999999995
 41
8.78699999999999
 46
0.0
 71
     1
 72
     5
  1
18
  7
Segoe UI_B
 73
     2
 44
1.0
1001
REVIT
1002
{
1070
     1
1000
8937352
1002
}
1002
{
1070
     5
1000
8914810
1002
}
1002
{
1070
     2
1000
-2005018
1002
}
  0
MTEXT
  5
182BC
330
70
100
AcDbEntity
  8
COLUMN NUMBER
100
AcDbMText
 10
16105.34707409685
 20
7989.565996494629
 30
0.0
 40
4.499999999999995
 41
8.78699999999999
 46
0.0
 71
     1
 72
     5
  1
14
  7
Segoe UI_B
 73
     2
 44
1.0
1001
REVIT
1002
{
1070
     1
1000
8937354
1002
}
1002
{
1070
     5
1000
8914810
1002
}
1002
{
1070
     2
1000
-2005018
1002
}
  0
MTEXT
  5
182BD
330
70
100
AcDbEntity
  8
COLUMN NUMBER
100
AcDbMText
 10
15825.0113572811
 20
8315.766365784739
 30
0.0
 40
4.499999999999995
 41
8.78699999999999
 46
0.0
 71
     1
 72
     5
  1
19
  7
Segoe UI_B
 73
     2
 44
1.0
1001
REVIT
1002
{
1070
     1
1000
8939063
1002
}
1002
{
1070
     5
1000
8914810
1002
}
1002
{
1070
     2
1000
-2005018
1002
}
  0
MTEXT
  5
182BE
330
70
100
AcDbEntity
  8
COLUMN NUMBER
100
AcDbMText
 10
15448.89580944882
 20
7829.751106648011
 30
0.0
 40
4.499999999999995
 41
8.78699999999999
 46
0.0
 71
     1
 72
     5
  1
10
  7
Segoe UI_B
 73
     2
 44
1.0
1001
REVIT
1002
{
1070
     1
1000
9085145
1002
}
1002
{
1070
     5
1000
8914810
1002
}
1002
{
1070
     2
1000
-2005018
1002
}
  0
LWPOLYLINE
  5
182D1
330
70
100
AcDbEntity
  8
COLS
100
AcDbPolyline
 90
        4
 70
     1
 43
0.0
 10
16000.16781689375
 20
13510.30667715691
 10
15988.16781689376
 20
13510.30667715691
 10
15988.16781689376
 20
13486.30667715691
 10
16000.16781689375
 20
13486.30667715691
  0
LWPOLYLINE
  5
182D2
330
70
100
AcDbEntity
  8
COLS
100
AcDbPolyline
 90
        4
 70
     1
 43
0.0
 10
15530.57516230216
 20
13486.3066771569
 10
15530.57516230216
 20
13498.3066771569
 10
15506.57516230216
 20
13498.3066771569
 10
15506.57516230216
 20
13486.3066771569
  0
LWPOLYLINE
  5
182D3
330
70
100
AcDbEntity
  8
COLS
100
AcDbPolyline
 90
        4
 70
     1
 43
0.0
 10
15184.80588681845
 20
13589.78647961821
 10
15172.80588681845
 20
13589.78647961821
 10
15172.80588681845
 20
13565.78647961821
 10
15184.80588681845
 20
13565.78647961821
  0
LWPOLYLINE
  5
182D4
330
70
100
AcDbEntity
  8
COLS
100
AcDbPolyline
 90
        4
 70
     1
 43
0.0
 10
16217.72428022699
 20
13486.3066771569
 10
16235.724280227
 20
13486.3066771569
 10
16235.724280227
 20
13498.3066771569
 10
16217.72428022699
 20
13498.3066771569
  0
LWPOLYLINE
  5
182D5
330
70
100
AcDbEntity
  8
COLS
100
AcDbPolyline
 90
        4
 70
     1
 43
0.0
 10
15184.66312308175
 20
13733.16096366293
 10
15172.66312308175
 20
13733.16096366293
 10
15172.66312308175
 20
13709.16096366293
 10
15184.66312308175
 20
13709.16096366293
  0
LWPOLYLINE
  5
182D6
330
70
100
AcDbEntity
  8
COLS
100
AcDbPolyline
 90
        4
 70
     1
 43
0.0
 10
15353.06105910102
 20
13989.43934800453
 10
15343.08666057355
 20
13996.11103250061
 10
15329.7432915814
 20
13976.16223544567
 10
15339.71769010887
 20
13969.49055094959
  0
LWPOLYLINE
  5
182D7
330
70
100
AcDbEntity
  8
COLS
100
AcDbPolyline
 90
        4
 70
     1
 43
0.0
 10
15509.14797945773
 20
14222.79467970222
 10
15499.17358093026
 20
14229.46636419829
 10
15485.83021193811
 20
14209.51756714335
 10
15495.80461046558
 20
14202.84588264727
  0
LWPOLYLINE
  5
182D8
330
70
100
AcDbEntity
  8
COLS
100
AcDbPolyline
 90
        4
 70
     1
 43
0.0
 10
15635.35276090387
 20
14411.47518264821
 10
15625.3783623764
 20
14418.14686714429
 10
15612.03499338425
 20
14398.19807008935
 10
15622.00939191172
 20
14391.52638559327
  0
LWPOLYLINE
  5
182D9
330
70
100
AcDbEntity
  8
COLS
100
AcDbPolyline
 90
        4
 70
     1
 43
0.0
 10
15464.5898230036
 20
13845.85914403964
 10
15452.58982300552
 20
13845.85935904486
 10
15452.58939299508
 20
13821.85935904871
 10
15464.58939299315
 20
13821.8591440435
  0
LWPOLYLINE
  5
182DA
330
70
100
AcDbEntity
  8
COLS
100
AcDbPolyline
 90
        4
 70
     1
 43
0.0
 10
16237.06735472528
 20
14051.10759589501
 10
16227.05982798118
 20
14036.1459981038
 10
16237.03422650865
 20
14029.47431360773
 10
16247.04175325276
 20
14044.43591139894
  0
LWPOLYLINE
  5
182DB
330
70
100
AcDbEntity
  8
COLS
100
AcDbPolyline
 90
        4
 70
     1
 43
0.0
 10
16071.29303189705
 20
13646.5714578176
 10
16071.29303189705
 20
13634.5714578176
 10
16095.29303189705
 20
13634.5714578176
 10
16095.29303189705
 20
13646.5714578176
  0
LWPOLYLINE
  5
182DC
330
70
100
AcDbEntity
  8
COLS
100
AcDbPolyline
 90
        4
 70
     1
 43
0.0
 10
16239.79281689376
 20
13766.32540164777
 10
16239.79281689376
 20
13754.32540164777
 10
16263.79281689376
 20
13754.32540164777
 10
16263.79281689376
 20
13766.32540164777
  0
LWPOLYLINE
  5
182DD
330
70
100
AcDbEntity
  8
COLS
100
AcDbPolyline
 90
        4
 70
     1
 43
0.0
 10
15753.91312308176
 20
13498.3066771569
 10
15753.91312308176
 20
13486.3066771569
 10
15777.91312308176
 20
13486.3066771569
 10
15777.91312308176
 20
13498.3066771569
  0
LWPOLYLINE
  5
182DE
330
70
100
AcDbEntity
  8
COLS
100
AcDbPolyline
 90
        4
 70
     1
 43
0.0
 10
15945.29303189706
 20
13642.31417485386
 10
15945.29303189706
 20
13630.31417485386
 10
15969.29303189706
 20
13630.31417485386
 10
15969.29303189706
 20
13642.31417485386
  0
LWPOLYLINE
  5
182DF
330
70
100
AcDbEntity
  8
COLS
100
AcDbPolyline
 90
        4
 70
     1
 43
0.0
 10
15352.91312308175
 20
13630.57015852983
 10
15364.91312308175
 20
13630.57015852983
 10
15364.91312308175
 20
13654.57015852983
 10
15352.91312308175
 20
13654.57015852983
  0
LWPOLYLINE
  5
182E0
330
70
100
AcDbEntity
  8
COLS
100
AcDbPolyline
 90
        4
 70
     1
 43
0.0
 10
16114.79281689372
 20
13803.5641748555
 10
16126.79281689372
 20
13803.5641748555
 10
16126.79281689372
 20
13827.5641748555
 10
16114.79281689372
 20
13827.5641748555
  0
LWPOLYLINE
  5
182E1
330
70
100
AcDbEntity
  8
COLS
100
AcDbPolyline
 90
        4
 70
     1
 43
0.0
 10
16109.02444927445
 20
13976.85760737344
 10
16119.031632654
 20
13991.81943482894
 10
16109.057081017
 20
13998.4908904153
 10
16099.04989763745
 20
13983.52906295981
  0
LWPOLYLINE
  5
182E2
330
70
100
AcDbEntity
  8
COLS
100
AcDbPolyline
 90
        4
 70
     1
 43
0.0
 10
15689.39631109205
 20
14068.24217670386
 10
15696.06799558813
 20
14078.21657523133
 10
15676.11919853318
 20
14091.55994422348
 10
15669.4475140371
 20
14081.58554569601
  0
LWPOLYLINE
  5
182E3
330
70
100
AcDbEntity
  8
COLS
100
AcDbPolyline
 90
        4
 70
     1
 43
0.0
 10
16016.15602788278
 20
14143.52904694699
 10
16026.16355462689
 20
14158.4906447382
 10
16016.18915609941
 20
14165.16232923427
 10
16006.1816293553
 20
14150.20073144306
  0
CIRCLE
  5
182E4
330
70
100
AcDbEntity
  8
COLS
100
AcDbCircle
 10
15828.70504832997
 20
14313.87461818448
 30
0.0
 40
8.999999999999849
  0
LWPOLYLINE
  5
182E5
330
70
100
AcDbEntity
  8
COLS
100
AcDbPolyline
 90
        4
 70
     1
 43
0.0
 10
16000.16781689375
 20
10510.30667715691
 10
15988.16781689376
 20
10510.30667715691
 10
15988.16781689376
 20
10486.30667715691
 10
16000.16781689375
 20
10486.30667715691
  0
LWPOLYLINE
  5
182E6
330
70
100
AcDbEntity
  8
COLS
100
AcDbPolyline
 90
        4
 70
     1
 43
0.0
 10
15530.57516230216
 20
10486.30667715691
 10
15530.57516230216
 20
10498.30667715691
 10
15506.57516230216
 20
10498.30667715691
 10
15506.57516230216
 20
10486.30667715691
  0
LWPOLYLINE
  5
182E7
330
70
100
AcDbEntity
  8
COLS
100
AcDbPolyline
 90
        4
 70
     1
 43
0.0
 10
15184.80588681845
 20
10589.78647961822
 10
15172.80588681845
 20
10589.78647961822
 10
15172.80588681845
 20
10565.78647961822
 10
15184.80588681845
 20
10565.78647961822
  0
LWPOLYLINE
  5
182E8
330
70
100
AcDbEntity
  8
COLS
100
AcDbPolyline
 90
        4
 70
     1
 43
0.0
 10
16217.72428022699
 20
10486.30667715691
 10
16235.724280227
 20
10486.30667715691
 10
16235.724280227
 20
10498.30667715691
 10
16217.72428022699
 20
10498.30667715691
  0
LWPOLYLINE
  5
182E9
330
70
100
AcDbEntity
  8
COLS
100
AcDbPolyline
 90
        4
 70
     1
 43
0.0
 10
15184.66312308175
 20
10733.16096366294
 10
15172.66312308175
 20
10733.16096366294
 10
15172.66312308175
 20
10709.16096366294
 10
15184.66312308175
 20
10709.16096366294
  0
LWPOLYLINE
  5
182EA
330
70
100
AcDbEntity
  8
COLS
100
AcDbPolyline
 90
        4
 70
     1
 43
0.0
 10
15353.06105910102
 20
10989.43934800455
 10
15343.08666057355
 20
10996.11103250062
 10
15329.7432915814
 20
10976.16223544568
 10
15339.71769010887
 20
10969.4905509496
  0
LWPOLYLINE
  5
182EB
330
70
100
AcDbEntity
  8
COLS
100
AcDbPolyline
 90
        4
 70
     1
 43
0.0
 10
15509.14797945773
 20
11222.79467970223
 10
15499.17358093026
 20
11229.4663641983
 10
15485.83021193811
 20
11209.51756714335
 10
15495.80461046558
 20
11202.84588264728
  0
LWPOLYLINE
  5
182EC
330
70
100
AcDbEntity
  8
COLS
100
AcDbPolyline
 90
        4
 70
     1
 43
0.0
 10
15635.35276090387
 20
11411.47518264822
 10
15625.3783623764
 20
11418.1468671443
 10
15612.03499338425
 20
11398.19807008935
 10
15622.00939191172
 20
11391.52638559328
  0
LWPOLYLINE
  5
182ED
330
70
100
AcDbEntity
  8
COLS
100
AcDbPolyline
 90
        4
 70
     1
 43
0.0
 10
16237.06735472529
 20
11051.10759589502
 10
16227.05982798118
 20
11036.14599810381
 10
16237.03422650865
 20
11029.47431360774
 10
16247.04175325276
 20
11044.43591139895
  0
LWPOLYLINE
  5
182EE
330
70
100
AcDbEntity
  8
COLS
100
AcDbPolyline
 90
        4
 70
     1
 43
0.0
 10
16071.29303189705
 20
10646.5714578176
 10
16071.29303189705
 20
10634.5714578176
 10
16095.29303189705
 20
10634.5714578176
 10
16095.29303189705
 20
10646.5714578176
  0
LWPOLYLINE
  5
182EF
330
70
100
AcDbEntity
  8
COLS
100
AcDbPolyline
 90
        4
 70
     1
 43
0.0
 10
16239.79281689376
 20
10766.32540164778
 10
16239.79281689376
 20
10754.32540164778
 10
16263.79281689376
 20
10754.32540164778
 10
16263.79281689376
 20
10766.32540164778
  0
LWPOLYLINE
  5
182F0
330
70
100
AcDbEntity
  8
COLS
100
AcDbPolyline
 90
        4
 70
     1
 43
0.0
 10
15753.91312308176
 20
10498.30667715691
 10
15753.91312308176
 20
10486.30667715691
 10
15777.91312308176
 20
10486.30667715691
 10
15777.91312308176
 20
10498.30667715691
  0
LWPOLYLINE
  5
182F1
330
70
100
AcDbEntity
  8
COLS
100
AcDbPolyline
 90
        4
 70
     1
 43
0.0
 10
15945.29303189706
 20
10642.31417485386
 10
15945.29303189706
 20
10630.31417485386
 10
15969.29303189706
 20
10630.31417485386
 10
15969.29303189706
 20
10642.31417485386
  0
LWPOLYLINE
  5
182F2
330
70
100
AcDbEntity
  8
COLS
100
AcDbPolyline
 90
        4
 70
     1
 43
0.0
 10
15352.91312308175
 20
10630.57015852983
 10
15364.91312308175
 20
10630.57015852983
 10
15364.91312308175
 20
10654.57015852983
 10
15352.91312308175
 20
10654.57015852983
  0
LWPOLYLINE
  5
182F3
330
70
100
AcDbEntity
  8
COLS
100
AcDbPolyline
 90
        4
 70
     1
 43
0.0
 10
15464.58939299315
 20
10821.8591440435
 10
15464.58960799838
 20
10833.85914404158
 10
15440.58960800223
 20
10833.85957405202
 10
15440.589392997
 20
10821.85957405395
  0
LWPOLYLINE
  5
182F4
330
70
100
AcDbEntity
  8
COLS
100
AcDbPolyline
 90
        4
 70
     1
 43
0.0
 10
16114.79281689372
 20
10803.56417485551
 10
16126.79281689372
 20
10803.56417485551
 10
16126.79281689372
 20
10827.56417485551
 10
16114.79281689372
 20
10827.56417485551
  0
LWPOLYLINE
  5
182F5
330
70
100
AcDbEntity
  8
COLS
100
AcDbPolyline
 90
        4
 70
     1
 43
0.0
 10
16109.02444927445
 20
10976.85760737344
 10
16119.031632654
 20
10991.81943482894
 10
16109.057081017
 20
10998.49089041532
 10
16099.04989763745
 20
10983.52906295982
  0
LWPOLYLINE
  5
182F6
330
70
100
AcDbEntity
  8
COLS
100
AcDbPolyline
 90
        4
 70
     1
 43
0.0
 10
15689.39631109205
 20
11068.24217670387
 10
15696.06799558813
 20
11078.21657523134
 10
15676.11919853318
 20
11091.55994422349
 10
15669.4475140371
 20
11081.58554569602
  0
LWPOLYLINE
  5
182F7
330
70
100
AcDbEntity
  8
COLS
100
AcDbPolyline
 90
        4
 70
     1
 43
0.0
 10
16016.15602788278
 20
11143.52904694699
 10
16026.16355462689
 20
11158.4906447382
 10
16016.18915609941
 20
11165.16232923427
 10
16006.1816293553
 20
11150.20073144306
  0
CIRCLE
  5
182F8
330
70
100
AcDbEntity
  8
COLS
100
AcDbCircle
 10
15828.70504832997
 20
11313.87461818449
 30
0.0
 40
8.999999999999849
  0
LWPOLYLINE
  5
1830D
330
70
100
AcDbEntity
  8
COLS
100
AcDbPolyline
 90
        4
 70
     1
 43
0.0
 10
15753.91312308176
 20
7504.306677156908
 10
15753.91312308176
 20
7492.30667715691
 10
15777.91312308176
 20
7492.30667715691
 10
15777.91312308176
 20
7504.306677156908
  0
LWPOLYLINE
  5
1830E
330
70
100
AcDbEntity
  8
COLS
100
AcDbPolyline
 90
        4
 70
     1
 43
0.0
 10
15530.57516230216
 20
7486.30667715691
 10
15530.57516230216
 20
7498.30667715691
 10
15506.57516230216
 20
7498.30667715691
 10
15506.57516230216
 20
7486.30667715691
  0
LWPOLYLINE
  5
1830F
330
70
100
AcDbEntity
  8
COLS
100
AcDbPolyline
 90
        4
 70
     1
 43
0.0
 10
15184.80588681845
 20
7589.786479618222
 10
15172.80588681845
 20
7589.786479618222
 10
15172.80588681845
 20
7565.786479618221
 10
15184.80588681845
 20
7565.786479618221
  0
LWPOLYLINE
  5
18310
330
70
100
AcDbEntity
  8
COLS
100
AcDbPolyline
 90
        4
 70
     1
 43
0.0
 10
16217.72428022699
 20
7486.306677156907
 10
16235.724280227
 20
7486.306677156907
 10
16235.724280227
 20
7498.306677156907
 10
16217.72428022699
 20
7498.306677156907
  0
LWPOLYLINE
  5
18311
330
70
100
AcDbEntity
  8
COLS
100
AcDbPolyline
 90
        4
 70
     1
 43
0.0
 10
15184.66312308175
 20
7733.160963662938
 10
15172.66312308175
 20
7733.160963662938
 10
15172.66312308175
 20
7709.160963662938
 10
15184.66312308175
 20
7709.160963662938
  0
LWPOLYLINE
  5
18312
330
70
100
AcDbEntity
  8
COLS
100
AcDbPolyline
 90
        4
 70
     1
 43
0.0
 10
15353.06105910102
 20
7989.439348004548
 10
15343.08666057355
 20
7996.111032500625
 10
15329.7432915814
 20
7976.162235445679
 10
15339.71769010887
 20
7969.490550949605
  0
LWPOLYLINE
  5
18313
330
70
100
AcDbEntity
  8
COLS
100
AcDbPolyline
 90
        4
 70
     1
 43
0.0
 10
15509.14797945773
 20
8222.794679702223
 10
15499.17358093026
 20
8229.4663641983
 10
15485.83021193811
 20
8209.517567143356
 10
15495.80461046558
 20
8202.845882647279
  0
LWPOLYLINE
  5
18314
330
70
100
AcDbEntity
  8
COLS
100
AcDbPolyline
 90
        4
 70
     1
 43
0.0
 10
15635.35276090387
 20
8411.475182648226
 10
15625.3783623764
 20
8418.146867144299
 10
15612.03499338425
 20
8398.198070089359
 10
15622.00939191172
 20
8391.526385593286
  0
LWPOLYLINE
  5
18315
330
70
100
AcDbEntity
  8
COLS
100
AcDbPolyline
 90
        4
 70
     1
 43
0.0
 10
16237.06735472528
 20
8051.107595895016
 10
16227.05982798117
 20
8036.145998103807
 10
16237.03422650864
 20
8029.474313607734
 10
16247.04175325276
 20
8044.435911398942
  0
LWPOLYLINE
  5
18316
330
70
100
AcDbEntity
  8
COLS
100
AcDbPolyline
 90
        4
 70
     1
 43
0.0
 10
16071.29303189705
 20
7646.571457817602
 10
16071.29303189705
 20
7634.571457817603
 10
16095.29303189705
 20
7634.571457817603
 10
16095.29303189705
 20
7646.571457817602
  0
LWPOLYLINE
  5
18317
330
70
100
AcDbEntity
  8
COLS
100
AcDbPolyline
 90
        4
 70
     1
 43
0.0
 10
16239.79281689376
 20
7766.32540164778
 10
16239.79281689376
 20
7754.325401647776
 10
16263.79281689376
 20
7754.325401647776
 10
16263.79281689376
 20
7766.32540164778
  0
LWPOLYLINE
  5
18318
330
70
100
AcDbEntity
  8
COLS
100
AcDbPolyline
 90
        4
 70
     1
 43
0.0
 10
15976.16781689375
 20
7504.306677156908
 10
15976.16781689375
 20
7492.30667715691
 10
16000.16781689375
 20
7492.30667715691
 10
16000.16781689375
 20
7504.306677156908
  0
LWPOLYLINE
  5
18319
330
70
100
AcDbEntity
  8
COLS
100
AcDbPolyline
 90
        4
 70
     1
 43
0.0
 10
15945.29303189705
 20
7642.314174853867
 10
15945.29303189705
 20
7630.314174853868
 10
15969.29303189705
 20
7630.314174853868
 10
15969.29303189705
 20
7642.314174853867
  0
LWPOLYLINE
  5
1831A
330
70
100
AcDbEntity
  8
COLS
100
AcDbPolyline
 90
        4
 70
     1
 43
0.0
 10
15352.91312308175
 20
7630.570158529834
 10
15364.91312308175
 20
7630.570158529834
 10
15364.91312308175
 20
7654.570158529833
 10
15352.91312308175
 20
7654.570158529833
  0
LWPOLYLINE
  5
1831B
330
70
100
AcDbEntity
  8
COLS
100
AcDbPolyline
 90
        4
 70
     1
 43
0.0
 10
15464.58939299315
 20
7821.859144043497
 10
15464.58960799838
 20
7833.859144041571
 10
15440.58960800223
 20
7833.859574052019
 10
15440.589392997
 20
7821.859574053945
  0
LWPOLYLINE
  5
1831C
330
70
100
AcDbEntity
  8
COLS
100
AcDbPolyline
 90
        4
 70
     1
 43
0.0
 10
16114.79281689372
 20
7803.564174855505
 10
16126.79281689372
 20
7803.564174855505
 10
16126.79281689372
 20
7827.564174855504
 10
16114.79281689372
 20
7827.564174855504
  0
LWPOLYLINE
  5
1831D
330
70
100
AcDbEntity
  8
COLS
100
AcDbPolyline
 90
        4
 70
     1
 43
0.0
 10
16109.02444927445
 20
7976.85760737345
 10
16119.031632654
 20
7991.819434828943
 10
16109.057081017
 20
7998.490890415311
 10
16099.04989763745
 20
7983.529062959816
  0
LWPOLYLINE
  5
1831E
330
70
100
AcDbEntity
  8
COLS
100
AcDbPolyline
 90
        4
 70
     1
 43
0.0
 10
15689.39631109205
 20
8068.242176703867
 10
15696.06799558813
 20
8078.216575231337
 10
15676.11919853318
 20
8091.559944223488
 10
15669.4475140371
 20
8081.585545696015
  0
LWPOLYLINE
  5
1831F
330
70
100
AcDbEntity
  8
COLS
100
AcDbPolyline
 90
        4
 70
     1
 43
0.0
 10
16016.15602788277
 20
8143.529046946991
 10
16026.16355462689
 20
8158.490644738199
 10
16016.18915609941
 20
8165.162329234275
 10
16006.1816293553
 20
8150.200731443067
  0
CIRCLE
  5
18320
330
70
100
AcDbEntity
  8
COLS
100
AcDbCircle
 10
15828.70504832997
 20
8313.87461818449
 30
0.0
 40
8.999999999999849
  0
LWPOLYLINE
  5
18345
330
70
100
AcDbEntity
  8
WALL
100
AcDbPolyline
 90
        9
 70
     1
 43
0.0
 10
15754.76862245771
 20
7705.072101756717
 10
15749.2088853774
 20
7696.760102983455
 10
15667.128412651
 20
7751.663276824944
 10
15782.77094392138
 20
7924.552851308745
 10
15788.33068956282
 20
7932.864844355504
 10
15870.41115372809
 20
7877.961676240516
 10
15864.85141664778
 20
7869.649677467257
 10
15791.08289052658
 20
7918.993036236193
 10
15681.00009633651
 20
7754.415460525653
  0
LWPOLYLINE
  5
18346
330
70
100
AcDbEntity
  8
WALL
100
AcDbPolyline
 90
        6
 70
     1
 43
0.0
 10
15605.20109154185
 20
7798.800785271216
 10
15596.88914493664
 20
7804.360600343767
 10
15755.49170127974
 20
8041.476894642876
 10
15833.35864170919
 20
7989.391309269386
 10
15827.79890462913
 20
7981.079310496497
 10
15758.24309533705
 20
8027.603861644887
  0
LWPOLYLINE
  5
18361
330
70
100
AcDbEntity
  8
WALL
100
AcDbPolyline
 90
        9
 70
     1
 43
0.0
 10
15754.76862245771
 20
10705.07210175671
 10
15749.2088853774
 20
10696.76010298345
 10
15667.128412651
 20
10751.66327682494
 10
15782.77094392138
 20
10924.55285130874
 10
15788.33068956282
 20
10932.8648443555
 10
15870.41115372809
 20
10877.96167624051
 10
15864.85141664778
 20
10869.64967746725
 10
15791.08289052658
 20
10918.99303623619
 10
15681.00009633651
 20
10754.41546052565
  0
LWPOLYLINE
  5
18362
330
70
100
AcDbEntity
  8
WALL
100
AcDbPolyline
 90
        6
 70
     1
 43
0.0
 10
15605.20109154185
 20
10798.80078527121
 10
15596.88914493664
 20
10804.36060034376
 10
15755.49170127974
 20
11041.47689464287
 10
15833.35864170919
 20
10989.39130926938
 10
15827.79890462913
 20
10981.07931049649
 10
15758.24309533705
 20
11027.60386164488
  0
LWPOLYLINE
  5
18363
330
70
100
AcDbEntity
  8
WALL
100
AcDbPolyline
 90
        9
 70
     1
 43
0.0
 10
15754.76862245771
 20
13705.07210175671
 10
15749.2088853774
 20
13696.76010298345
 10
15667.128412651
 20
13751.66327682494
 10
15782.77094392138
 20
13924.55285130874
 10
15788.33068956282
 20
13932.8648443555
 10
15870.41115372809
 20
13877.96167624051
 10
15864.85141664778
 20
13869.64967746725
 10
15791.08289052658
 20
13918.99303623619
 10
15681.00009633651
 20
13754.41546052565
  0
LWPOLYLINE
  5
18364
330
70
100
AcDbEntity
  8
WALL
100
AcDbPolyline
 90
        6
 70
     1
 43
0.0
 10
15605.20109154185
 20
13798.80078527121
 10
15596.88914493664
 20
13804.36060034377
 10
15755.49170127974
 20
14041.47689464287
 10
15833.35864170919
 20
13989.39130926938
 10
15827.79890462913
 20
13981.07931049649
 10
15758.24309533705
 20
14027.60386164488
  0
LWPOLYLINE
  5
183D0
330
70
100
AcDbEntity
  8
BOUNDARY
100
AcDbPolyline
 90
        4
 70
     1
 43
0.0
 10
16096.47719683631
 20
13487.34567700357
 10
16216.47719683631
 20
13487.34567700357
 10
16216.47719683631
 20
13436.98767951275
 10
16096.47719683631
 20
13436.98767951275
  0
LWPOLYLINE
  5
183D1
330
70
100
AcDbEntity
  8
BOUNDARY
100
AcDbPolyline
 90
        4
 70
     1
 43
0.0
 10
15647.75038961838
 20
13487.34567700357
 10
15767.75038961838
 20
13487.34567700357
 10
15767.75038961838
 20
13436.97831376323
 10
15647.75038961838
 20
13436.97831376323
  0
LWPOLYLINE
  5
183D2
330
70
100
AcDbEntity
  8
BOUNDARY
100
AcDbPolyline
 90
        4
 70
     1
 43
0.0
 10
15224.02358240062
 20
13487.34567700357
 10
15344.02358240046
 20
13487.34567700357
 10
15344.02358240046
 20
13436.98767951275
 10
15224.02358240062
 20
13436.98767951275
  0
LWPOLYLINE
  5
183D3
330
70
100
AcDbEntity
  8
BOUNDARY
100
AcDbPolyline
 90
        4
 70
     1
 43
0.0
 10
16197.85417844786
 20
14127.05264894275
 10
16256.96937257503
 20
14087.51162568661
 10
16234.82838670592
 20
14054.41008783968
 10
16175.71319257875
 20
14093.95111109581
  0
LWPOLYLINE
  5
183D4
330
70
100
AcDbEntity
  8
BOUNDARY
100
AcDbPolyline
 90
        4
 70
     1
 43
0.0
 10
16065.40238434041
 20
14215.64272234965
 10
16124.51757846758
 20
14176.10169909353
 10
16102.37659259846
 20
14143.00016124659
 10
16043.2613984713
 20
14182.54118450273
  0
LWPOLYLINE
  5
183D5
330
70
100
AcDbEntity
  8
BOUNDARY
100
AcDbPolyline
 90
        4
 70
     1
 43
0.0
 10
15727.50952031374
 20
14440.47025524441
 10
15817.86851049719
 20
14380.03084430109
 10
15796.27682651213
 20
14347.7505725086
 10
15705.91783632868
 20
14408.18998345192
  0
LWPOLYLINE
  5
183D6
330
70
100
AcDbEntity
  8
BOUNDARY
100
AcDbPolyline
 90
       28
 70
     1
 43
0.0
 10
15214.15433521812
 20
13487.34567700357
 10
15204.33824652353
 20
13488.20447348452
 10
15196.2435951659
 20
13491.15068563546
 10
15188.56392266562
 20
13496.52805021113
 10
15183.02685503061
 20
13503.1268704576
 10
15179.06474584045
 20
13511.62364103569
 10
15177.52721632616
 20
13521.80155089419
 10
15177.52721632616
 20
13521.80155089419
 10
15173.35809021679
 20
13521.80155089419
 10
15173.35809021679
 20
13742.36096334903
 10
15626.07328517999
 20
14419.18580071425
 10
15627.78763492705
 20
14418.03910494138
 10
15636.47406317609
 20
14426.30095498631
 10
15650.97295515742
 20
14432.25465831578
 10
15664.36109013601
 20
14432.25465831578
 10
15677.6725979942
 20
14427.08067490702
 10
15705.91783632868
 20
14408.18998345192
 10
16248.34609754586
 20
14045.36808052907
 10
16274.73778402879
 20
14030.13083323378
 10
16274.73778402879
 20
13524.6024051985
 10
16274.73778402879
 20
13523.34567700357
 10
16272.56671837709
 20
13511.03295184385
 10
16269.91469856504
 20
13505.34567700357
 10
16264.19362815151
 20
13497.88983288086
 10
16259.38653573743
 20
13493.85620340917
 10
16253.95204145146
 20
13490.71859667026
 10
16248.05526965249
 20
13488.57234725717
 10
16238.73778402879
 20
13487.34567700357
  0
LWPOLYLINE
  5
1849C
330
70
100
AcDbEntity
  8
BOUNDARY
100
AcDbPolyline
 90
       28
 70
     1
 43
0.0
 10
15214.15433521812
 20
10487.34567700358
 10
15204.33824652353
 20
10488.20447348452
 10
15196.2435951659
 20
10491.15068563545
 10
15188.56392266562
 20
10496.52805021113
 10
15183.02685503061
 20
10503.12687045759
 10
15179.06474584045
 20
10511.62364103569
 10
15177.52721632616
 20
10521.8015508942
 10
15177.52721632616
 20
10521.8015508942
 10
15173.35809021679
 20
10521.8015508942
 10
15173.35809021679
 20
10742.36096334903
 10
15626.07328517999
 20
11419.18580071425
 10
15627.78763492705
 20
11418.03910494138
 10
15636.47406317609
 20
11426.30095498631
 10
15650.97295515742
 20
11432.25465831578
 10
15664.36109013601
 20
11432.25465831578
 10
15677.6725979942
 20
11427.08067490703
 10
15705.91783632868
 20
11408.18998345191
 10
16248.34609754586
 20
11045.36808052906
 10
16274.73778402879
 20
11030.13083323377
 10
16274.73778402879
 20
10524.6024051985
 10
16274.73778402879
 20
10523.34567700357
 10
16272.56671837709
 20
10511.03295184385
 10
16269.91469856504
 20
10505.34567700357
 10
16264.19362815151
 20
10497.88983288086
 10
16259.38653573743
 20
10493.85620340917
 10
16253.95204145146
 20
10490.71859667026
 10
16248.05526965249
 20
10488.57234725717
 10
16238.73778402879
 20
10487.34567700358
  0
POINT
  5
1865A
330
70
100
AcDbEntity
  8
POINT
100
AcDbPoint
 10
15828.70504832996
 20
8313.87461818449
 30
0.0
  0
POINT
  5
1865B
330
70
100
AcDbEntity
  8
POINT
100
AcDbPoint
 10
16016.17259199122
 20
8154.345688090733
 30
0.0
  0
POINT
  5
1865C
330
70
100
AcDbEntity
  8
POINT
100
AcDbPoint
 10
15682.75775481262
 20
8079.901060463674
 30
0.0
  0
POINT
  5
1865D
330
70
100
AcDbEntity
  8
POINT
100
AcDbPoint
 10
16109.04076514573
 20
7987.67424889438
 30
0.0
  0
POINT
  5
1865E
330
70
100
AcDbEntity
  8
POINT
100
AcDbPoint
 10
16120.79281689372
 20
7815.564174855501
 30
0.0
  0
POINT
  5
1865F
330
70
100
AcDbEntity
  8
POINT
100
AcDbPoint
 10
15452.58950049769
 20
7827.859359047756
 30
0.0
  0
POINT
  5
18660
330
70
100
AcDbEntity
  8
POINT
100
AcDbPoint
 10
15358.91312308175
 20
7642.570158529832
 30
0.0
  0
POINT
  5
18661
330
70
100
AcDbEntity
  8
POINT
100
AcDbPoint
 10
15957.29303189705
 20
7636.314174853868
 30
0.0
  0
POINT
  5
18662
330
70
100
AcDbEntity
  8
POINT
100
AcDbPoint
 10
15988.16781689375
 20
7498.30667715691
 30
0.0
  0
POINT
  5
18663
330
70
100
AcDbEntity
  8
POINT
100
AcDbPoint
 10
16251.79281689375
 20
7760.325401647779
 30
0.0
  0
POINT
  5
18664
330
70
100
AcDbEntity
  8
POINT
100
AcDbPoint
 10
16083.29303189705
 20
7640.571457817602
 30
0.0
  0
POINT
  5
18665
330
70
100
AcDbEntity
  8
POINT
100
AcDbPoint
 10
16237.05079061696
 20
8040.290954751375
 30
0.0
  0
POINT
  5
18666
330
70
100
AcDbEntity
  8
POINT
100
AcDbPoint
 10
15623.69387714404
 20
8404.836626368771
 30
0.0
  0
POINT
  5
18667
330
70
100
AcDbEntity
  8
POINT
100
AcDbPoint
 10
15497.48909569792
 20
8216.15612342279
 30
0.0
  0
POINT
  5
18668
330
70
100
AcDbEntity
  8
POINT
100
AcDbPoint
 10
15341.40217534121
 20
7982.800791725114
 30
0.0
  0
POINT
  5
18669
330
70
100
AcDbEntity
  8
POINT
100
AcDbPoint
 10
15178.66312308175
 20
7721.160963662939
 30
0.0
  0
POINT
  5
1866A
330
70
100
AcDbEntity
  8
POINT
100
AcDbPoint
 10
16226.72428022699
 20
7492.306677156907
 30
0.0
  0
POINT
  5
1866B
330
70
100
AcDbEntity
  8
POINT
100
AcDbPoint
 10
15178.80588681845
 20
7577.786479618223
 30
0.0
  0
POINT
  5
1866C
330
70
100
AcDbEntity
  8
POINT
100
AcDbPoint
 10
15518.57516230216
 20
7492.30667715691
 30
0.0
  0
POINT
  5
1866D
330
70
100
AcDbEntity
  8
POINT
100
AcDbPoint
 10
15765.91312308176
 20
7498.30667715691
 30
0.0
  0
POINT
  5
18682
330
70
100
AcDbEntity
  8
POINT
100
AcDbPoint
 10
15828.70504832996
 20
11313.87461818449
 30
0.0
  0
POINT
  5
18683
330
70
100
AcDbEntity
  8
POINT
100
AcDbPoint
 10
16016.17259199171
 20
11154.34568809533
 30
0.0
  0
POINT
  5
18684
330
70
100
AcDbEntity
  8
POINT
100
AcDbPoint
 10
15682.75775481252
 20
11079.90106046254
 30
0.0
  0
POINT
  5
18685
330
70
100
AcDbEntity
  8
POINT
100
AcDbPoint
 10
16109.04076514649
 20
10987.67424889967
 30
0.0
  0
POINT
  5
18686
330
70
100
AcDbEntity
  8
POINT
100
AcDbPoint
 10
16120.79281689373
 20
10815.56417485549
 30
0.0
  0
POINT
  5
18687
330
70
100
AcDbEntity
  8
POINT
100
AcDbPoint
 10
15452.58950049771
 20
10827.85935904839
 30
0.0
  0
POINT
  5
18688
330
70
100
AcDbEntity
  8
POINT
100
AcDbPoint
 10
15358.91312308175
 20
10642.57015852982
 30
0.0
  0
POINT
  5
18689
330
70
100
AcDbEntity
  8
POINT
100
AcDbPoint
 10
15957.29303189619
 20
10636.31417484709
 30
0.0
  0
POINT
  5
1868A
330
70
100
AcDbEntity
  8
POINT
100
AcDbPoint
 10
15765.91312308174
 20
10492.30667715694
 30
0.0
  0
POINT
  5
1868B
330
70
100
AcDbEntity
  8
POINT
100
AcDbPoint
 10
16251.79281689495
 20
10760.32540165452
 30
0.0
  0
POINT
  5
1868C
330
70
100
AcDbEntity
  8
POINT
100
AcDbPoint
 10
16083.29303189706
 20
10640.57145781755
 30
0.0
  0
POINT
  5
1868D
330
70
100
AcDbEntity
  8
POINT
100
AcDbPoint
 10
16237.05079061627
 20
11040.29095474747
 30
0.0
  0
POINT
  5
1868E
330
70
100
AcDbEntity
  8
POINT
100
AcDbPoint
 10
15623.69387714389
 20
11404.83662636661
 30
0.0
  0
POINT
  5
1868F
330
70
100
AcDbEntity
  8
POINT
100
AcDbPoint
 10
15497.48909569808
 20
11216.15612342589
 30
0.0
  0
POINT
  5
18690
330
70
100
AcDbEntity
  8
POINT
100
AcDbPoint
 10
15341.40217534122
 20
10982.80079172575
 30
0.0
  0
POINT
  5
18691
330
70
100
AcDbEntity
  8
POINT
100
AcDbPoint
 10
15178.66312308175
 20
10721.16096366298
 30
0.0
  0
POINT
  5
18692
330
70
100
AcDbEntity
  8
POINT
100
AcDbPoint
 10
16226.72428022853
 20
10492.30667716553
 30
0.0
  0
POINT
  5
18693
330
70
100
AcDbEntity
  8
POINT
100
AcDbPoint
 10
15178.80588681845
 20
10577.78647961815
 30
0.0
  0
POINT
  5
18694
330
70
100
AcDbEntity
  8
POINT
100
AcDbPoint
 10
15518.57516230207
 20
10492.30667715525
 30
0.0
  0
POINT
  5
18695
330
70
100
AcDbEntity
  8
POINT
100
AcDbPoint
 10
15994.16781689375
 20
10498.30667715692
 30
0.0
  0
POINT
  5
18696
330
70
100
AcDbEntity
  8
POINT
100
AcDbPoint
 10
15828.70504832996
 20
14313.87461818448
 30
0.0
  0
POINT
  5
18697
330
70
100
AcDbEntity
  8
POINT
100
AcDbPoint
 10
16016.17259199108
 20
14154.3456880905
 30
0.0
  0
POINT
  5
18698
330
70
100
AcDbEntity
  8
POINT
100
AcDbPoint
 10
15682.75775481262
 20
14079.90106046388
 30
0.0
  0
POINT
  5
18699
330
70
100
AcDbEntity
  8
POINT
100
AcDbPoint
 10
16109.04076514573
 20
13987.67424889465
 30
0.0
  0
POINT
  5
1869A
330
70
100
AcDbEntity
  8
POINT
100
AcDbPoint
 10
16120.79281689372
 20
13815.56417485545
 30
0.0
  0
POINT
  5
1869B
330
70
100
AcDbEntity
  8
POINT
100
AcDbPoint
 10
15358.91312308175
 20
13642.57015852979
 30
0.0
  0
POINT
  5
1869C
330
70
100
AcDbEntity
  8
POINT
100
AcDbPoint
 10
15957.29303189706
 20
13636.31417485376
 30
0.0
  0
POINT
  5
1869D
330
70
100
AcDbEntity
  8
POINT
100
AcDbPoint
 10
15765.91312308242
 20
13492.30667716636
 30
0.0
  0
POINT
  5
1869E
330
70
100
AcDbEntity
  8
POINT
100
AcDbPoint
 10
16251.79281689376
 20
13760.32540164772
 30
0.0
  0
POINT
  5
1869F
330
70
100
AcDbEntity
  8
POINT
100
AcDbPoint
 10
16083.29303189901
 20
13640.57145783735
 30
0.0
  0
POINT
  5
186A0
330
70
100
AcDbEntity
  8
POINT
100
AcDbPoint
 10
16237.05079061849
 20
14040.29095476485
 30
0.0
  0
POINT
  5
186A1
330
70
100
AcDbEntity
  8
POINT
100
AcDbPoint
 10
15458.58960799935
 20
13833.85925154448
 30
0.0
  0
POINT
  5
186A2
330
70
100
AcDbEntity
  8
POINT
100
AcDbPoint
 10
15623.69387714403
 20
14404.83662636849
 30
0.0
  0
POINT
  5
186A3
330
70
100
AcDbEntity
  8
POINT
100
AcDbPoint
 10
15497.48909569784
 20
14216.15612342023
 30
0.0
  0
POINT
  5
186A4
330
70
100
AcDbEntity
  8
POINT
100
AcDbPoint
 10
15341.40217534121
 20
13982.80079172466
 30
0.0
  0
POINT
  5
186A5
330
70
100
AcDbEntity
  8
POINT
100
AcDbPoint
 10
15178.66312308175
 20
13721.16096366323
 30
0.0
  0
POINT
  5
186A6
330
70
100
AcDbEntity
  8
POINT
100
AcDbPoint
 10
16226.72428022696
 20
13492.30667715723
 30
0.0
  0
POINT
  5
186A7
330
70
100
AcDbEntity
  8
POINT
100
AcDbPoint
 10
15178.80588681845
 20
13577.78647961795
 30
0.0
  0
POINT
  5
186A8
330
70
100
AcDbEntity
  8
POINT
100
AcDbPoint
 10
15518.57516230216
 20
13492.3066771568
 30
0.0
  0
POINT
  5
186A9
330
70
100
AcDbEntity
  8
POINT
100
AcDbPoint
 10
15994.16781689374
 20
13498.30667715701
 30
0.0
  0
TEXT
  5
18860
330
70
100
AcDbEntity
  8
FLOOR NUMBER
100
AcDbText
 10
12822.40868516503
 20
23020.48475490678
 30
0.0
 40
349.2169850502524
  1
ROOF
100
AcDbText
  0
MTEXT
  5
188C2
330
70
100
AcDbEntity
  8
COLUMN NUMBER
100
AcDbMText
 10
15176.77415644227
 20
19723.05271126324
 30
0.0
 40
4.499999999999995
 41
4.393499999999995
 46
0.0
 71
     1
 72
     5
  1
\fSegoe UI|b1|i0|c0|p34|;9
  7
Segoe UI_B
 73
     2
 44
1.0
1001
REVIT
1002
{
1070
     1
1000
8914872
1002
}
1002
{
1070
     5
1000
8914810
1002
}
1002
{
1070
     2
1000
-2005018
1002
}
  0
MTEXT
  5
188C3
330
70
100
AcDbEntity
  8
COLUMN NUMBER
100
AcDbMText
 10
15337.70848429228
 20
19984.69253932541
 30
0.0
 40
4.499999999999995
 41
8.78699999999999
 46
0.0
 71
     1
 72
     5
  1
15
  7
Segoe UI_B
 73
     2
 44
1.0
1001
REVIT
1002
{
1070
     1
1000
8914873
1002
}
1002
{
1070
     5
1000
8914810
1002
}
1002
{
1070
     2
1000
-2005018
1002
}
  0
MTEXT
  5
188C4
330
70
100
AcDbEntity
  8
COLUMN NUMBER
100
AcDbMText
 10
15493.79540464899
 20
20218.04787102309
 30
0.0
 40
4.499999999999995
 41
8.78699999999999
 46
0.0
 71
     1
 72
     5
  1
16
  7
Segoe UI_B
 73
     2
 44
1.0
1001
REVIT
1002
{
1070
     1
1000
8914874
1002
}
1002
{
1070
     5
1000
8914810
1002
}
1002
{
1070
     2
1000
-2005018
1002
}
  0
MTEXT
  5
188C5
330
70
100
AcDbEntity
  8
COLUMN NUMBER
100
AcDbMText
 10
15351.02415644227
 20
19638.20592245418
 30
0.0
 40
4.499999999999995
 41
4.393499999999995
 46
0.0
 71
     1
 72
     5
  1
\fSegoe UI|b1|i0|c0|p34|;8
  7
Segoe UI_B
 73
     2
 44
1.0
1001
REVIT
1002
{
1070
     1
1000
8914875
1002
}
1002
{
1070
     5
1000
8914810
1002
}
1002
{
1070
     2
1000
-2005018
1002
}
  0
MTEXT
  5
188C6
330
70
100
AcDbEntity
  8
COLUMN NUMBER
100
AcDbMText
 10
16093.40406525757
 20
19642.4632054179
 30
0.0
 40
4.499999999999995
 41
4.393499999999995
 46
0.0
 71
     1
 72
     5
  1
\fSegoe UI|b1|i0|c0|p34|;6
  7
Segoe UI_B
 73
     2
 44
1.0
1001
REVIT
1002
{
1070
     1
1000
8914877
1002
}
1002
{
1070
     5
1000
8914810
1002
}
1002
{
1070
     2
1000
-2005018
1002
}
  0
MTEXT
  5
188C7
330
70
100
AcDbEntity
  8
COLUMN NUMBER
100
AcDbMText
 10
16017.4661002059
 20
20152.90159344292
 30
0.0
 40
4.499999999999995
 41
8.78699999999999
 46
0.0
 71
     1
 72
     5
  1
18
  7
Segoe UI_B
 73
     2
 44
1.0
1001
REVIT
1002
{
1070
     1
1000
8914881
1002
}
1002
{
1070
     5
1000
8914810
1002
}
1002
{
1070
     2
1000
-2005018
1002
}
  0
MTEXT
  5
188C8
330
70
100
AcDbEntity
  8
COLUMN NUMBER
100
AcDbMText
 10
16108.34898003269
 20
19987.78063596611
 30
0.0
 40
4.499999999999995
 41
8.78699999999999
 46
0.0
 71
     1
 72
     5
  1
14
  7
Segoe UI_B
 73
     2
 44
1.0
1001
REVIT
1002
{
1070
     1
1000
8914882
1002
}
1002
{
1070
     5
1000
8914810
1002
}
1002
{
1070
     2
1000
-2005018
1002
}
  0
MTEXT
  5
188C9
330
70
100
AcDbEntity
  8
COLUMN NUMBER
100
AcDbMText
 10
16247.09287015759
 20
19856.32842245416
 30
0.0
 40
4.499999999999995
 41
13.63499999999999
 46
0.0
 71
     1
 72
     5
  1
12b
  7
Segoe UI_B
 73
     2
 44
1.0
1001
REVIT
1002
{
1070
     1
1000
8914883
1002
}
1002
{
1070
     5
1000
8914810
1002
}
1002
{
1070
     2
1000
-2005018
1002
}
  0
MTEXT
  5
188CA
330
70
100
AcDbEntity
  8
COLUMN NUMBER
100
AcDbMText
 10
15526.69249487528
 20
19494.19842475721
 30
0.0
 40
4.499999999999995
 41
9.241499999999991
 46
0.0
 71
     1
 72
     5
  1
2b
  7
Segoe UI_B
 73
     2
 44
1.0
1001
REVIT
1002
{
1070
     1
1000
8914885
1002
}
1002
{
1070
     5
1000
8914810
1002
}
1002
{
1070
     2
1000
-2005018
1002
}
  0
MTEXT
  5
188CB
330
70
100
AcDbEntity
  8
COLUMN NUMBER
100
AcDbMText
 10
16248.37754762856
 20
19668.70592245418
 30
0.0
 40
4.499999999999995
 41
12.42299999999999
 46
0.0
 71
     1
 72
     5
  1
12c
  7
Segoe UI_B
 73
     2
 44
1.0
1001
REVIT
1002
{
1070
     1
1000
8914886
1002
}
1002
{
1070
     5
1000
8914810
1002
}
1002
{
1070
     2
1000
-2005018
1002
}
  0
MTEXT
  5
188CC
330
70
100
AcDbEntity
  8
COLUMN NUMBER
100
AcDbMText
 10
16123.09898003264
 20
19855.76842245581
 30
0.0
 40
4.499999999999995
 41
8.78699999999999
 46
0.0
 71
     1
 72
     5
  1
11
  7
Segoe UI_B
 73
     2
 44
1.0
1001
REVIT
1002
{
1070
     1
1000
8914887
1002
}
1002
{
1070
     5
1000
8914810
1002
}
1002
{
1070
     2
1000
-2005018
1002
}
  0
MTEXT
  5
188CD
330
70
100
AcDbEntity
  8
COLUMN NUMBER
100
AcDbMText
 10
15567.40342906027
 20
20331.08918513576
 30
0.0
 40
4.499999999999995
 41
13.63499999999999
 46
0.0
 71
     1
 72
     5
  1
20b
  7
Segoe UI_B
 73
     2
 44
1.0
1001
REVIT
1002
{
1070
     1
1000
8914888
1002
}
1002
{
1070
     5
1000
8914810
1002
}
1002
{
1070
     2
1000
-2005018
1002
}
  0
MTEXT
  5
188CE
330
70
100
AcDbEntity
  8
COLUMN NUMBER
100
AcDbMText
 10
15764.02415644227
 20
19494.19842475721
 30
0.0
 40
4.499999999999995
 41
4.393499999999995
 46
0.0
 71
     1
 72
     5
  1
\fSegoe UI|b1|i0|c0|p34|;3
  7
Segoe UI_B
 73
     2
 44
1.0
1001
REVIT
1002
{
1070
     1
1000
8930141
1002
}
1002
{
1070
     5
1000
8914810
1002
}
1002
{
1070
     2
1000
-2005018
1002
}
  0
MTEXT
  5
188CF
330
70
100
AcDbEntity
  8
COLUMN NUMBER
100
AcDbMText
 10
15955.40406525756
 20
19638.20592245418
 30
0.0
 40
4.499999999999995
 41
4.393499999999995
 46
0.0
 71
     1
 72
     5
  1
\fSegoe UI|b1|i0|c0|p34|;7
  7
Segoe UI_B
 73
     2
 44
1.0
1001
REVIT
1002
{
1070
     1
1000
8931387
1002
}
1002
{
1070
     5
1000
8914810
1002
}
1002
{
1070
     2
1000
-2005018
1002
}
  0
MTEXT
  5
188D0
330
70
100
AcDbEntity
  8
COLUMN NUMBER
100
AcDbMText
 10
15176.77415644227
 20
19723.05271126324
 30
0.0
 40
4.499999999999995
 41
4.393499999999995
 46
0.0
 71
     1
 72
     5
  1
\fSegoe UI|b1|i0|c0|p34|;9
  7
Segoe UI_B
 73
     2
 44
1.0
1001
REVIT
1002
{
1070
     1
1000
8932087
1002
}
1002
{
1070
     5
1000
8914810
1002
}
1002
{
1070
     2
1000
-2005018
1002
}
  0
MTEXT
  5
188D1
330
70
100
AcDbEntity
  8
COLUMN NUMBER
100
AcDbMText
 10
15452.21704367607
 20
19832.98017386359
 30
0.0
 40
4.499999999999995
 41
8.78699999999999
 46
0.0
 71
     1
 72
     5
  1
10
  7
Segoe UI_B
 73
     2
 44
1.0
1001
REVIT
1002
{
1070
     1
1000
8933591
1002
}
1002
{
1070
     5
1000
8914810
1002
}
1002
{
1070
     2
1000
-2005018
1002
}
  0
MTEXT
  5
188D2
330
70
100
AcDbEntity
  8
COLUMN NUMBER
100
AcDbMText
 10
15679.06406376368
 20
20081.79280806399
 30
0.0
 40
4.499999999999995
 41
8.78699999999999
 46
0.0
 71
     1
 72
     5
  1
17
  7
Segoe UI_B
 73
     2
 44
1.0
1001
REVIT
1002
{
1070
     1
1000
8936746
1002
}
1002
{
1070
     5
1000
8914810
1002
}
1002
{
1070
     2
1000
-2005018
1002
}
  0
MTEXT
  5
188D3
330
70
100
AcDbEntity
  8
COLUMN NUMBER
100
AcDbMText
 10
15825.01135728104
 20
20315.76636578479
 30
0.0
 40
4.499999999999995
 41
8.78699999999999
 46
0.0
 71
     1
 72
     5
  1
19
  7
Segoe UI_B
 73
     2
 44
1.0
1001
REVIT
1002
{
1070
     1
1000
8939060
1002
}
1002
{
1070
     5
1000
8914810
1002
}
1002
{
1070
     2
1000
-2005018
1002
}
  0
MTEXT
  5
188D4
330
70
100
AcDbEntity
  8
COLUMN NUMBER
100
AcDbMText
 10
15908.33722957166
 20
19494.19842475721
 30
0.0
 40
4.499999999999995
 41
9.241499999999991
 46
0.0
 71
     1
 72
     5
  1
4b
  7
Segoe UI_B
 73
     2
 44
1.0
1001
REVIT
1002
{
1070
     1
1000
8939549
1002
}
1002
{
1070
     5
1000
8914810
1002
}
1002
{
1070
     2
1000
-2005018
1002
}
  0
LWPOLYLINE
  5
188D5
330
70
100
AcDbEntity
  8
COLS
100
AcDbPolyline
 90
        4
 70
     1
 43
0.0
 10
15184.66312308169
 20
19733.16096366299
 10
15172.66312308169
 20
19733.16096366299
 10
15172.66312308169
 20
19709.16096366299
 10
15184.66312308169
 20
19709.16096366299
  0
LWPOLYLINE
  5
188D6
330
70
100
AcDbEntity
  8
COLS
100
AcDbPolyline
 90
        4
 70
     1
 43
0.0
 10
15353.06105910096
 20
19989.4393480046
 10
15343.08666057349
 20
19996.11103250067
 10
15329.74329158134
 20
19976.16223544573
 10
15339.7176901088
 20
19969.49055094965
  0
LWPOLYLINE
  5
188D7
330
70
100
AcDbEntity
  8
COLS
100
AcDbPolyline
 90
        4
 70
     1
 43
0.0
 10
15509.14797945767
 20
20222.79467970228
 10
15499.1735809302
 20
20229.46636419836
 10
15485.83021193805
 20
20209.51756714341
 10
15495.80461046551
 20
20202.84588264734
  0
LWPOLYLINE
  5
188D8
330
70
100
AcDbEntity
  8
COLS
100
AcDbPolyline
 90
        4
 70
     1
 43
0.0
 10
15340.91312308169
 20
19642.31417485392
 10
15340.91312308169
 20
19630.31417485392
 10
15364.91312308169
 20
19630.31417485392
 10
15364.91312308169
 20
19642.31417485392
  0
LWPOLYLINE
  5
188D9
330
70
100
AcDbEntity
  8
COLS
100
AcDbPolyline
 90
        4
 70
     1
 43
0.0
 10
16083.29303189699
 20
19646.57145781765
 10
16083.29303189699
 20
19634.57145781765
 10
16107.29303189699
 20
19634.57145781765
 10
16107.29303189699
 20
19646.57145781765
  0
LWPOLYLINE
  5
188DA
330
70
100
AcDbEntity
  8
COLS
100
AcDbPolyline
 90
        4
 70
     1
 43
0.0
 10
16021.14322714645
 20
20140.19320469901
 10
16031.15075389056
 20
20155.15480249022
 10
16021.17635536309
 20
20161.82648698629
 10
16011.16882861898
 20
20146.86488919507
  0
LWPOLYLINE
  5
188DB
330
70
100
AcDbEntity
  8
COLS
100
AcDbPolyline
 90
        4
 70
     1
 43
0.0
 10
16106.04267108156
 20
19994.88888836586
 10
16106.04267108156
 20
19976.88888836586
 10
16118.04267108156
 20
19976.88888836586
 10
16118.04267108156
 20
19994.88888836586
  0
LWPOLYLINE
  5
188DC
330
70
100
AcDbEntity
  8
COLS
100
AcDbPolyline
 90
        4
 70
     1
 43
0.0
 10
16240.78971081276
 20
19860.4366748539
 10
16240.78971081276
 20
19848.43667485391
 10
16264.78971081276
 20
19848.43667485391
 10
16264.78971081276
 20
19860.4366748539
  0
LWPOLYLINE
  5
188DD
330
70
100
AcDbEntity
  8
COLS
100
AcDbPolyline
 90
        4
 70
     1
 43
0.0
 10
15521.5751623021
 20
19486.30667715696
 10
15539.5751623021
 20
19486.30667715696
 10
15539.5751623021
 20
19498.30667715696
 10
15521.5751623021
 20
19498.30667715696
  0
LWPOLYLINE
  5
188DE
330
70
100
AcDbEntity
  8
COLS
100
AcDbPolyline
 90
        4
 70
     1
 43
0.0
 10
16241.57360088216
 20
19672.81417485392
 10
16241.57360088216
 20
19660.81417485392
 10
16265.57360088216
 20
19660.81417485392
 10
16265.57360088216
 20
19672.81417485392
  0
LWPOLYLINE
  5
188DF
330
70
100
AcDbEntity
  8
COLS
100
AcDbPolyline
 90
        3
 70
     1
 43
0.0
 10
16114.79267108149
 20
19859.87667485556
 10
16114.79267108149
 20
19847.87667485556
 10
16115.0016653057
 20
19847.87667485556
  0
LWPOLYLINE
  5
188E0
330
70
100
AcDbEntity
  8
COLS
100
AcDbPolyline
 90
        4
 70
     1
 43
0.0
 10
15584.75915347524
 20
20335.83599381496
 10
15574.78475494777
 20
20342.50767831102
 10
15561.44138595563
 20
20322.55888125609
 10
15571.4157844831
 20
20315.88719676
  0
LWPOLYLINE
  5
188E1
330
70
100
AcDbEntity
  8
COLS
100
AcDbPolyline
 90
        4
 70
     1
 43
0.0
 10
15753.9131230817
 20
19498.30667715696
 10
15753.9131230817
 20
19486.30667715696
 10
15777.91312308169
 20
19486.30667715696
 10
15777.91312308169
 20
19498.30667715696
  0
LWPOLYLINE
  5
188E2
330
70
100
AcDbEntity
  8
COLS
100
AcDbPolyline
 90
        4
 70
     1
 43
0.0
 10
15945.29303189699
 20
19642.31417485392
 10
15945.29303189699
 20
19630.31417485392
 10
15969.29303189699
 20
19630.31417485392
 10
15969.29303189699
 20
19642.31417485392
  0
LWPOLYLINE
  5
188E3
330
70
100
AcDbEntity
  8
COLS
100
AcDbPolyline
 90
        4
 70
     1
 43
0.0
 10
15449.28169951053
 20
19842.75272616202
 10
15442.60187367736
 20
19832.78377803102
 10
15462.53976993934
 20
19819.42412636467
 10
15469.21959577252
 20
19829.39307449566
  0
LWPOLYLINE
  5
188E4
330
70
100
AcDbEntity
  8
COLS
100
AcDbPolyline
 90
        4
 70
     1
 43
0.0
 10
15689.39631109199
 20
20068.24217670392
 10
15696.06799558806
 20
20078.2165752314
 10
15676.11919853312
 20
20091.55994422354
 10
15669.44751403704
 20
20081.58554569607
  0
CIRCLE
  5
188E5
330
70
100
AcDbEntity
  8
COLS
100
AcDbCircle
 10
15828.70504832991
 20
20313.87461818455
 30
0.0
 40
8.999999999999849
  0
LWPOLYLINE
  5
188E6
330
70
100
AcDbEntity
  8
COLS
100
AcDbPolyline
 90
        4
 70
     1
 43
0.0
 10
15903.21989699849
 20
19486.30667715696
 10
15921.21989699849
 20
19486.30667715696
 10
15921.21989699849
 20
19498.30667715696
 10
15903.21989699849
 20
19498.30667715696
  0
LWPOLYLINE
  5
188E8
330
70
100
AcDbEntity
  8
BOUNDARY
100
AcDbPolyline
 90
       27
 70
     1
 43
0.0
 10
15509.54030938687
 20
19486.95687188213
 10
15498.50278671909
 20
19508.79922013157
 10
15498.50278671909
 20
19622.97783432019
 10
15194.26834034336
 20
19622.97783432019
 10
15194.26834034336
 20
19622.97783432019
 10
15173.35809021679
 20
19632.08125712161
 10
15173.35809021679
 20
19742.36096334903
 10
15590.2239738211
 20
20365.5898432556
 10
15616.01866022378
 20
20362.89943214363
 10
15748.44729770284
 20
20273.85471542329
 10
15777.79251938489
 20
20317.49736899116
 10
15814.82661937972
 20
20335.34257719229
 10
16039.64354775927
 20
20184.96599913401
 10
16041.30307642945
 20
20159.86648033681
 10
16006.14916573514
 20
20101.94859506841
 10
16101.63323143255
 20
20037.85138029944
 10
16127.15288316931
 20
19997.44952203705
 10
16127.15288316931
 20
19869.97533432019
 10
16261.29394520962
 20
19869.97533432019
 10
16274.73778402879
 20
19869.97533432019
 10
16275.15118058989
 20
19658.9516014102
 10
16261.29388717678
 20
19653.53764389656
 10
16119.29991054275
 20
19653.53764389656
 10
16097.48741054275
 20
19622.97783432019
 10
15943.50278671909
 20
19622.97783432019
 10
15943.50278671909
 20
19507.07489568632
 10
15935.53704861356
 20
19487.34567700357
  0
LWPOLYLINE
  5
188E9
330
70
100
AcDbEntity
  8
WALL
100
AcDbPolyline
 90
        9
 70
     1
 43
0.0
 10
15754.76862245771
 20
19705.07210175671
 10
15749.2088853774
 20
19696.76010298345
 10
15667.128412651
 20
19751.66327682495
 10
15782.77094392138
 20
19924.55285130874
 10
15788.33068956282
 20
19932.86484435551
 10
15870.41115372809
 20
19877.96167624051
 10
15864.85141664778
 20
19869.64967746725
 10
15791.08289052658
 20
19918.99303623619
 10
15681.00009633651
 20
19754.41546052565
  0
LWPOLYLINE
  5
188EA
330
70
100
AcDbEntity
  8
WALL
100
AcDbPolyline
 90
        6
 70
     1
 43
0.0
 10
15605.20109154185
 20
19798.80078527122
 10
15596.88914493664
 20
19804.36060034377
 10
15755.49170127974
 20
20041.47689464288
 10
15833.35864170919
 20
19989.39130926939
 10
15827.79890462913
 20
19981.0793104965
 10
15758.24309533705
 20
20027.60386164488
  0
POINT
  5
188EF
330
70
100
AcDbEntity
  8
POINT
100
AcDbPoint
 10
15912.21989699631
 20
19492.30667712243
 30
0.0
  0
POINT
  5
188F0
330
70
100
AcDbEntity
  8
POINT
100
AcDbPoint
 10
15828.70504832991
 20
20313.87461818455
 30
0.0
  0
POINT
  5
188F1
330
70
100
AcDbEntity
  8
POINT
100
AcDbPoint
 10
15682.75775481258
 20
20079.90106046444
 30
0.0
  0
POINT
  5
188F2
330
70
100
AcDbEntity
  8
POINT
100
AcDbPoint
 10
15455.9107347249
 20
19831.08842626236
 30
0.0
  0
POINT
  5
188F3
330
70
100
AcDbEntity
  8
POINT
100
AcDbPoint
 10
15957.29303189871
 20
19636.31417487997
 30
0.0
  0
POINT
  5
188F4
330
70
100
AcDbEntity
  8
POINT
100
AcDbPoint
 10
15765.91312308169
 20
19492.3066771568
 30
0.0
  0
POINT
  5
188F5
330
70
100
AcDbEntity
  8
POINT
100
AcDbPoint
 10
15573.10026971547
 20
20329.19743753633
 30
0.0
  0
POINT
  5
188F6
330
70
100
AcDbEntity
  8
POINT
100
AcDbPoint
 10
16114.8623360373
 20
19851.87667763334
 30
0.0
  0
POINT
  5
188F7
330
70
100
AcDbEntity
  8
POINT
100
AcDbPoint
 10
16253.57360088223
 20
19666.81417485432
 30
0.0
  0
POINT
  5
188F8
330
70
100
AcDbEntity
  8
POINT
100
AcDbPoint
 10
15530.57516230157
 20
19492.30667714025
 30
0.0
  0
POINT
  5
188F9
330
70
100
AcDbEntity
  8
POINT
100
AcDbPoint
 10
16252.78971081512
 20
19854.43667488101
 30
0.0
  0
POINT
  5
188FA
330
70
100
AcDbEntity
  8
POINT
100
AcDbPoint
 10
16112.04267108158
 20
19985.8888883661
 30
0.0
  0
POINT
  5
188FB
330
70
100
AcDbEntity
  8
POINT
100
AcDbPoint
 10
16021.15979125582
 20
20151.0098458586
 30
0.0
  0
POINT
  5
188FC
330
70
100
AcDbEntity
  8
POINT
100
AcDbPoint
 10
16095.29303189703
 20
19640.57145781782
 30
0.0
  0
POINT
  5
188FD
330
70
100
AcDbEntity
  8
POINT
100
AcDbPoint
 10
15352.91312308168
 20
19636.31417485377
 30
0.0
  0
POINT
  5
188FE
330
70
100
AcDbEntity
  8
POINT
100
AcDbPoint
 10
15497.48909569805
 20
20216.15612342994
 30
0.0
  0
POINT
  5
188FF
330
70
100
AcDbEntity
  8
POINT
100
AcDbPoint
 10
15341.40217534113
 20
19982.80079172436
 30
0.0
  0
POINT
  5
18900
330
70
100
AcDbEntity
  8
POINT
100
AcDbPoint
 10
15178.66312308169
 20
19721.16096366251
 30
0.0
  0
MTEXT
  5
18A43
330
70
100
AcDbEntity
  8
COLUMN NUMBER
100
AcDbMText
 10
15992.27885025434
 20
16500.19842475716
 30
0.0
 40
4.499999999999995
 41
4.393499999999995
 46
0.0
 71
     1
 72
     5
  1
\fSegoe UI|b1|i0|c0|p34|;4
  7
Segoe UI_B
 73
     2
 44
1.0
1001
REVIT
1002
{
1070
     1
1000
8914850
1002
}
1002
{
1070
     5
1000
8914810
1002
}
1002
{
1070
     2
1000
-2005018
1002
}
  0
MTEXT
  5
18A44
330
70
100
AcDbEntity
  8
COLUMN NUMBER
100
AcDbMText
 10
15516.68619566274
 20
16494.19842475716
 30
0.0
 40
4.499999999999995
 41
4.393499999999995
 46
0.0
 71
     1
 72
     5
  1
\fSegoe UI|b1|i0|c0|p34|;2
  7
Segoe UI_B
 73
     2
 44
1.0
1001
REVIT
1002
{
1070
     1
1000
8914852
1002
}
1002
{
1070
     5
1000
8914810
1002
}
1002
{
1070
     2
1000
-2005018
1002
}
  0
MTEXT
  5
18A45
330
70
100
AcDbEntity
  8
COLUMN NUMBER
100
AcDbMText
 10
15176.91692017903
 20
16579.67822721846
 30
0.0
 40
4.499999999999995
 41
4.393499999999995
 46
0.0
 71
     1
 72
     5
  1
\fSegoe UI|b1|i0|c0|p34|;1
  7
Segoe UI_B
 73
     2
 44
1.0
1001
REVIT
1002
{
1070
     1
1000
8914853
1002
}
1002
{
1070
     5
1000
8914810
1002
}
1002
{
1070
     2
1000
-2005018
1002
}
  0
MTEXT
  5
18A46
330
70
100
AcDbEntity
  8
COLUMN NUMBER
100
AcDbMText
 10
16224.83531358757
 20
16494.19842475716
 30
0.0
 40
4.499999999999995
 41
4.393499999999995
 46
0.0
 71
     1
 72
     5
  1
\fSegoe UI|b1|i0|c0|p34|;5
  7
Segoe UI_B
 73
     2
 44
1.0
1001
REVIT
1002
{
1070
     1
1000
8914854
1002
}
1002
{
1070
     5
1000
8914810
1002
}
1002
{
1070
     2
1000
-2005018
1002
}
  0
MTEXT
  5
18A47
330
70
100
AcDbEntity
  8
COLUMN NUMBER
100
AcDbMText
 10
15176.77415644233
 20
16723.05271126318
 30
0.0
 40
4.499999999999995
 41
4.393499999999995
 46
0.0
 71
     1
 72
     5
  1
\fSegoe UI|b1|i0|c0|p34|;9
  7
Segoe UI_B
 73
     2
 44
1.0
1001
REVIT
1002
{
1070
     1
1000
8914855
1002
}
1002
{
1070
     5
1000
8914810
1002
}
1002
{
1070
     2
1000
-2005018
1002
}
  0
MTEXT
  5
18A48
330
70
100
AcDbEntity
  8
COLUMN NUMBER
100
AcDbMText
 10
15337.70848429234
 20
16984.69253932534
 30
0.0
 40
4.499999999999995
 41
8.78699999999999
 46
0.0
 71
     1
 72
     5
  1
15
  7
Segoe UI_B
 73
     2
 44
1.0
1001
REVIT
1002
{
1070
     1
1000
8914856
1002
}
1002
{
1070
     5
1000
8914810
1002
}
1002
{
1070
     2
1000
-2005018
1002
}
  0
MTEXT
  5
18A49
330
70
100
AcDbEntity
  8
COLUMN NUMBER
100
AcDbMText
 10
15493.79540464905
 20
17218.04787102304
 30
0.0
 40
4.499999999999995
 41
8.78699999999999
 46
0.0
 71
     1
 72
     5
  1
16
  7
Segoe UI_B
 73
     2
 44
1.0
1001
REVIT
1002
{
1070
     1
1000
8914857
1002
}
1002
{
1070
     5
1000
8914810
1002
}
1002
{
1070
     2
1000
-2005018
1002
}
  0
MTEXT
  5
18A4A
330
70
100
AcDbEntity
  8
COLUMN NUMBER
100
AcDbMText
 10
15618.30884751251
 20
17406.72837396904
 30
0.0
 40
4.499999999999995
 41
12.87749999999999
 46
0.0
 71
     1
 72
     5
  1
20a
  7
Segoe UI_B
 73
     2
 44
1.0
1001
REVIT
1002
{
1070
     1
1000
8914858
1002
}
1002
{
1070
     5
1000
8914810
1002
}
1002
{
1070
     2
1000
-2005018
1002
}
  0
MTEXT
  5
18A4B
330
70
100
AcDbEntity
  8
COLUMN NUMBER
100
AcDbMText
 10
15454.89591695047
 20
16835.75099914444
 30
0.0
 40
4.499999999999995
 41
8.78699999999999
 46
0.0
 71
     1
 72
     5
  1
10
  7
Segoe UI_B
 73
     2
 44
1.0
1001
REVIT
1002
{
1070
     1
1000
8914861
1002
}
1002
{
1070
     5
1000
8914810
1002
}
1002
{
1070
     2
1000
-2005018
1002
}
  0
MTEXT
  5
18A4C
330
70
100
AcDbEntity
  8
COLUMN NUMBER
100
AcDbMText
 10
16233.35709956809
 20
17042.18270235163
 30
0.0
 40
4.499999999999995
 41
8.78699999999999
 46
0.0
 71
     1
 72
     5
  1
13
  7
Segoe UI_B
 73
     2
 44
1.0
1001
REVIT
1002
{
1070
     1
1000
8914865
1002
}
1002
{
1070
     5
1000
8914810
1002
}
1002
{
1070
     2
1000
-2005018
1002
}
  0
MTEXT
  5
18A4D
330
70
100
AcDbEntity
  8
COLUMN NUMBER
100
AcDbMText
 10
16081.40406525763
 20
16642.46320541785
 30
0.0
 40
4.499999999999995
 41
4.393499999999995
 46
0.0
 71
     1
 72
     5
  1
\fSegoe UI|b1|i0|c0|p34|;6
  7
Segoe UI_B
 73
     2
 44
1.0
1001
REVIT
1002
{
1070
     1
1000
8914867
1002
}
1002
{
1070
     5
1000
8914810
1002
}
1002
{
1070
     2
1000
-2005018
1002
}
  0
MTEXT
  5
18A4E
330
70
100
AcDbEntity
  8
COLUMN NUMBER
100
AcDbMText
 10
16246.40778726221
 20
16762.21714924802
 30
0.0
 40
4.499999999999995
 41
12.87749999999999
 46
0.0
 71
     1
 72
     5
  1
12a
  7
Segoe UI_B
 73
     2
 44
1.0
1001
REVIT
1002
{
1070
     1
1000
8914869
1002
}
1002
{
1070
     5
1000
8914810
1002
}
1002
{
1070
     2
1000
-2005018
1002
}
  0
MTEXT
  5
18A4F
330
70
100
AcDbEntity
  8
COLUMN NUMBER
100
AcDbMText
 10
15764.02415644233
 20
16494.19842475716
 30
0.0
 40
4.499999999999995
 41
4.393499999999995
 46
0.0
 71
     1
 72
     5
  1
\fSegoe UI|b1|i0|c0|p34|;3
  7
Segoe UI_B
 73
     2
 44
1.0
1001
REVIT
1002
{
1070
     1
1000
8930146
1002
}
1002
{
1070
     5
1000
8914810
1002
}
1002
{
1070
     2
1000
-2005018
1002
}
  0
MTEXT
  5
18A50
330
70
100
AcDbEntity
  8
COLUMN NUMBER
100
AcDbMText
 10
15955.40406525763
 20
16638.20592245411
 30
0.0
 40
4.499999999999995
 41
4.393499999999995
 46
0.0
 71
     1
 72
     5
  1
\fSegoe UI|b1|i0|c0|p34|;7
  7
Segoe UI_B
 73
     2
 44
1.0
1001
REVIT
1002
{
1070
     1
1000
8931742
1002
}
1002
{
1070
     5
1000
8914810
1002
}
1002
{
1070
     2
1000
-2005018
1002
}
  0
MTEXT
  5
18A51
330
70
100
AcDbEntity
  8
COLUMN NUMBER
100
AcDbMText
 10
15357.02415644233
 20
16644.46190613007
 30
0.0
 40
4.499999999999995
 41
4.393499999999995
 46
0.0
 71
     1
 72
     5
  1
\fSegoe UI|b1|i0|c0|p34|;8
  7
Segoe UI_B
 73
     2
 44
1.0
1001
REVIT
1002
{
1070
     1
1000
8932083
1002
}
1002
{
1070
     5
1000
8914810
1002
}
1002
{
1070
     2
1000
-2005018
1002
}
  0
MTEXT
  5
18A52
330
70
100
AcDbEntity
  8
COLUMN NUMBER
100
AcDbMText
 10
16117.97772019018
 20
16817.45592245575
 30
0.0
 40
4.499999999999995
 41
8.78699999999999
 46
0.0
 71
     1
 72
     5
  1
11
  7
Segoe UI_B
 73
     2
 44
1.0
1001
REVIT
1002
{
1070
     1
1000
8935037
1002
}
1002
{
1070
     5
1000
8914810
1002
}
1002
{
1070
     2
1000
-2005018
1002
}
  0
MTEXT
  5
18A53
330
70
100
AcDbEntity
  8
COLUMN NUMBER
100
AcDbMText
 10
16105.34707409686
 20
16989.56599649462
 30
0.0
 40
4.499999999999995
 41
8.78699999999999
 46
0.0
 71
     1
 72
     5
  1
14
  7
Segoe UI_B
 73
     2
 44
1.0
1001
REVIT
1002
{
1070
     1
1000
8936401
1002
}
1002
{
1070
     5
1000
8914810
1002
}
1002
{
1070
     2
1000
-2005018
1002
}
  0
MTEXT
  5
18A54
330
70
100
AcDbEntity
  8
COLUMN NUMBER
100
AcDbMText
 10
15679.06406376374
 20
17081.79280806391
 30
0.0
 40
4.499999999999995
 41
8.78699999999999
 46
0.0
 71
     1
 72
     5
  1
17
  7
Segoe UI_B
 73
     2
 44
1.0
1001
REVIT
1002
{
1070
     1
1000
8936802
1002
}
1002
{
1070
     5
1000
8914810
1002
}
1002
{
1070
     2
1000
-2005018
1002
}
  0
MTEXT
  5
18A55
330
70
100
AcDbEntity
  8
COLUMN NUMBER
100
AcDbMText
 10
16012.47890094223
 20
17156.23743569089
 30
0.0
 40
4.499999999999995
 41
8.78699999999999
 46
0.0
 71
     1
 72
     5
  1
18
  7
Segoe UI_B
 73
     2
 44
1.0
1001
REVIT
1002
{
1070
     1
1000
8937071
1002
}
1002
{
1070
     5
1000
8914810
1002
}
1002
{
1070
     2
1000
-2005018
1002
}
  0
MTEXT
  5
18A56
330
70
100
AcDbEntity
  8
COLUMN NUMBER
100
AcDbMText
 10
15825.0113572811
 20
17315.76636578473
 30
0.0
 40
4.499999999999995
 41
8.78699999999999
 46
0.0
 71
     1
 72
     5
  1
19
  7
Segoe UI_B
 73
     2
 44
1.0
1001
REVIT
1002
{
1070
     1
1000
8939075
1002
}
1002
{
1070
     5
1000
8914810
1002
}
1002
{
1070
     2
1000
-2005018
1002
}
  0
MTEXT
  5
18A57
330
70
100
AcDbEntity
  8
COLUMN NUMBER
100
AcDbMText
 10
15764.02415644233
 20
16494.19842475716
 30
0.0
 40
4.499999999999995
 41
4.393499999999995
 46
0.0
 71
     1
 72
     5
  1
\fSegoe UI|b1|i0|c0|p34|;3
  7
Segoe UI_B
 73
     2
 44
1.0
1001
REVIT
1002
{
1070
     1
1000
8939329
1002
}
1002
{
1070
     5
1000
8914810
1002
}
1002
{
1070
     2
1000
-2005018
1002
}
  0
LWPOLYLINE
  5
18A58
330
70
100
AcDbEntity
  8
COLS
100
AcDbPolyline
 90
        4
 70
     1
 43
0.0
 10
16000.16781689375
 20
16510.30667715691
 10
15988.16781689376
 20
16510.30667715691
 10
15988.16781689376
 20
16486.30667715691
 10
16000.16781689375
 20
16486.30667715691
  0
LWPOLYLINE
  5
18A59
330
70
100
AcDbEntity
  8
COLS
100
AcDbPolyline
 90
        4
 70
     1
 43
0.0
 10
15530.57516230216
 20
16486.30667715691
 10
15530.57516230216
 20
16498.3066771569
 10
15506.57516230216
 20
16498.3066771569
 10
15506.57516230216
 20
16486.30667715691
  0
LWPOLYLINE
  5
18A5A
330
70
100
AcDbEntity
  8
COLS
100
AcDbPolyline
 90
        4
 70
     1
 43
0.0
 10
15184.80588681845
 20
16589.78647961822
 10
15172.80588681845
 20
16589.78647961822
 10
15172.80588681845
 20
16565.78647961822
 10
15184.80588681845
 20
16565.78647961822
  0
LWPOLYLINE
  5
18A5B
330
70
100
AcDbEntity
  8
COLS
100
AcDbPolyline
 90
        4
 70
     1
 43
0.0
 10
16217.72428022699
 20
16486.30667715691
 10
16235.724280227
 20
16486.30667715691
 10
16235.724280227
 20
16498.3066771569
 10
16217.72428022699
 20
16498.3066771569
  0
LWPOLYLINE
  5
18A5C
330
70
100
AcDbEntity
  8
COLS
100
AcDbPolyline
 90
        4
 70
     1
 43
0.0
 10
15184.66312308175
 20
16733.16096366293
 10
15172.66312308175
 20
16733.16096366293
 10
15172.66312308175
 20
16709.16096366293
 10
15184.66312308175
 20
16709.16096366293
  0
LWPOLYLINE
  5
18A5D
330
70
100
AcDbEntity
  8
COLS
100
AcDbPolyline
 90
        4
 70
     1
 43
0.0
 10
15353.06105910102
 20
16989.43934800453
 10
15343.08666057355
 20
16996.11103250061
 10
15329.7432915814
 20
16976.16223544567
 10
15339.71769010887
 20
16969.49055094959
  0
LWPOLYLINE
  5
18A5E
330
70
100
AcDbEntity
  8
COLS
100
AcDbPolyline
 90
        4
 70
     1
 43
0.0
 10
15509.14797945773
 20
17222.79467970222
 10
15499.17358093026
 20
17229.4663641983
 10
15485.83021193811
 20
17209.51756714335
 10
15495.80461046558
 20
17202.84588264728
  0
LWPOLYLINE
  5
18A5F
330
70
100
AcDbEntity
  8
COLS
100
AcDbPolyline
 90
        4
 70
     1
 43
0.0
 10
15635.35276090387
 20
17411.47518264821
 10
15625.3783623764
 20
17418.14686714429
 10
15612.03499338425
 20
17398.19807008936
 10
15622.00939191172
 20
17391.52638559328
  0
LWPOLYLINE
  5
18A60
330
70
100
AcDbEntity
  8
COLS
100
AcDbPolyline
 90
        4
 70
     1
 43
0.0
 10
15464.5898230036
 20
16845.85914403965
 10
15452.58982300552
 20
16845.85935904486
 10
15452.58939299508
 20
16821.8593590487
 10
15464.58939299315
 20
16821.85914404351
  0
LWPOLYLINE
  5
18A61
330
70
100
AcDbEntity
  8
COLS
100
AcDbPolyline
 90
        4
 70
     1
 43
0.0
 10
16237.06735472528
 20
17051.10759589502
 10
16227.05982798118
 20
17036.1459981038
 10
16237.03422650865
 20
17029.47431360773
 10
16247.04175325276
 20
17044.43591139895
  0
LWPOLYLINE
  5
18A62
330
70
100
AcDbEntity
  8
COLS
100
AcDbPolyline
 90
        4
 70
     1
 43
0.0
 10
16071.29303189705
 20
16646.5714578176
 10
16071.29303189705
 20
16634.5714578176
 10
16095.29303189705
 20
16634.5714578176
 10
16095.29303189705
 20
16646.5714578176
  0
LWPOLYLINE
  5
18A63
330
70
100
AcDbEntity
  8
COLS
100
AcDbPolyline
 90
        4
 70
     1
 43
0.0
 10
16239.79281689376
 20
16766.32540164778
 10
16239.79281689376
 20
16754.32540164778
 10
16263.79281689376
 20
16754.32540164778
 10
16263.79281689376
 20
16766.32540164778
  0
LWPOLYLINE
  5
18A64
330
70
100
AcDbEntity
  8
COLS
100
AcDbPolyline
 90
        4
 70
     1
 43
0.0
 10
15753.91312308176
 20
16498.3066771569
 10
15753.91312308176
 20
16486.30667715691
 10
15777.91312308176
 20
16486.30667715691
 10
15777.91312308176
 20
16498.3066771569
  0
LWPOLYLINE
  5
18A65
330
70
100
AcDbEntity
  8
COLS
100
AcDbPolyline
 90
        4
 70
     1
 43
0.0
 10
15945.29303189706
 20
16642.31417485386
 10
15945.29303189706
 20
16630.31417485386
 10
15969.29303189706
 20
16630.31417485386
 10
15969.29303189706
 20
16642.31417485386
  0
LWPOLYLINE
  5
18A66
330
70
100
AcDbEntity
  8
COLS
100
AcDbPolyline
 90
        4
 70
     1
 43
0.0
 10
15352.91312308175
 20
16630.57015852983
 10
15364.91312308175
 20
16630.57015852983
 10
15364.91312308175
 20
16654.57015852983
 10
15352.91312308175
 20
16654.57015852983
  0
LWPOLYLINE
  5
18A67
330
70
100
AcDbEntity
  8
COLS
100
AcDbPolyline
 90
        4
 70
     1
 43
0.0
 10
16114.79281689372
 20
16803.5641748555
 10
16126.79281689372
 20
16803.5641748555
 10
16126.79281689372
 20
16827.5641748555
 10
16114.79281689372
 20
16827.5641748555
  0
LWPOLYLINE
  5
18A68
330
70
100
AcDbEntity
  8
COLS
100
AcDbPolyline
 90
        4
 70
     1
 43
0.0
 10
16109.02444927445
 20
16976.85760737345
 10
16119.031632654
 20
16991.81943482894
 10
16109.057081017
 20
16998.4908904153
 10
16099.04989763745
 20
16983.52906295981
  0
LWPOLYLINE
  5
18A69
330
70
100
AcDbEntity
  8
COLS
100
AcDbPolyline
 90
        4
 70
     1
 43
0.0
 10
15689.39631109205
 20
17068.24217670387
 10
15696.06799558813
 20
17078.21657523133
 10
15676.11919853318
 20
17091.55994422349
 10
15669.4475140371
 20
17081.58554569601
  0
LWPOLYLINE
  5
18A6A
330
70
100
AcDbEntity
  8
COLS
100
AcDbPolyline
 90
        4
 70
     1
 43
0.0
 10
16016.15602788278
 20
17143.529046947
 10
16026.16355462689
 20
17158.49064473821
 10
16016.18915609941
 20
17165.16232923428
 10
16006.1816293553
 20
17150.20073144307
  0
CIRCLE
  5
18A6B
330
70
100
AcDbEntity
  8
COLS
100
AcDbCircle
 10
15828.70504832997
 20
17313.87461818449
 30
0.0
 40
8.999999999999849
  0
POINT
  5
18A6C
330
70
100
AcDbEntity
  8
POINT
100
AcDbPoint
 10
15828.70504832996
 20
17313.87461818449
 30
0.0
  0
POINT
  5
18A6D
330
70
100
AcDbEntity
  8
POINT
100
AcDbPoint
 10
16016.17259199108
 20
17154.34568809051
 30
0.0
  0
POINT
  5
18A6E
330
70
100
AcDbEntity
  8
POINT
100
AcDbPoint
 10
15682.75775481262
 20
17079.90106046389
 30
0.0
  0
POINT
  5
18A6F
330
70
100
AcDbEntity
  8
POINT
100
AcDbPoint
 10
16109.04076514573
 20
16987.67424889466
 30
0.0
  0
POINT
  5
18A70
330
70
100
AcDbEntity
  8
POINT
100
AcDbPoint
 10
16120.79281689372
 20
16815.56417485545
 30
0.0
  0
POINT
  5
18A71
330
70
100
AcDbEntity
  8
POINT
100
AcDbPoint
 10
15358.91312308175
 20
16642.5701585298
 30
0.0
  0
POINT
  5
18A72
330
70
100
AcDbEntity
  8
POINT
100
AcDbPoint
 10
15957.29303189706
 20
16636.31417485377
 30
0.0
  0
POINT
  5
18A73
330
70
100
AcDbEntity
  8
POINT
100
AcDbPoint
 10
15765.91312308242
 20
16492.30667716636
 30
0.0
  0
POINT
  5
18A74
330
70
100
AcDbEntity
  8
POINT
100
AcDbPoint
 10
16251.79281689376
 20
16760.32540164773
 30
0.0
  0
POINT
  5
18A75
330
70
100
AcDbEntity
  8
POINT
100
AcDbPoint
 10
16083.29303189901
 20
16640.57145783736
 30
0.0
  0
POINT
  5
18A76
330
70
100
AcDbEntity
  8
POINT
100
AcDbPoint
 10
16237.05079061849
 20
17040.29095476486
 30
0.0
  0
POINT
  5
18A77
330
70
100
AcDbEntity
  8
POINT
100
AcDbPoint
 10
15458.58960799935
 20
16833.85925154448
 30
0.0
  0
POINT
  5
18A78
330
70
100
AcDbEntity
  8
POINT
100
AcDbPoint
 10
15623.69387714403
 20
17404.8366263685
 30
0.0
  0
POINT
  5
18A79
330
70
100
AcDbEntity
  8
POINT
100
AcDbPoint
 10
15497.48909569784
 20
17216.15612342024
 30
0.0
  0
POINT
  5
18A7A
330
70
100
AcDbEntity
  8
POINT
100
AcDbPoint
 10
15341.40217534121
 20
16982.80079172466
 30
0.0
  0
POINT
  5
18A7B
330
70
100
AcDbEntity
  8
POINT
100
AcDbPoint
 10
15178.66312308175
 20
16721.16096366323
 30
0.0
  0
POINT
  5
18A7C
330
70
100
AcDbEntity
  8
POINT
100
AcDbPoint
 10
16226.72428022696
 20
16492.30667715723
 30
0.0
  0
POINT
  5
18A7D
330
70
100
AcDbEntity
  8
POINT
100
AcDbPoint
 10
15178.80588681845
 20
16577.78647961795
 30
0.0
  0
POINT
  5
18A7E
330
70
100
AcDbEntity
  8
POINT
100
AcDbPoint
 10
15518.57516230216
 20
16492.3066771568
 30
0.0
  0
POINT
  5
18A7F
330
70
100
AcDbEntity
  8
POINT
100
AcDbPoint
 10
15994.16781689374
 20
16498.30667715701
 30
0.0
  0
LWPOLYLINE
  5
18A80
330
70
100
AcDbEntity
  8
BOUNDARY
100
AcDbPolyline
 90
       27
 70
     1
 43
0.0
 10
15509.54030938687
 20
16486.95687188213
 10
15498.50278671909
 20
16508.79922013157
 10
15498.50278671909
 20
16622.97783432019
 10
15194.26834034336
 20
16622.97783432019
 10
15194.26834034336
 20
16622.97783432019
 10
15173.35809021679
 20
16632.08125712161
 10
15173.35809021679
 20
16742.36096334903
 10
15590.2239738211
 20
17365.58984325559
 10
15616.01866022378
 20
17362.89943214363
 10
15748.44729770284
 20
17273.85471542329
 10
15777.79251938489
 20
17317.49736899116
 10
15814.82661937972
 20
17335.34257719229
 10
16039.64354775927
 20
17184.96599913401
 10
16041.30307642945
 20
17159.86648033681
 10
16006.14916573514
 20
17101.94859506841
 10
16101.63323143255
 20
17037.85138029943
 10
16127.15288316931
 20
16997.44952203705
 10
16127.15288316931
 20
16869.97533432019
 10
16261.29394520962
 20
16869.97533432019
 10
16274.73778402879
 20
16869.97533432019
 10
16275.15118058989
 20
16658.9516014102
 10
16261.29388717678
 20
16653.53764389656
 10
16119.29991054275
 20
16653.53764389656
 10
16097.48741054275
 20
16622.97783432019
 10
15943.50278671909
 20
16622.97783432019
 10
15943.50278671909
 20
16507.07489568632
 10
15935.53704861356
 20
16487.34567700357
  0
LWPOLYLINE
  5
18A81
330
70
100
AcDbEntity
  8
WALL
100
AcDbPolyline
 90
        9
 70
     1
 43
0.0
 10
15754.76862245771
 20
16705.07210175671
 10
15749.2088853774
 20
16696.76010298345
 10
15667.128412651
 20
16751.66327682495
 10
15782.77094392138
 20
16924.55285130874
 10
15788.33068956282
 20
16932.86484435551
 10
15870.41115372809
 20
16877.96167624051
 10
15864.85141664778
 20
16869.64967746725
 10
15791.08289052658
 20
16918.99303623619
 10
15681.00009633651
 20
16754.41546052565
  0
LWPOLYLINE
  5
18A82
330
70
100
AcDbEntity
  8
WALL
100
AcDbPolyline
 90
        6
 70
     1
 43
0.0
 10
15605.20109154185
 20
16798.80078527122
 10
15596.88914493664
 20
16804.36060034377
 10
15755.49170127974
 20
17041.47689464287
 10
15833.35864170919
 20
16989.39130926938
 10
15827.79890462913
 20
16981.0793104965
 10
15758.24309533705
 20
17027.60386164488
  0
LWPOLYLINE
  5
18A83
330
70
100
AcDbEntity
  8
BOUNDARY
100
AcDbPolyline
 90
        8
 70
     1
 43
0.0
 10
16039.6435477593
 20
17184.965999134
 10
16041.30307642945
 20
17159.86648033681
 10
16006.14916573514
 20
17101.94859506841
 10
16101.63323143255
 20
17037.85138029943
 10
16127.15288316931
 20
16997.44952203705
 10
16127.11241054276
 20
16869.97533432019
 10
16274.73778402879
 20
16869.97533432019
 10
16274.73778402879
 20
17030.13083323378
  0
LWPOLYLINE
  5
18A84
330
70
100
AcDbEntity
  8
BOUNDARY
100
AcDbPolyline
 90
        9
 70
     1
 43
0.0
 10
16275.0739115259
 20
16525.25195076704
 10
16275.15118058989
 20
16658.9516014102
 10
16261.29388717678
 20
16653.53764389656
 10
16119.29991054275
 20
16653.53764389656
 10
16097.48741054275
 20
16622.97783432019
 10
15943.50278671909
 20
16622.97783432019
 10
15943.50278671909
 20
16507.07489568632
 10
15935.53704861356
 20
16487.34567700357
 10
16238.73778402879
 20
16487.34567700357
  0
LWPOLYLINE
  5
18A85
330
70
100
AcDbEntity
  8
BOUNDARY
100
AcDbPolyline
 90
        7
 70
     1
 43
0.0
 10
15590.2239738211
 20
17365.58984325559
 10
15626.07328517999
 20
17419.18580071425
 10
15677.6725979942
 20
17427.08067490702
 10
15814.82661937972
 20
17335.34257719229
 10
15777.79251938489
 20
17317.49736899116
 10
15748.66330513234
 20
17274.17596491037
 10
15616.01866022378
 20
17362.89943214363
  0
LWPOLYLINE
  5
18A86
330
70
100
AcDbEntity
  8
BOUNDARY
100
AcDbPolyline
 90
        7
 70
     1
 43
0.0
 10
15173.35809021679
 20
16632.08125712161
 10
15194.26834034336
 20
16622.97783432019
 10
15498.50278671909
 20
16622.97783432019
 10
15498.50278671909
 20
16508.79922013157
 10
15509.54030938687
 20
16486.95687188213
 10
15214.15433521812
 20
16487.34567700357
 10
15173.35809021679
 20
16521.80155089419
  0
MTEXT
  5
18C4F
330
70
100
AcDbEntity
  8
COLUMN NUMBER
100
AcDbMText
 10
15185.14975285142
 20
22731.42845949808
 30
0.0
 40
4.499999999999995
 41
4.393499999999995
 46
0.0
 71
     1
 72
     5
  1
\fSegoe UI|b1|i0|c0|p34|;9
  7
Segoe UI_B
 73
     2
 44
1.0
1001
REVIT
1002
{
1070
     1
1000
8914872
1002
}
1002
{
1070
     5
1000
8914810
1002
}
1002
{
1070
     2
1000
-2005018
1002
}
  0
MTEXT
  5
18C50
330
70
100
AcDbEntity
  8
COLUMN NUMBER
100
AcDbMText
 10
15346.08408070142
 20
22993.06828756025
 30
0.0
 40
4.499999999999995
 41
8.78699999999999
 46
0.0
 71
     1
 72
     5
  1
15
  7
Segoe UI_B
 73
     2
 44
1.0
1001
REVIT
1002
{
1070
     1
1000
8914873
1002
}
1002
{
1070
     5
1000
8914810
1002
}
1002
{
1070
     2
1000
-2005018
1002
}
  0
MTEXT
  5
18C51
330
70
100
AcDbEntity
  8
COLUMN NUMBER
100
AcDbMText
 10
15502.17100105814
 20
23226.42361925792
 30
0.0
 40
4.499999999999995
 41
8.78699999999999
 46
0.0
 71
     1
 72
     5
  1
16
  7
Segoe UI_B
 73
     2
 44
1.0
1001
REVIT
1002
{
1070
     1
1000
8914874
1002
}
1002
{
1070
     5
1000
8914810
1002
}
1002
{
1070
     2
1000
-2005018
1002
}
  0
MTEXT
  5
18C52
330
70
100
AcDbEntity
  8
COLUMN NUMBER
100
AcDbMText
 10
15359.39975285141
 20
22646.58167068902
 30
0.0
 40
4.499999999999995
 41
4.393499999999995
 46
0.0
 71
     1
 72
     5
  1
\fSegoe UI|b1|i0|c0|p34|;8
  7
Segoe UI_B
 73
     2
 44
1.0
1001
REVIT
1002
{
1070
     1
1000
8914875
1002
}
1002
{
1070
     5
1000
8914810
1002
}
1002
{
1070
     2
1000
-2005018
1002
}
  0
MTEXT
  5
18C53
330
70
100
AcDbEntity
  8
COLUMN NUMBER
100
AcDbMText
 10
16101.77966166672
 20
22650.83895365274
 30
0.0
 40
4.499999999999995
 41
4.393499999999995
 46
0.0
 71
     1
 72
     5
  1
\fSegoe UI|b1|i0|c0|p34|;6
  7
Segoe UI_B
 73
     2
 44
1.0
1001
REVIT
1002
{
1070
     1
1000
8914877
1002
}
1002
{
1070
     5
1000
8914810
1002
}
1002
{
1070
     2
1000
-2005018
1002
}
  0
MTEXT
  5
18C54
330
70
100
AcDbEntity
  8
COLUMN NUMBER
100
AcDbMText
 10
16025.84169661505
 20
23161.27734167776
 30
0.0
 40
4.499999999999995
 41
8.78699999999999
 46
0.0
 71
     1
 72
     5
  1
18
  7
Segoe UI_B
 73
     2
 44
1.0
1001
REVIT
1002
{
1070
     1
1000
8914881
1002
}
1002
{
1070
     5
1000
8914810
1002
}
1002
{
1070
     2
1000
-2005018
1002
}
  0
MTEXT
  5
18C55
330
70
100
AcDbEntity
  8
COLUMN NUMBER
100
AcDbMText
 10
16116.72457644184
 20
22996.15638420095
 30
0.0
 40
4.499999999999995
 41
8.78699999999999
 46
0.0
 71
     1
 72
     5
  1
14
  7
Segoe UI_B
 73
     2
 44
1.0
1001
REVIT
1002
{
1070
     1
1000
8914882
1002
}
1002
{
1070
     5
1000
8914810
1002
}
1002
{
1070
     2
1000
-2005018
1002
}
  0
MTEXT
  5
18C56
330
70
100
AcDbEntity
  8
COLUMN NUMBER
100
AcDbMText
 10
16255.46846656674
 20
22864.704170689
 30
0.0
 40
4.499999999999995
 41
13.63499999999999
 46
0.0
 71
     1
 72
     5
  1
12b
  7
Segoe UI_B
 73
     2
 44
1.0
1001
REVIT
1002
{
1070
     1
1000
8914883
1002
}
1002
{
1070
     5
1000
8914810
1002
}
1002
{
1070
     2
1000
-2005018
1002
}
  0
MTEXT
  5
18C57
330
70
100
AcDbEntity
  8
COLUMN NUMBER
100
AcDbMText
 10
15535.06809128442
 20
22502.57417299205
 30
0.0
 40
4.499999999999995
 41
9.241499999999991
 46
0.0
 71
     1
 72
     5
  1
2b
  7
Segoe UI_B
 73
     2
 44
1.0
1001
REVIT
1002
{
1070
     1
1000
8914885
1002
}
1002
{
1070
     5
1000
8914810
1002
}
1002
{
1070
     2
1000
-2005018
1002
}
  0
MTEXT
  5
18C58
330
70
100
AcDbEntity
  8
COLUMN NUMBER
100
AcDbMText
 10
16256.7531440377
 20
22677.08167068902
 30
0.0
 40
4.499999999999995
 41
12.42299999999999
 46
0.0
 71
     1
 72
     5
  1
12c
  7
Segoe UI_B
 73
     2
 44
1.0
1001
REVIT
1002
{
1070
     1
1000
8914886
1002
}
1002
{
1070
     5
1000
8914810
1002
}
1002
{
1070
     2
1000
-2005018
1002
}
  0
MTEXT
  5
18C59
330
70
100
AcDbEntity
  8
COLUMN NUMBER
100
AcDbMText
 10
16131.47457644179
 20
22864.14417069065
 30
0.0
 40
4.499999999999995
 41
8.78699999999999
 46
0.0
 71
     1
 72
     5
  1
11
  7
Segoe UI_B
 73
     2
 44
1.0
1001
REVIT
1002
{
1070
     1
1000
8914887
1002
}
1002
{
1070
     5
1000
8914810
1002
}
1002
{
1070
     2
1000
-2005018
1002
}
  0
MTEXT
  5
18C5A
330
70
100
AcDbEntity
  8
COLUMN NUMBER
100
AcDbMText
 10
15575.77902546942
 20
23339.4649333706
 30
0.0
 40
4.499999999999995
 41
13.63499999999999
 46
0.0
 71
     1
 72
     5
  1
20b
  7
Segoe UI_B
 73
     2
 44
1.0
1001
REVIT
1002
{
1070
     1
1000
8914888
1002
}
1002
{
1070
     5
1000
8914810
1002
}
1002
{
1070
     2
1000
-2005018
1002
}
  0
MTEXT
  5
18C5B
330
70
100
AcDbEntity
  8
COLUMN NUMBER
100
AcDbMText
 10
15772.39975285142
 20
22502.57417299205
 30
0.0
 40
4.499999999999995
 41
4.393499999999995
 46
0.0
 71
     1
 72
     5
  1
\fSegoe UI|b1|i0|c0|p34|;3
  7
Segoe UI_B
 73
     2
 44
1.0
1001
REVIT
1002
{
1070
     1
1000
8930141
1002
}
1002
{
1070
     5
1000
8914810
1002
}
1002
{
1070
     2
1000
-2005018
1002
}
  0
MTEXT
  5
18C5C
330
70
100
AcDbEntity
  8
COLUMN NUMBER
100
AcDbMText
 10
15963.7796616667
 20
22646.58167068902
 30
0.0
 40
4.499999999999995
 41
4.393499999999995
 46
0.0
 71
     1
 72
     5
  1
\fSegoe UI|b1|i0|c0|p34|;7
  7
Segoe UI_B
 73
     2
 44
1.0
1001
REVIT
1002
{
1070
     1
1000
8931387
1002
}
1002
{
1070
     5
1000
8914810
1002
}
1002
{
1070
     2
1000
-2005018
1002
}
  0
MTEXT
  5
18C5D
330
70
100
AcDbEntity
  8
COLUMN NUMBER
100
AcDbMText
 10
15185.14975285142
 20
22731.42845949808
 30
0.0
 40
4.499999999999995
 41
4.393499999999995
 46
0.0
 71
     1
 72
     5
  1
\fSegoe UI|b1|i0|c0|p34|;9
  7
Segoe UI_B
 73
     2
 44
1.0
1001
REVIT
1002
{
1070
     1
1000
8932087
1002
}
1002
{
1070
     5
1000
8914810
1002
}
1002
{
1070
     2
1000
-2005018
1002
}
  0
MTEXT
  5
18C5E
330
70
100
AcDbEntity
  8
COLUMN NUMBER
100
AcDbMText
 10
15460.59264008522
 20
22841.35592209843
 30
0.0
 40
4.499999999999995
 41
8.78699999999999
 46
0.0
 71
     1
 72
     5
  1
10
  7
Segoe UI_B
 73
     2
 44
1.0
1001
REVIT
1002
{
1070
     1
1000
8933591
1002
}
1002
{
1070
     5
1000
8914810
1002
}
1002
{
1070
     2
1000
-2005018
1002
}
  0
MTEXT
  5
18C5F
330
70
100
AcDbEntity
  8
COLUMN NUMBER
100
AcDbMText
 10
15687.43966017283
 20
23090.16855629883
 30
0.0
 40
4.499999999999995
 41
8.78699999999999
 46
0.0
 71
     1
 72
     5
  1
17
  7
Segoe UI_B
 73
     2
 44
1.0
1001
REVIT
1002
{
1070
     1
1000
8936746
1002
}
1002
{
1070
     5
1000
8914810
1002
}
1002
{
1070
     2
1000
-2005018
1002
}
  0
MTEXT
  5
18C60
330
70
100
AcDbEntity
  8
COLUMN NUMBER
100
AcDbMText
 10
15833.38695369019
 20
23324.14211401963
 30
0.0
 40
4.499999999999995
 41
8.78699999999999
 46
0.0
 71
     1
 72
     5
  1
19
  7
Segoe UI_B
 73
     2
 44
1.0
1001
REVIT
1002
{
1070
     1
1000
8939060
1002
}
1002
{
1070
     5
1000
8914810
1002
}
1002
{
1070
     2
1000
-2005018
1002
}
  0
MTEXT
  5
18C61
330
70
100
AcDbEntity
  8
COLUMN NUMBER
100
AcDbMText
 10
15916.71282598081
 20
22502.57417299205
 30
0.0
 40
4.499999999999995
 41
9.241499999999991
 46
0.0
 71
     1
 72
     5
  1
4b
  7
Segoe UI_B
 73
     2
 44
1.0
1001
REVIT
1002
{
1070
     1
1000
8939549
1002
}
1002
{
1070
     5
1000
8914810
1002
}
1002
{
1070
     2
1000
-2005018
1002
}
  0
LWPOLYLINE
  5
18C62
330
70
100
AcDbEntity
  8
COLS
100
AcDbPolyline
 90
        4
 70
     1
 43
0.0
 10
15193.03871949084
 20
22741.53671189783
 10
15181.03871949084
 20
22741.53671189783
 10
15181.03871949084
 20
22717.53671189783
 10
15193.03871949084
 20
22717.53671189783
  0
LWPOLYLINE
  5
18C63
330
70
100
AcDbEntity
  8
COLS
100
AcDbPolyline
 90
        4
 70
     1
 43
0.0
 10
15361.43665551011
 20
22997.81509623944
 10
15351.46225698264
 20
23004.48678073551
 10
15338.11888799049
 20
22984.53798368057
 10
15348.09328651794
 20
22977.86629918449
  0
LWPOLYLINE
  5
18C64
330
70
100
AcDbEntity
  8
COLS
100
AcDbPolyline
 90
        4
 70
     1
 43
0.0
 10
15517.52357586681
 20
23231.17042793712
 10
15507.54917733935
 20
23237.8421124332
 10
15494.2058083472
 20
23217.89331537825
 10
15504.18020687466
 20
23211.22163088218
  0
LWPOLYLINE
  5
18C65
330
70
100
AcDbEntity
  8
COLS
100
AcDbPolyline
 90
        4
 70
     1
 43
0.0
 10
15349.28871949084
 20
22650.68992308876
 10
15349.28871949084
 20
22638.68992308876
 10
15373.28871949084
 20
22638.68992308876
 10
15373.28871949084
 20
22650.68992308876
  0
LWPOLYLINE
  5
18C66
330
70
100
AcDbEntity
  8
COLS
100
AcDbPolyline
 90
        4
 70
     1
 43
0.0
 10
16091.66862830613
 20
22654.94720605249
 10
16091.66862830613
 20
22642.94720605249
 10
16115.66862830614
 20
22642.94720605249
 10
16115.66862830614
 20
22654.94720605249
  0
LWPOLYLINE
  5
18C67
330
70
100
AcDbEntity
  8
COLS
100
AcDbPolyline
 90
        4
 70
     1
 43
0.0
 10
16029.5188235556
 20
23148.56895293385
 10
16039.5263502997
 20
23163.53055072505
 10
16029.55195177224
 20
23170.20223522113
 10
16019.54442502813
 20
23155.24063742991
  0
LWPOLYLINE
  5
18C68
330
70
100
AcDbEntity
  8
COLS
100
AcDbPolyline
 90
        4
 70
     1
 43
0.0
 10
16114.41826749071
 20
23003.26463660069
 10
16114.41826749071
 20
22985.2646366007
 10
16126.41826749071
 20
22985.2646366007
 10
16126.41826749071
 20
23003.26463660069
  0
LWPOLYLINE
  5
18C69
330
70
100
AcDbEntity
  8
COLS
100
AcDbPolyline
 90
        4
 70
     1
 43
0.0
 10
16249.1653072219
 20
22868.81242308874
 10
16249.1653072219
 20
22856.81242308875
 10
16273.16530722191
 20
22856.81242308875
 10
16273.16530722191
 20
22868.81242308874
  0
LWPOLYLINE
  5
18C6A
330
70
100
AcDbEntity
  8
COLS
100
AcDbPolyline
 90
        4
 70
     1
 43
0.0
 10
15529.95075871125
 20
22494.6824253918
 10
15547.95075871125
 20
22494.6824253918
 10
15547.95075871125
 20
22506.6824253918
 10
15529.95075871125
 20
22506.6824253918
  0
LWPOLYLINE
  5
18C6B
330
70
100
AcDbEntity
  8
COLS
100
AcDbPolyline
 90
        4
 70
     1
 43
0.0
 10
16249.94919729131
 20
22681.18992308876
 10
16249.94919729131
 20
22669.18992308876
 10
16273.94919729131
 20
22669.18992308876
 10
16273.94919729131
 20
22681.18992308876
  0
LWPOLYLINE
  5
18C6C
330
70
100
AcDbEntity
  8
COLS
100
AcDbPolyline
 90
        3
 70
     1
 43
0.0
 10
16123.16826749064
 20
22868.2524230904
 10
16123.16826749064
 20
22856.2524230904
 10
16123.37726171485
 20
22856.2524230904
  0
LWPOLYLINE
  5
18C6D
330
70
100
AcDbEntity
  8
COLS
100
AcDbPolyline
 90
        4
 70
     1
 43
0.0
 10
15593.13474988439
 20
23344.2117420498
 10
15583.16035135691
 20
23350.88342654586
 10
15569.81698236478
 20
23330.93462949093
 10
15579.79138089225
 20
23324.26294499484
  0
LWPOLYLINE
  5
18C6E
330
70
100
AcDbEntity
  8
COLS
100
AcDbPolyline
 90
        4
 70
     1
 43
0.0
 10
15762.28871949085
 20
22506.6824253918
 10
15762.28871949085
 20
22494.6824253918
 10
15786.28871949084
 20
22494.6824253918
 10
15786.28871949084
 20
22506.6824253918
  0
LWPOLYLINE
  5
18C6F
330
70
100
AcDbEntity
  8
COLS
100
AcDbPolyline
 90
        4
 70
     1
 43
0.0
 10
15953.66862830613
 20
22650.68992308876
 10
15953.66862830613
 20
22638.68992308876
 10
15977.66862830614
 20
22638.68992308876
 10
15977.66862830614
 20
22650.68992308876
  0
LWPOLYLINE
  5
18C70
330
70
100
AcDbEntity
  8
COLS
100
AcDbPolyline
 90
        4
 70
     1
 43
0.0
 10
15457.65729591968
 20
22851.12847439686
 10
15450.97747008651
 20
22841.15952626585
 10
15470.91536634849
 20
22827.79987459951
 10
15477.59519218167
 20
22837.7688227305
  0
LWPOLYLINE
  5
18C71
330
70
100
AcDbEntity
  8
COLS
100
AcDbPolyline
 90
        4
 70
     1
 43
0.0
 10
15697.77190750114
 20
23076.61792493876
 10
15704.4435919972
 20
23086.59232346624
 10
15684.49479494226
 20
23099.93569245838
 10
15677.82311044619
 20
23089.96129393091
  0
CIRCLE
  5
18C72
330
70
100
AcDbEntity
  8
COLS
100
AcDbCircle
 10
15837.08064473906
 20
23322.25036641939
 30
0.0
 40
8.999999999999849
  0
LWPOLYLINE
  5
18C73
330
70
100
AcDbEntity
  8
COLS
100
AcDbPolyline
 90
        4
 70
     1
 43
0.0
 10
15911.59549340764
 20
22494.6824253918
 10
15929.59549340764
 20
22494.6824253918
 10
15929.59549340764
 20
22506.6824253918
 10
15911.59549340764
 20
22506.6824253918
  0
LWPOLYLINE
  5
18C74
330
70
100
AcDbEntity
  8
BOUNDARY
100
AcDbPolyline
 90
       27
 70
     1
 43
0.0
 10
15517.91590579601
 20
22495.33262011697
 10
15506.87838312824
 20
22517.1749683664
 10
15506.87838312824
 20
22631.35358255503
 10
15202.64393675251
 20
22631.35358255503
 10
15202.64393675251
 20
22631.35358255503
 10
15181.73368662593
 20
22640.45700535644
 10
15181.73368662593
 20
22750.73671158387
 10
15598.59957023025
 20
23373.96559149044
 10
15624.39425663293
 20
23371.27518037847
 10
15756.82289411199
 20
23282.23046365813
 10
15786.16811579404
 20
23325.873117226
 10
15823.20221578886
 20
23343.71832542712
 10
16048.01914416841
 20
23193.34174736884
 10
16049.6786728386
 20
23168.24222857165
 10
16014.52476214429
 20
23110.32434330325
 10
16110.00882784169
 20
23046.22712853428
 10
16135.52847957845
 20
23005.82527027189
 10
16135.52847957845
 20
22878.35108255503
 10
16269.66954161876
 20
22878.35108255503
 10
16283.11338043794
 20
22878.35108255503
 10
16283.52677699904
 20
22667.32734964504
 10
16269.66948358593
 20
22661.9133921314
 10
16127.6755069519
 20
22661.9133921314
 10
16105.8630069519
 20
22631.35358255503
 10
15951.87838312824
 20
22631.35358255503
 10
15951.87838312824
 20
22515.45064392116
 10
15943.9126450227
 20
22495.72142523841
  0
LWPOLYLINE
  5
18C75
330
70
100
AcDbEntity
  8
WALL
100
AcDbPolyline
 90
        9
 70
     1
 43
0.0
 10
15763.14421886686
 20
22713.44784999155
 10
15757.58448178655
 20
22705.13585121829
 10
15675.50400906015
 20
22760.03902505979
 10
15791.14654033053
 20
22932.92859954358
 10
15796.70628597197
 20
22941.24059259035
 10
15878.78675013724
 20
22886.33742447535
 10
15873.22701305693
 20
22878.02542570209
 10
15799.45848693573
 20
22927.36878447103
 10
15689.37569274566
 20
22762.79120876048
  0
LWPOLYLINE
  5
18C76
330
70
100
AcDbEntity
  8
WALL
100
AcDbPolyline
 90
        6
 70
     1
 43
0.0
 10
15613.576687951
 20
22807.17653350606
 10
15605.26474134579
 20
22812.73634857861
 10
15763.86729768889
 20
23049.85264287772
 10
15841.73423811834
 20
22997.76705750423
 10
15836.17450103828
 20
22989.45505873134
 10
15766.6186917462
 20
23035.97960987972
  0
POINT
  5
18C77
330
70
100
AcDbEntity
  8
POINT
100
AcDbPoint
 10
15920.59549340545
 20
22500.68242535727
 30
0.0
  0
POINT
  5
18C78
330
70
100
AcDbEntity
  8
POINT
100
AcDbPoint
 10
15837.08064473906
 20
23322.25036641939
 30
0.0
  0
POINT
  5
18C79
330
70
100
AcDbEntity
  8
POINT
100
AcDbPoint
 10
15691.13335122173
 20
23088.27680869928
 30
0.0
  0
POINT
  5
18C7A
330
70
100
AcDbEntity
  8
POINT
100
AcDbPoint
 10
15464.28633113405
 20
22839.46417449719
 30
0.0
  0
POINT
  5
18C7B
330
70
100
AcDbEntity
  8
POINT
100
AcDbPoint
 10
15965.66862830786
 20
22644.6899231148
 30
0.0
  0
POINT
  5
18C7C
330
70
100
AcDbEntity
  8
POINT
100
AcDbPoint
 10
15774.28871949084
 20
22500.68242539164
 30
0.0
  0
POINT
  5
18C7D
330
70
100
AcDbEntity
  8
POINT
100
AcDbPoint
 10
15581.47586612462
 20
23337.57318577117
 30
0.0
  0
POINT
  5
18C7E
330
70
100
AcDbEntity
  8
POINT
100
AcDbPoint
 10
16123.23793244645
 20
22860.25242586818
 30
0.0
  0
POINT
  5
18C7F
330
70
100
AcDbEntity
  8
POINT
100
AcDbPoint
 10
16261.94919729138
 20
22675.18992308916
 30
0.0
  0
POINT
  5
18C80
330
70
100
AcDbEntity
  8
POINT
100
AcDbPoint
 10
15538.95075871071
 20
22500.68242537508
 30
0.0
  0
POINT
  5
18C81
330
70
100
AcDbEntity
  8
POINT
100
AcDbPoint
 10
16261.16530722427
 20
22862.81242311585
 30
0.0
  0
POINT
  5
18C82
330
70
100
AcDbEntity
  8
POINT
100
AcDbPoint
 10
16120.41826749073
 20
22994.26463660094
 30
0.0
  0
POINT
  5
18C83
330
70
100
AcDbEntity
  8
POINT
100
AcDbPoint
 10
16029.53538766496
 20
23159.38559409344
 30
0.0
  0
POINT
  5
18C84
330
70
100
AcDbEntity
  8
POINT
100
AcDbPoint
 10
16103.66862830618
 20
22648.94720605266
 30
0.0
  0
POINT
  5
18C85
330
70
100
AcDbEntity
  8
POINT
100
AcDbPoint
 10
15361.28871949083
 20
22644.68992308861
 30
0.0
  0
POINT
  5
18C86
330
70
100
AcDbEntity
  8
POINT
100
AcDbPoint
 10
15505.8646921072
 20
23224.53187166478
 30
0.0
  0
POINT
  5
18C87
330
70
100
AcDbEntity
  8
POINT
100
AcDbPoint
 10
15349.77777175028
 20
22991.1765399592
 30
0.0
  0
POINT
  5
18C88
330
70
100
AcDbEntity
  8
POINT
100
AcDbPoint
 10
15187.03871949084
 20
22729.53671189735
 30
0.0
  0
VIEWPORT
  5
1003
330
6C
100
AcDbEntity
 67
     1
  8
0
100
AcDbViewport
 10
7.207905467892841
 20
3.866651345846732
 30
0.0
 40
36.34281860135793
 41
22.27882370626878
 68
     1
 69
     1
 12
7.207905467892841
 22
3.866651345846732
 13
0.0
 23
0.0
 14
0.0
 24
0.0
 15
0.0
 25
0.0
 16
0.0
 26
0.0
 36
1.0
 17
0.0
 27
0.0
 37
0.0
 42
50.0
 43
0.0
 44
0.0
 45
22.27882370626878
 50
0.0
 51
0.0
 72
   100
 90
    32800
  1

281
     0
 71
     1
 74
     1
110
0.0
120
0.0
130
0.0
111
1.0
121
0.0
131
0.0
112
0.0
122
1.0
132
0.0
 79
     0
146
0.0
170
     0
 61
     5
348
2F
292
     1
282
     1
141
0.0
142
0.0
 63
   250
421
  3355443
  0
ENDSEC
  0
SECTION
  2
OBJECTS
  0
DICTIONARY
  5
C
330
0
100
AcDbDictionary
281
     1
  3
ACAD_ASSOCPERSSUBENTMANAGER
350
18CE3
  3
ACAD_CIP_PREVIOUS_PRODUCT_INFO
350
79
  3
ACAD_COLOR
350
63
  3
ACAD_DETAILVIEWSTYLE
350
6A
  3
ACAD_GROUP
350
D
  3
ACAD_IMAGE_VARS
350
7A
  3
ACAD_LAST_SAVED_VERSION_INFO
350
124C
  3
ACAD_LAYOUT
350
62
  3
ACAD_MATERIAL
350
10
  3
ACAD_MLEADERSTYLE
350
66
  3
ACAD_MLINESTYLE
350
5F
  3
ACAD_PLOTSETTINGS
350
61
  3
ACAD_PLOTSTYLENAME
350
E
  3
ACAD_SCALELIST
350
42
  3
ACAD_SECTIONVIEWSTYLE
350
68
  3
ACAD_TABLESTYLE
350
64
  3
ACAD_VISUALSTYLE
350
29
  3
ACDB_RECOMPOSE_DATA
350
19875
  3
ACDBVARIABLEDICTIONARY
350
18BF5
  3
AcDsDecomposeData
350
1987B
  3
AEC_PROPERTY_SET_DEFS
350
49C9
  3
REVIT_DICTIONARY
350
1216
  0
SUN
  5
1220
330
57
100
AcDbSun
 90
        1
290
     1
 63
     7
421
 16777215
 40
0.3
291
     1
 91
  2460682
 92
 37904000
292
     0
 70
     1
 71
   128
280
     1
1001
ACAD
1000
AcDbSavedByObjectVersion
1070
     0
1000
AcDbSavedByObjectVersion
1070
     0
1000
AcDbSavedByObjectVersion
1070
     0
1000
AcDbSavedByObjectVersion
1070
     0
  0
DICTIONARY
  5
123F
330
2
100
AcDbDictionary
280
     1
281
     1
  3
ACAD_LAYERSTATES
360
1240
  0
DICTIONARY
  5
121B
330
70
100
AcDbDictionary
280
     1
281
     1
  3
ACAD_SORTENTS
360
121C
  0
DICTIONARY
  5
19493
330
1007
100
AcDbDictionary
280
     1
281
     1
  3
ACAD_SORTENTS
360
1981E
  0
DICTIONARY
  5
19824
330
11E0
100
AcDbDictionary
280
     1
281
     1
  3
ACAD_SORTENTS
360
19825
  0
ACDBASSOCPERSSUBENTMANAGER
  5
18CE3
102
{ACAD_REACTORS
330
C
102
}
330
C
100
AcDbAssocPersSubentManager
 90
        1
 90
        3
 90
        0
 90
        2
 90
        0
 90
        0
 90
        0
 90
        0
290
     0
  0
XRECORD
  5
79
102
{ACAD_REACTORS
330
C
102
}
330
C
100
AcDbXrecord
280
     1
300
ACDMAC
300
2026
300

  0
DICTIONARY
  5
63
102
{ACAD_REACTORS
330
C
102
}
330
C
100
AcDbDictionary
281
     1
  0
DICTIONARY
  5
6A
102
{ACAD_REACTORS
330
C
102
}
330
C
100
AcDbDictionary
281
     1
  3
Imperial24
350
6B
  0
DICTIONARY
  5
D
102
{ACAD_REACTORS
330
C
102
}
330
C
100
AcDbDictionary
281
     1
  0
RASTERVARIABLES
  5
7A
102
{ACAD_REACTORS
330
C
102
}
330
C
100
AcDbRasterVariables
 90
        0
 70
     0
 71
     1
 72
     6
  0
XRECORD
  5
124C
102
{ACAD_REACTORS
330
C
102
}
330
C
100
AcDbXrecord
280
     1
300
{01B30654-0900-AE4E-85B1-1AC97D2E0D1F}
301
{457144A4-B2C5-5A4A-85B9-302C4A9DA393}
302
{01B30654-0900-AE4E-85B1-1AC97D2E0D1F}
303
/Users/gabe/Desktop/BIBLE/PROJECTS/358 Flatbush/CLT/INPUT.dxf
301
{3A8FAC76-996D-B149-BDB9-1F528EADEF8C}
302
{26E073C7-82F5-DE48-9DD2-6054EB26B907}
303
\\data\data\PROJECTS\S.E.T\358 FLATBUSH AVENUE, BROOKLYN\CALCULATIONS & ANALYSIS\COLUMN LOAD TAKEDOWN\VORONOI-COLUMN-LOAD TAKEDOWN\INPUT.dxf
  0
DICTIONARY
  5
62
102
{ACAD_REACTORS
330
C
102
}
330
C
100
AcDbDictionary
281
     1
  3
Layout1
350
6F
  3
Model
350
73
  0
DICTIONARY
  5
10
102
{ACAD_REACTORS
330
C
102
}
330
C
100
AcDbDictionary
281
     1
  3
ByBlock
350
19
  3
ByLayer
350
11
  3
Global
350
21
  0
DICTIONARY
  5
66
102
{ACAD_REACTORS
330
C
102
}
330
C
100
AcDbDictionary
281
     1
  3
Standard
350
67
  0
DICTIONARY
  5
5F
102
{ACAD_REACTORS
330
C
102
}
330
C
100
AcDbDictionary
281
     1
  3
Standard
350
60
  0
DICTIONARY
  5
61
102
{ACAD_REACTORS
330
C
102
}
330
C
100
AcDbDictionary
281
     1
  0
ACDBDICTIONARYWDFLT
  5
E
102
{ACAD_REACTORS
330
C
102
}
330
C
100
AcDbDictionary
281
     1
  3
Normal
350
F
100
AcDbDictionaryWithDefault
340
F
  0
DICTIONARY
  5
42
102
{ACAD_REACTORS
330
C
102
}
330
C
100
AcDbDictionary
281
     1
  3
A0
350
43
  3
A1
350
44
  3
A2
350
45
  3
A3
350
46
  3
A4
350
47
  3
A5
350
48
  3
A6
350
49
  3
A7
350
4A
  3
A8
350
4B
  3
A9
350
4C
  3
B0
350
4D
  3
B1
350
4E
  3
B2
350
4F
  3
B3
350
50
  3
B4
350
51
  3
B5
350
52
  3
B6
350
53
  0
DICTIONARY
  5
68
102
{ACAD_REACTORS
330
C
102
}
330
C
100
AcDbDictionary
281
     1
  3
Imperial24
350
69
  0
DICTIONARY
  5
64
102
{ACAD_REACTORS
330
C
102
}
330
C
100
AcDbDictionary
281
     1
  3
Standard
350
65
  0
DICTIONARY
  5
29
102
{ACAD_REACTORS
330
C
102
}
330
C
100
AcDbDictionary
281
     1
  3
2dWireframe
350
2F
  3
Basic
350
2E
  3
Brighten
350
35
  3
ColorChange
350
39
  3
Conceptual
350
32
  3
Dim
350
34
  3
EdgeColorOff
350
41
  3
Facepattern
350
38
  3
Flat
350
2A
  3
FlatWithEdges
350
2B
  3
Gouraud
350
2C
  3
GouraudWithEdges
350
2D
  3
Hidden
350
31
  3
JitterOff
350
3F
  3
Linepattern
350
37
  3
OverhangOff
350
40
  3
Realistic
350
33
  3
Shaded
350
3E
  3
Shaded with edges
350
3D
  3
Shades of Gray
350
3A
  3
Sketchy
350
3B
  3
Thicken
350
36
  3
Wireframe
350
30
  3
X-Ray
350
3C
  0
XRECORD
  5
19875
102
{ACAD_REACTORS
330
C
102
}
330
C
100
AcDbXrecord
280
     1
 90
        1
330
65
  0
DICTIONARY
  5
18BF5
102
{ACAD_REACTORS
330
C
102
}
330
C
100
AcDbDictionary
281
     2
  3
#COMPAREDIFFTOTAL
350
18BF6
  3
#REVCLOUDAPPROXARCLEN
350
18BF7
  3
ANNOALLVISIBLE
350
18BF8
  3
CANNOSCALE
350
18BF9
  3
CMLEADERSTYLE
350
18BFA
  3
CTABLESTYLE
350
18BFB
  3
CVIEWDETAILSTYLE
350
18BFC
  3
CVIEWSECTIONSTYLE
350
18BFD
  3
DIMADEC
350
18BFE
  3
DIMASSOC
350
18BFF
  3
DIMLAYER
350
18C00
  3
EXPORTPAPERSPACE
350
18C01
  3
FIELDEVAL
350
18C02
  3
HPCOLOR
350
18C03
  3
HPINHERIT
350
18C04
  3
HPTRANSPARENCY
350
18C05
  3
INDEXCTL
350
18C06
  3
LAYEREVAL
350
18C07
  3
LAYERNOTIFY
350
18C08
  3
LIGHTINGUNITS
350
18C09
  3
MLEADERSCALE
350
18C0A
  3
MSLTSCALE
350
18C0B
  3
OLEFRAME
350
18C0C
  3
PDFFRAME
350
18C0D
  3
SOLIDHIST
350
18C0E
  3
SORTENTS
350
18C0F
  3
XCLIPFRAME
350
18C9E
  0
DICTIONARY
  5
1987B
102
{ACAD_REACTORS
330
C
102
}
330
C
100
AcDbDictionary
281
     1
  3
AcDsRecords
350
1987D
  3
AcDsSchemas
350
1987C
1001
ACAD
1070
     2
  0
DICTIONARY
  5
49C9
102
{ACAD_REACTORS
330
C
102
}
330
C
100
AcDbDictionary
281
     1
  0
DICTIONARY
  5
1216
102
{ACAD_REACTORS
330
C
102
}
330
C
100
AcDbDictionary
281
     1
  3
DRAWING_TOOL
350
121A
  3
REVIT_CATEGORY_MAPPING
350
1218
  3
REVIT_SUB_CATEGORY_MAPPING
350
1219
  3
REVIT_TYPE_MAPPING
350
1217
  0
DICTIONARY
  5
1240
102
{ACAD_REACTORS
330
123F
102
}
330
123F
100
AcDbDictionary
281
     1
  0
SORTENTSTABLE
  5
121C
102
{ACAD_REACTORS
330
121B
102
}
330
121B
100
AcDbSortentsTable
330
70
  0
SORTENTSTABLE
  5
1981E
102
{ACAD_REACTORS
330
19493
102
}
330
19493
100
AcDbSortentsTable
330
1007
  0
SORTENTSTABLE
  5
19825
102
{ACAD_REACTORS
330
19824
102
}
330
19824
100
AcDbSortentsTable
330
11E0
  0
ACDBDETAILVIEWSTYLE
  5
6B
102
{ACAD_XDICTIONARY
360
198B2
102
}
102
{ACAD_REACTORS
330
6A
102
}
330
6A
100
AcDbModelDocViewStyle
 70
     0
  3
Imperial24
290
     0
100
AcDbDetailViewStyle
 70
     0
 71
     0
 90
        3
 71
     1
340
55
 62
   256
 40
0.24
340
0
 62
   256
 40
0.24
300

 40
0.36
280
     3
 71
     2
340
5D
 90
       25
 62
   256
 71
     3
340
55
 62
   256
 40
0.24
 90
        1
 40
0.75
 90
        1
300
%<\AcVar ViewType \f "%tc1">% %<\AcVar ViewDetailId>%\PSCALE %<\AcVar ViewScale \f "%sn">%
 71
     4
340
5D
 90
       25
 62
   256
340
5D
 90
       25
 62
   256
280
     0
  0
LAYOUT
  5
6F
102
{ACAD_REACTORS
330
62
102
}
330
62
100
AcDbPlotSettings
  1

  2
AutoCAD PDF (General Documentation).pc3
  4
ANSI_A_(11.00_x_8.50_Inches)
  6

 40
5.0
 41
17.0
 42
5.0
 43
17.0
 44
279.3999938964844
 45
215.8999938964844
 46
0.0
 47
0.0
 48
0.0
 49
0.0
140
0.0
141
0.0
142
1.0
143
0.413152236775216
 70
   688
 72
     0
 73
     0
 74
     1
  7

 75
     0
147
2.420415311811733
 76
     0
 77
     2
 78
   300
148
3.687121607676731
149
-0.4813664996081102
100
AcDbLayout
  1
Layout1
 70
     1
 71
     1
 10
-0.2264914484863312
 20
-0.2575677765972662
 11
4.318183056762259
 21
3.254226136713282
 12
0.0
 22
0.0
 32
0.0
 14
1.000000000000000E+20
 24
1.000000000000000E+20
 34
1.000000000000000E+20
 15
-1.000000000000000E+20
 25
-1.000000000000000E+20
 35
-1.000000000000000E+20
146
0.0
 13
0.0
 23
0.0
 33
0.0
 16
1.0
 26
0.0
 36
0.0
 17
0.0
 27
1.0
 37
0.0
 76
     0
330
6C
331
1003
1001
ACAD_PSEXT
1000
AutoCAD PDF (General Documentation).pc3
1000
DWG To PDF
1000
File
1000

1070
     0
  0
LAYOUT
  5
73
102
{ACAD_REACTORS
330
62
102
}
330
62
100
AcDbPlotSettings
  1

  2

  4

  6

 40
0.0
 41
0.0
 42
0.0
 43
0.0
 44
0.0
 45
0.0
 46
0.0
 47
0.0
 48
0.0
 49
0.0
140
0.0
141
0.0
142
1.0
143
1.0
 70
  1712
 72
     0
 73
     0
 74
     0
  7

 75
     0
147
1.0
 76
     0
 77
     2
 78
   300
148
0.0
149
0.0
100
AcDbLayout
  1
Model
 70
     1
 71
     0
 10
0.0
 20
0.0
 11
12.0
 21
9.0
 12
0.0
 22
0.0
 32
0.0
 14
0.0
 24
0.0
 34
0.0
 15
0.0
 25
0.0
 35
0.0
146
0.0
 13
0.0
 23
0.0
 33
0.0
 16
1.0
 26
0.0
 36
0.0
 17
0.0
 27
1.0
 37
0.0
 76
     0
330
70
331
57
  0
MATERIAL
  5
19
102
{ACAD_XDICTIONARY
360
1A
102
}
102
{ACAD_REACTORS
330
10
102
}
330
10
100
AcDbMaterial
  1
ByBlock
 72
     0
 43
0.0208333333333333
 43
0.0
 43
0.0
 43
0.0
 43
0.0
 43
0.0208333333333333
 43
0.0
 43
0.0
 43
0.0
 43
0.0
 43
1.0
 43
0.0
 43
0.0
 43
0.0
 43
0.0
 43
1.0
 77
     0
 47
0.0208333333333333
 47
0.0
 47
0.0
 47
0.0
 47
0.0
 47
0.0208333333333333
 47
0.0
 47
0.0
 47
0.0
 47
0.0
 47
1.0
 47
0.0
 47
0.0
 47
0.0
 47
0.0
 47
1.0
171
     0
 49
0.0208333333333333
 49
0.0
 49
0.0
 49
0.0
 49
0.0
 49
0.0208333333333333
 49
0.0
 49
0.0
 49
0.0
 49
0.0
 49
1.0
 49
0.0
 49
0.0
 49
0.0
 49
0.0
 49
1.0
175
     0
142
0.0208333333333333
142
0.0
142
0.0
142
0.0
142
0.0
142
0.0208333333333333
142
0.0
142
0.0
142
0.0
142
0.0
142
1.0
142
0.0
142
0.0
142
0.0
142
0.0
142
1.0
179
     0
144
0.0208333333333333
144
0.0
144
0.0
144
0.0
144
0.0
144
0.0208333333333333
144
0.0
144
0.0
144
0.0
144
0.0
144
1.0
144
0.0
144
0.0
144
0.0
144
0.0
144
1.0
147
0.0208333333333333
147
0.0
147
0.0
147
0.0
147
0.0
147
0.0208333333333333
147
0.0
147
0.0
147
0.0
147
0.0
147
1.0
147
0.0
147
0.0
147
0.0
147
0.0
147
1.0
  0
MATERIAL
  5
11
102
{ACAD_XDICTIONARY
360
12
102
}
102
{ACAD_REACTORS
330
10
102
}
330
10
100
AcDbMaterial
  1
ByLayer
 72
     0
 43
0.0208333333333333
 43
0.0
 43
0.0
 43
0.0
 43
0.0
 43
0.0208333333333333
 43
0.0
 43
0.0
 43
0.0
 43
0.0
 43
1.0
 43
0.0
 43
0.0
 43
0.0
 43
0.0
 43
1.0
 77
     0
 47
0.0208333333333333
 47
0.0
 47
0.0
 47
0.0
 47
0.0
 47
0.0208333333333333
 47
0.0
 47
0.0
 47
0.0
 47
0.0
 47
1.0
 47
0.0
 47
0.0
 47
0.0
 47
0.0
 47
1.0
171
     0
 49
0.0208333333333333
 49
0.0
 49
0.0
 49
0.0
 49
0.0
 49
0.0208333333333333
 49
0.0
 49
0.0
 49
0.0
 49
0.0
 49
1.0
 49
0.0
 49
0.0
 49
0.0
 49
0.0
 49
1.0
175
     0
142
0.0208333333333333
142
0.0
142
0.0
142
0.0
142
0.0
142
0.0208333333333333
142
0.0
142
0.0
142
0.0
142
0.0
142
1.0
142
0.0
142
0.0
142
0.0
142
0.0
142
1.0
179
     0
144
0.0208333333333333
144
0.0
144
0.0
144
0.0
144
0.0
144
0.0208333333333333
144
0.0
144
0.0
144
0.0
144
0.0
144
1.0
144
0.0
144
0.0
144
0.0
144
0.0
144
1.0
147
0.0208333333333333
147
0.0
147
0.0
147
0.0
147
0.0
147
0.0208333333333333
147
0.0
147
0.0
147
0.0
147
0.0
147
1.0
147
0.0
147
0.0
147
0.0
147
0.0
147
1.0
  0
MATERIAL
  5
21
102
{ACAD_XDICTIONARY
360
22
102
}
102
{ACAD_REACTORS
330
10
102
}
330
10
100
AcDbMaterial
  1
Global
 72
     0
 43
0.0208333333333333
 43
0.0
 43
0.0
 43
0.0
 43
0.0
 43
0.0208333333333333
 43
0.0
 43
0.0
 43
0.0
 43
0.0
 43
1.0
 43
0.0
 43
0.0
 43
0.0
 43
0.0
 43
1.0
 77
     0
 47
0.0208333333333333
 47
0.0
 47
0.0
 47
0.0
 47
0.0
 47
0.0208333333333333
 47
0.0
 47
0.0
 47
0.0
 47
0.0
 47
1.0
 47
0.0
 47
0.0
 47
0.0
 47
0.0
 47
1.0
171
     0
 49
0.0208333333333333
 49
0.0
 49
0.0
 49
0.0
 49
0.0
 49
0.0208333333333333
 49
0.0
 49
0.0
 49
0.0
 49
0.0
 49
1.0
 49
0.0
 49
0.0
 49
0.0
 49
0.0
 49
1.0
175
     0
142
0.0208333333333333
142
0.0
142
0.0
142
0.0
142
0.0
142
0.0208333333333333
142
0.0
142
0.0
142
0.0
142
0.0
142
1.0
142
0.0
142
0.0
142
0.0
142
0.0
142
1.0
179
     0
144
0.0208333333333333
144
0.0
144
0.0
144
0.0
144
0.0
144
0.0208333333333333
144
0.0
144
0.0
144
0.0
144
0.0
144
1.0
144
0.0
144
0.0
144
0.0
144
0.0
144
1.0
147
0.0208333333333333
147
0.0
147
0.0
147
0.0
147
0.0
147
0.0208333333333333
147
0.0
147
0.0
147
0.0
147
0.0
147
1.0
147
0.0
147
0.0
147
0.0
147
0.0
147
1.0
  0
MLEADERSTYLE
  5
67
102
{ACAD_XDICTIONARY
360
198AE
102
}
102
{ACAD_REACTORS
330
66
102
}
330
66
100
AcDbMLeaderStyle
170
     2
171
     1
172
     0
 90
        2
 40
0.0
 41
0.0
173
     1
 91
-1056964608
340
5B
 92
       -2
290
     1
 42
0.09
291
     1
 43
0.36
  3
Standard
 44
0.18
300

342
55
174
     1
178
     6
175
     1
176
     0
 93
-1056964608
 45
0.18
292
     0
297
     0
 46
0.18
 94
-1056964608
 47
1.0
 49
1.0
140
1.0
293
     1
141
0.0
294
     1
177
     0
142
1.0
295
     0
296
     0
143
0.125
1001
ACAD_MLEADERVER
1070
     2
  0
MLINESTYLE
  5
60
102
{ACAD_REACTORS
330
5F
102
}
330
5F
100
AcDbMlineStyle
  2
STANDARD
 70
     0
  3

 62
   256
 51
90.0
 52
90.0
 71
     2
 49
0.5
 62
   256
  6
BYLAYER
 49
-0.5
 62
   256
  6
BYLAYER
  0
ACDBPLACEHOLDER
  5
F
102
{ACAD_REACTORS
330
E
102
}
330
E
  0
SCALE
  5
43
102
{ACAD_REACTORS
330
42
102
}
330
42
100
AcDbScale
 70
     0
300
1:1
140
1.0
141
1.0
290
     1
  0
SCALE
  5
44
102
{ACAD_REACTORS
330
42
102
}
330
42
100
AcDbScale
 70
     0
300
1/128" = 1'-0"
140
0.0078125
141
12.0
290
     0
  0
SCALE
  5
45
102
{ACAD_REACTORS
330
42
102
}
330
42
100
AcDbScale
 70
     0
300
1/64" = 1'-0"
140
0.015625
141
12.0
290
     0
  0
SCALE
  5
46
102
{ACAD_REACTORS
330
42
102
}
330
42
100
AcDbScale
 70
     0
300
1/32" = 1'-0"
140
0.03125
141
12.0
290
     0
  0
SCALE
  5
47
102
{ACAD_REACTORS
330
42
102
}
330
42
100
AcDbScale
 70
     0
300
1/16" = 1'-0"
140
0.0625
141
12.0
290
     0
  0
SCALE
  5
48
102
{ACAD_REACTORS
330
42
102
}
330
42
100
AcDbScale
 70
     0
300
3/32" = 1'-0"
140
0.09375
141
12.0
290
     0
  0
SCALE
  5
49
102
{ACAD_REACTORS
330
42
102
}
330
42
100
AcDbScale
 70
     0
300
1/8" = 1'-0"
140
0.125
141
12.0
290
     0
  0
SCALE
  5
4A
102
{ACAD_REACTORS
330
42
102
}
330
42
100
AcDbScale
 70
     0
300
3/16" = 1'-0"
140
0.1875
141
12.0
290
     0
  0
SCALE
  5
4B
102
{ACAD_REACTORS
330
42
102
}
330
42
100
AcDbScale
 70
     0
300
1/4" = 1'-0"
140
0.25
141
12.0
290
     0
  0
SCALE
  5
4C
102
{ACAD_REACTORS
330
42
102
}
330
42
100
AcDbScale
 70
     0
300
3/8" = 1'-0"
140
0.375
141
12.0
290
     0
  0
SCALE
  5
4D
102
{ACAD_REACTORS
330
42
102
}
330
42
100
AcDbScale
 70
     0
300
1/2" = 1'-0"
140
0.5
141
12.0
290
     0
  0
SCALE
  5
4E
102
{ACAD_REACTORS
330
42
102
}
330
42
100
AcDbScale
 70
     0
300
3/4" = 1'-0"
140
0.75
141
12.0
290
     0
  0
SCALE
  5
4F
102
{ACAD_REACTORS
330
42
102
}
330
42
100
AcDbScale
 70
     0
300
1" = 1'-0"
140
1.0
141
12.0
290
     0
  0
SCALE
  5
50
102
{ACAD_REACTORS
330
42
102
}
330
42
100
AcDbScale
 70
     0
300
1-1/2" = 1'-0"
140
1.5
141
12.0
290
     0
  0
SCALE
  5
51
102
{ACAD_REACTORS
330
42
102
}
330
42
100
AcDbScale
 70
     0
300
3" = 1'-0"
140
3.0
141
12.0
290
     0
  0
SCALE
  5
52
102
{ACAD_REACTORS
330
42
102
}
330
42
100
AcDbScale
 70
     0
300
6" = 1'-0"
140
6.0
141
12.0
290
     0
  0
SCALE
  5
53
102
{ACAD_REACTORS
330
42
102
}
330
42
100
AcDbScale
 70
     0
300
1'-0" = 1'-0"
140
12.0
141
12.0
290
     0
  0
ACDBSECTIONVIEWSTYLE
  5
69
102
{ACAD_XDICTIONARY
360
198B0
102
}
102
{ACAD_REACTORS
330
68
102
}
330
68
100
AcDbModelDocViewStyle
 70
     0
  3
Imperial24
290
     0
100
AcDbSectionViewStyle
 70
     0
 71
     0
 90
       78
 71
     1
340
55
 62
   256
 40
0.24
340
0
340
0
 62
   256
 40
0.24
300
I, O, Q, S, X, Z
 40
0.48
 90
        3
 40
0.18
 90
        1
 71
     2
340
5D
 90
       25
 62
   256
340
5D
 90
       50
 62
   256
 40
0.24
 40
0.0
 40
0.24
 71
     3
340
55
 62
   256
 40
0.24
 90
        1
 40
0.75
 90
        1
300
%<\AcVar ViewType \f "%tc1">% %<\AcVar ViewSectionStartId>%-%<\AcVar ViewSectionEndId>%\PSCALE %<\AcVar ViewScale \f "%sn">%
 71
     4
 62
   256
 62
   257
300
ANSI31
 40
1.0
 90
        0
290
     0
290
     0
 90
        6
 40
0.0
 40
1.570796326794896
 40
0.2617993877991494
 40
1.308996938995747
 40
-0.2617993877991494
 40
1.832595714594044
  0
TABLESTYLE
  5
65
102
{ACAD_XDICTIONARY
360
186C3
102
}
102
{ACAD_REACTORS
330
64
102
}
330
64
100
AcDbTableStyle
  3
Standard
 70
     0
 71
     0
 40
0.06
 41
0.06
280
     0
281
     0
  7
Standard
140
0.18
170
     2
 62
     0
 63
     7
283
     0
 90
      512
 91
        0
  1

274
    -2
284
     1
 64
     0
275
    -2
285
     1
 65
     0
276
    -2
286
     1
 66
     0
277
    -2
287
     1
 67
     0
278
    -2
288
     1
 68
     0
279
    -2
289
     1
 69
     0
  7
Standard
140
0.25
170
     5
 62
     0
 63
     7
283
     0
 90
      512
 91
        0
  1

274
    -2
284
     1
 64
     0
275
    -2
285
     1
 65
     0
276
    -2
286
     1
 66
     0
277
    -2
287
     1
 67
     0
278
    -2
288
     1
 68
     0
279
    -2
289
     1
 69
     0
  7
Standard
140
0.18
170
     5
 62
     0
 63
     7
283
     0
 90
      512
 91
        0
  1

274
    -2
284
     1
 64
     0
275
    -2
285
     1
 65
     0
276
    -2
286
     1
 66
     0
277
    -2
287
     1
 67
     0
278
    -2
288
     1
 68
     0
279
    -2
289
     1
 69
     0
  0
VISUALSTYLE
  5
2F
102
{ACAD_XDICTIONARY
360
19888
102
}
102
{ACAD_REACTORS
330
29
102
}
330
29
100
AcDbVisualStyle
  2

 70
     4
 71
     0
 72
     2
 73
     0
 90
        0
 40
-0.6
 41
-30.0
 62
     5
 63
     7
421
 16777215
 74
     1
 91
        4
 64
     7
 65
   257
 75
     1
175
     1
 42
1.0
 92
        0
 66
   257
 43
1.0
 76
     1
 77
     6
 78
     2
 67
     7
 79
     5
170
     0
171
     0
290
     0
174
     0
 93
        1
 44
0.0
173
     0
291
     0
 45
0.0
1001
ACAD
1000
AcDbSavedByObjectVersion
1070
     0
  0
VISUALSTYLE
  5
2E
102
{ACAD_XDICTIONARY
360
19886
102
}
102
{ACAD_REACTORS
330
29
102
}
330
29
100
AcDbVisualStyle
  2

 70
     7
 71
     1
 72
     0
 73
     1
 90
        0
 40
-0.6
 41
-30.0
 62
     5
 63
     7
421
 16777215
 74
     0
 91
        4
 64
     7
 65
   257
 75
     1
175
     1
 42
1.0
 92
        8
 66
     7
 43
1.0
 76
     1
 77
     6
 78
     2
 67
     7
 79
     5
170
     0
171
     0
290
     0
174
     0
 93
        1
 44
0.0
173
     0
291
     1
 45
0.0
1001
ACAD
1000
AcDbSavedByObjectVersion
1070
     0
  0
VISUALSTYLE
  5
35
102
{ACAD_XDICTIONARY
360
19894
102
}
102
{ACAD_REACTORS
330
29
102
}
330
29
100
AcDbVisualStyle
  2

 70
    12
 71
     2
 72
     2
 73
     0
 90
        0
 40
-0.6
 41
-30.0
 62
     5
 63
     7
421
 16777215
 74
     1
 91
        4
 64
     7
 65
   257
 75
     1
175
     1
 42
1.0
 92
        8
 66
     7
 43
1.0
 76
     1
 77
     6
 78
     2
 67
     7
 79
     5
170
     0
171
     0
290
     0
174
     0
 93
        1
 44
50.0
173
     0
291
     1
 45
0.0
1001
ACAD
1000
AcDbSavedByObjectVersion
1070
     0
  0
VISUALSTYLE
  5
39
102
{ACAD_XDICTIONARY
360
1989C
102
}
102
{ACAD_REACTORS
330
29
102
}
330
29
100
AcDbVisualStyle
  2

 70
    16
 71
     2
 72
     2
 73
     3
 90
        0
 40
-0.6
 41
-30.0
 62
     5
 63
     8
421
  8421504
 74
     1
 91
        4
 64
     7
 65
   257
 75
     1
175
     1
 42
1.0
 92
        8
 66
     8
424
  8421504
 43
1.0
 76
     1
 77
     6
 78
     2
 67
     7
 79
     5
170
     0
171
     0
290
     0
174
     0
 93
        1
 44
0.0
173
     0
291
     1
 45
0.0
1001
ACAD
1000
AcDbSavedByObjectVersion
1070
     0
  0
VISUALSTYLE
  5
32
102
{ACAD_XDICTIONARY
360
1988E
102
}
102
{ACAD_REACTORS
330
29
102
}
330
29
100
AcDbVisualStyle
  2

 70
     9
 71
     3
 72
     2
 73
     0
 90
        0
 40
-0.6
 41
-30.0
 62
     5
 63
     7
421
 16777215
 74
     2
 91
        2
 64
     7
 65
   257
 75
     1
175
     1
 42
179.0
 92
        8
 66
     7
 43
1.0
 76
     1
 77
     6
 78
     2
 67
     7
 79
     3
170
     0
171
     0
290
     0
174
     0
 93
        1
 44
0.0
173
     0
291
     0
 45
0.0
1001
ACAD
1000
AcDbSavedByObjectVersion
1070
     0
  0
VISUALSTYLE
  5
34
102
{ACAD_XDICTIONARY
360
19892
102
}
102
{ACAD_REACTORS
330
29
102
}
330
29
100
AcDbVisualStyle
  2

 70
    11
 71
     2
 72
     2
 73
     0
 90
        0
 40
-0.6
 41
-30.0
 62
     5
 63
     7
421
 16777215
 74
     1
 91
        4
 64
     7
 65
   257
 75
     1
175
     1
 42
1.0
 92
        8
 66
     7
 43
1.0
 76
     1
 77
     6
 78
     2
 67
     7
 79
     5
170
     0
171
     0
290
     0
174
     0
 93
        1
 44
-50.0
173
     0
291
     1
 45
0.0
1001
ACAD
1000
AcDbSavedByObjectVersion
1070
     0
  0
VISUALSTYLE
  5
41
102
{ACAD_XDICTIONARY
360
198AC
102
}
102
{ACAD_REACTORS
330
29
102
}
330
29
100
AcDbVisualStyle
  2

 70
    22
 71
     2
 72
     2
 73
     0
 90
        0
 40
-0.6
 41
-30.0
 62
     5
 63
     7
421
 16777215
 74
     1
 91
        4
 64
     7
 65
   257
 75
     1
175
     1
 42
1.0
 92
        8
 66
     7
 43
1.0
 76
     1
 77
     6
 78
     2
 67
     7
 79
     5
170
     0
171
     0
290
     0
174
     0
 93
        1
 44
0.0
173
     0
291
     1
 45
0.0
1001
ACAD
1000
AcDbSavedByObjectVersion
1070
     0
  0
VISUALSTYLE
  5
38
102
{ACAD_XDICTIONARY
360
1989A
102
}
102
{ACAD_REACTORS
330
29
102
}
330
29
100
AcDbVisualStyle
  2

 70
    15
 71
     2
 72
     2
 73
     0
 90
        0
 40
-0.6
 41
-30.0
 62
     5
 63
     7
421
 16777215
 74
     1
 91
        4
 64
     7
 65
   257
 75
     1
175
     1
 42
1.0
 92
        8
 66
     7
 43
1.0
 76
     1
 77
     6
 78
     2
 67
     7
 79
     5
170
     0
171
     0
290
     0
174
     0
 93
        1
 44
0.0
173
     0
291
     1
 45
0.0
1001
ACAD
1000
AcDbSavedByObjectVersion
1070
     0
  0
VISUALSTYLE
  5
2A
102
{ACAD_XDICTIONARY
360
1987E
102
}
102
{ACAD_REACTORS
330
29
102
}
330
29
100
AcDbVisualStyle
  2

 70
     0
 71
     2
 72
     1
 73
     1
 90
        2
 40
-0.6
 41
30.0
 62
     5
 63
     7
421
 16777215
 74
     0
 91
        0
 64
     7
 65
   257
 75
     1
175
     1
 42
1.0
 92
        8
 66
     7
 43
1.0
 76
     1
 77
     6
 78
     2
 67
     7
 79
     5
170
     0
171
     0
290
     0
174
     0
 93
       13
 44
0.0
173
     0
291
     1
 45
0.0
1001
ACAD
1000
AcDbSavedByObjectVersion
1070
     0
  0
VISUALSTYLE
  5
2B
102
{ACAD_XDICTIONARY
360
19880
102
}
102
{ACAD_REACTORS
330
29
102
}
330
29
100
AcDbVisualStyle
  2

 70
     1
 71
     2
 72
     1
 73
     1
 90
        2
 40
-0.6
 41
30.0
 62
     5
 63
     7
421
 16777215
 74
     1
 91
        0
 64
     7
 65
   257
 75
     1
175
     1
 42
1.0
 92
        0
 66
   257
 43
1.0
 76
     1
 77
     6
 78
     2
 67
     7
 79
     5
170
     0
171
     0
290
     0
174
     0
 93
       13
 44
0.0
173
     0
291
     1
 45
0.0
1001
ACAD
1000
AcDbSavedByObjectVersion
1070
     0
  0
VISUALSTYLE
  5
2C
102
{ACAD_XDICTIONARY
360
19882
102
}
102
{ACAD_REACTORS
330
29
102
}
330
29
100
AcDbVisualStyle
  2

 70
     2
 71
     2
 72
     2
 73
     1
 90
        2
 40
-0.6
 41
30.0
 62
     5
 63
     7
421
 16777215
 74
     0
 91
        0
 64
     7
 65
   257
 75
     1
175
     1
 42
1.0
 92
        0
 66
     7
 43
1.0
 76
     1
 77
     6
 78
     2
 67
     7
 79
     5
170
     0
171
     0
290
     0
174
     0
 93
       13
 44
0.0
173
     0
291
     1
 45
0.0
1001
ACAD
1000
AcDbSavedByObjectVersion
1070
     0
  0
VISUALSTYLE
  5
2D
102
{ACAD_XDICTIONARY
360
19884
102
}
102
{ACAD_REACTORS
330
29
102
}
330
29
100
AcDbVisualStyle
  2

 70
     3
 71
     2
 72
     2
 73
     1
 90
        2
 40
-0.6
 41
30.0
 62
     5
 63
     7
421
 16777215
 74
     1
 91
        0
 64
     7
 65
   257
 75
     1
175
     1
 42
1.0
 92
        0
 66
   257
 43
1.0
 76
     1
 77
     6
 78
     2
 67
     7
 79
     5
170
     0
171
     0
290
     0
174
     0
 93
       13
 44
0.0
173
     0
291
     1
 45
0.0
1001
ACAD
1000
AcDbSavedByObjectVersion
1070
     0
  0
VISUALSTYLE
  5
31
102
{ACAD_XDICTIONARY
360
1988C
102
}
102
{ACAD_REACTORS
330
29
102
}
330
29
100
AcDbVisualStyle
  2

 70
     6
 71
     1
 72
     2
 73
     2
 90
        0
 40
-0.6
 41
-30.0
 62
     5
 63
     7
421
 16777215
 74
     2
 91
        2
 64
     7
 65
   257
 75
     2
175
     1
 42
40.0
 92
        0
 66
   257
 43
1.0
 76
     1
 77
     6
 78
     2
 67
     7
 79
     3
170
     0
171
     0
290
     0
174
     0
 93
        1
 44
0.0
173
     0
291
     0
 45
0.0
1001
ACAD
1000
AcDbSavedByObjectVersion
1070
     0
  0
VISUALSTYLE
  5
3F
102
{ACAD_XDICTIONARY
360
198A8
102
}
102
{ACAD_REACTORS
330
29
102
}
330
29
100
AcDbVisualStyle
  2

 70
    20
 71
     2
 72
     2
 73
     0
 90
        0
 40
-0.6
 41
-30.0
 62
     5
 63
     7
421
 16777215
 74
     1
 91
        4
 64
     7
 65
   257
 75
     1
175
     1
 42
1.0
 92
       10
 66
     7
 43
1.0
 76
     1
 77
     6
 78
     2
 67
     7
 79
     5
170
     0
171
     0
290
     0
174
     0
 93
        1
 44
0.0
173
     0
291
     1
 45
0.0
1001
ACAD
1000
AcDbSavedByObjectVersion
1070
     0
  0
VISUALSTYLE
  5
37
102
{ACAD_XDICTIONARY
360
19898
102
}
102
{ACAD_REACTORS
330
29
102
}
330
29
100
AcDbVisualStyle
  2

 70
    14
 71
     2
 72
     2
 73
     0
 90
        0
 40
-0.6
 41
-30.0
 62
     5
 63
     7
421
 16777215
 74
     1
 91
        4
 64
     7
 65
   257
 75
     7
175
     7
 42
1.0
 92
        8
 66
     7
 43
1.0
 76
     1
 77
     6
 78
     2
 67
     7
 79
     5
170
     0
171
     0
290
     0
174
     0
 93
        1
 44
0.0
173
     0
291
     1
 45
0.0
1001
ACAD
1000
AcDbSavedByObjectVersion
1070
     0
  0
VISUALSTYLE
  5
40
102
{ACAD_XDICTIONARY
360
198AA
102
}
102
{ACAD_REACTORS
330
29
102
}
330
29
100
AcDbVisualStyle
  2

 70
    21
 71
     2
 72
     2
 73
     0
 90
        0
 40
-0.6
 41
-30.0
 62
     5
 63
     7
421
 16777215
 74
     1
 91
        4
 64
     7
 65
   257
 75
     1
175
     1
 42
1.0
 92
        9
 66
     7
 43
1.0
 76
     1
 77
     6
 78
     2
 67
     7
 79
     5
170
     0
171
     0
290
     0
174
     0
 93
        1
 44
0.0
173
     0
291
     1
 45
0.0
1001
ACAD
1000
AcDbSavedByObjectVersion
1070
     0
  0
VISUALSTYLE
  5
33
102
{ACAD_XDICTIONARY
360
19890
102
}
102
{ACAD_REACTORS
330
29
102
}
330
29
100
AcDbVisualStyle
  2

 70
     8
 71
     2
 72
     3
 73
     0
 90
        2
 40
-0.6
 41
30.0
 62
     5
 63
     7
421
 16777215
 74
     0
 91
        0
 64
     7
 65
   257
 75
     1
175
     1
 42
1.0
 92
        8
 66
   257
 43
1.0
 76
     1
 77
     6
 78
     2
 67
     7
 79
     3
170
     0
171
     0
290
     0
174
     0
 93
       13
 44
0.0
173
     0
291
     0
 45
0.0
1001
ACAD
1000
AcDbSavedByObjectVersion
1070
     0
  0
VISUALSTYLE
  5
3E
102
{ACAD_XDICTIONARY
360
198A6
102
}
102
{ACAD_REACTORS
330
29
102
}
330
29
100
AcDbVisualStyle
  2

 70
    27
 71
     2
 72
     2
 73
     1
 90
        2
 40
-0.6
 41
30.0
 62
     5
 63
     7
421
 16777215
 74
     0
 91
        4
 64
     7
 65
   257
 75
     1
175
     1
 42
1.0
 92
        8
 66
   257
 43
1.0
 76
     1
 77
     6
 78
     2
 67
     8
425
  7895160
 79
     3
170
     0
171
     0
290
     0
174
     0
 93
        5
 44
0.0
173
     0
291
     0
 45
0.0
1001
ACAD
1000
AcDbSavedByObjectVersion
1070
     0
  0
VISUALSTYLE
  5
3D
102
{ACAD_XDICTIONARY
360
198A4
102
}
102
{ACAD_REACTORS
330
29
102
}
330
29
100
AcDbVisualStyle
  2

 70
    26
 71
     2
 72
     2
 73
     1
 90
        2
 40
-0.6
 41
30.0
 62
     5
 63
     7
421
 16777215
 74
     1
 91
        2
 64
     7
 65
   257
 75
     2
175
     1
 42
1.0
 92
        8
 66
   257
 43
1.0
 76
     1
 77
     6
 78
     2
 67
     7
 79
     3
170
     0
171
     0
290
     0
174
     0
 93
        5
 44
0.0
173
     0
291
     0
 45
0.0
1001
ACAD
1000
AcDbSavedByObjectVersion
1070
     0
  0
VISUALSTYLE
  5
3A
102
{ACAD_XDICTIONARY
360
1989E
102
}
102
{ACAD_REACTORS
330
29
102
}
330
29
100
AcDbVisualStyle
  2

 70
    23
 71
     2
 72
     2
 73
     3
 90
        0
 40
-0.6
 41
-30.0
 62
     5
 63
     7
421
 16777215
 74
     2
 91
        2
 64
     7
 65
     7
 75
     1
175
     1
 42
40.0
 92
        8
 66
     7
 43
1.0
 76
     1
 77
     6
 78
     2
 67
     7
 79
     3
170
     0
171
     0
290
     0
174
     0
 93
        1
 44
0.0
173
     0
291
     0
 45
0.0
1001
ACAD
1000
AcDbSavedByObjectVersion
1070
     0
  0
VISUALSTYLE
  5
3B
102
{ACAD_XDICTIONARY
360
198A0
102
}
102
{ACAD_REACTORS
330
29
102
}
330
29
100
AcDbVisualStyle
  2

 70
    24
 71
     1
 72
     2
 73
     2
 90
        0
 40
-0.6
 41
-30.0
 62
     5
 63
     7
421
 16777215
 74
     2
 91
        2
 64
     7
 65
     7
 75
     1
175
     1
 42
40.0
 92
       11
 66
     7
 43
1.0
 76
     1
 77
     6
 78
     2
 67
     7
 79
     6
170
     0
171
     0
290
     0
174
     0
 93
        1
 44
0.0
173
     0
291
     0
 45
0.0
1001
ACAD
1000
AcDbSavedByObjectVersion
1070
     0
  0
VISUALSTYLE
  5
36
102
{ACAD_XDICTIONARY
360
19896
102
}
102
{ACAD_REACTORS
330
29
102
}
330
29
100
AcDbVisualStyle
  2

 70
    13
 71
     2
 72
     2
 73
     0
 90
        0
 40
-0.6
 41
-30.0
 62
     5
 63
     7
421
 16777215
 74
     1
 91
        4
 64
     7
 65
   257
 75
     1
175
     1
 42
1.0
 92
       12
 66
     7
 43
1.0
 76
     1
 77
     6
 78
     2
 67
     7
 79
     5
170
     0
171
     0
290
     0
174
     0
 93
        1
 44
0.0
173
     0
291
     1
 45
0.0
1001
ACAD
1000
AcDbSavedByObjectVersion
1070
     0
  0
VISUALSTYLE
  5
30
102
{ACAD_XDICTIONARY
360
1988A
102
}
102
{ACAD_REACTORS
330
29
102
}
330
29
100
AcDbVisualStyle
  2

 70
     5
 71
     0
 72
     2
 73
     0
 90
        0
 40
-0.6
 41
-30.0
 62
     5
 63
     7
421
 16777215
 74
     1
 91
        4
 64
     7
 65
   257
 75
     1
175
     1
 42
1.0
 92
        0
 66
   257
 43
1.0
 76
     1
 77
     6
 78
     2
 67
     7
 79
     3
170
     0
171
     0
290
     0
174
     0
 93
        1
 44
0.0
173
     0
291
     0
 45
0.0
1001
ACAD
1000
AcDbSavedByObjectVersion
1070
     0
  0
VISUALSTYLE
  5
3C
102
{ACAD_XDICTIONARY
360
198A2
102
}
102
{ACAD_REACTORS
330
29
102
}
330
29
100
AcDbVisualStyle
  2

 70
    25
 71
     2
 72
     2
 73
     1
 90
        1
 40
0.5
 41
-30.0
 62
     5
 63
     7
421
 16777215
 74
     1
 91
        0
 64
     7
 65
   257
 75
     1
175
     1
 42
1.0
 92
        8
 66
     7
 43
1.0
 76
     1
 77
     6
 78
     2
 67
     7
 79
     3
170
     0
171
     0
290
     0
174
     0
 93
       13
 44
0.0
173
     0
291
     0
 45
0.0
1001
ACAD
1000
AcDbSavedByObjectVersion
1070
     0
  0
DICTIONARYVAR
  5
18BF6
102
{ACAD_REACTORS
330
18BF5
102
}
330
18BF5
100
DictionaryVariables
280
     0
  1
2
  0
DICTIONARYVAR
  5
18BF7
102
{ACAD_REACTORS
330
18BF5
102
}
330
18BF5
100
DictionaryVariables
280
     0
  1
10.000000
  0
DICTIONARYVAR
  5
18BF8
102
{ACAD_REACTORS
330
18BF5
102
}
330
18BF5
100
DictionaryVariables
280
     0
  1
1
  0
DICTIONARYVAR
  5
18BF9
102
{ACAD_REACTORS
330
18BF5
102
}
330
18BF5
100
DictionaryVariables
280
     0
  1
1:1
  0
DICTIONARYVAR
  5
18BFA
102
{ACAD_REACTORS
330
18BF5
102
}
330
18BF5
100
DictionaryVariables
280
     0
  1
STANDARD
  0
DICTIONARYVAR
  5
18BFB
102
{ACAD_REACTORS
330
18BF5
102
}
330
18BF5
100
DictionaryVariables
280
     0
  1
STANDARD
  0
DICTIONARYVAR
  5
18BFC
102
{ACAD_REACTORS
330
18BF5
102
}
330
18BF5
100
DictionaryVariables
280
     0
  1
Imperial24
  0
DICTIONARYVAR
  5
18BFD
102
{ACAD_REACTORS
330
18BF5
102
}
330
18BF5
100
DictionaryVariables
280
     0
  1
Imperial24
  0
DICTIONARYVAR
  5
18BFE
102
{ACAD_REACTORS
330
18BF5
102
}
330
18BF5
100
DictionaryVariables
280
     0
  1
0
  0
DICTIONARYVAR
  5
18BFF
102
{ACAD_REACTORS
330
18BF5
102
}
330
18BF5
100
DictionaryVariables
280
     0
  1
2
  0
DICTIONARYVAR
  5
18C00
102
{ACAD_REACTORS
330
18BF5
102
}
330
18BF5
100
DictionaryVariables
280
     0
  1
S01_Dimensions
  0
DICTIONARYVAR
  5
18C01
102
{ACAD_REACTORS
330
18BF5
102
}
330
18BF5
100
DictionaryVariables
280
     0
  1
1
  0
DICTIONARYVAR
  5
18C02
102
{ACAD_REACTORS
330
18BF5
102
}
330
18BF5
100
DictionaryVariables
280
     0
  1
31
  0
DICTIONARYVAR
  5
18C03
102
{ACAD_REACTORS
330
18BF5
102
}
330
18BF5
100
DictionaryVariables
280
     0
  1
BYLAYER
  0
DICTIONARYVAR
  5
18C04
102
{ACAD_REACTORS
330
18BF5
102
}
330
18BF5
100
DictionaryVariables
280
     0
  1
0
  0
DICTIONARYVAR
  5
18C05
102
{ACAD_REACTORS
330
18BF5
102
}
330
18BF5
100
DictionaryVariables
280
     0
  1
ByLayer
  0
DICTIONARYVAR
  5
18C06
102
{ACAD_REACTORS
330
18BF5
102
}
330
18BF5
100
DictionaryVariables
280
     0
  1
0
  0
DICTIONARYVAR
  5
18C07
102
{ACAD_REACTORS
330
18BF5
102
}
330
18BF5
100
DictionaryVariables
280
     0
  1
0
  0
DICTIONARYVAR
  5
18C08
102
{ACAD_REACTORS
330
18BF5
102
}
330
18BF5
100
DictionaryVariables
280
     0
  1
0
  0
DICTIONARYVAR
  5
18C09
102
{ACAD_REACTORS
330
18BF5
102
}
330
18BF5
100
DictionaryVariables
280
     0
  1
2
  0
DICTIONARYVAR
  5
18C0A
102
{ACAD_REACTORS
330
18BF5
102
}
330
18BF5
100
DictionaryVariables
280
     0
  1
1.000000
  0
DICTIONARYVAR
  5
18C0B
102
{ACAD_REACTORS
330
18BF5
102
}
330
18BF5
100
DictionaryVariables
280
     0
  1
1
  0
DICTIONARYVAR
  5
18C0C
102
{ACAD_REACTORS
330
18BF5
102
}
330
18BF5
100
DictionaryVariables
280
     0
  1
2
  0
DICTIONARYVAR
  5
18C0D
102
{ACAD_REACTORS
330
18BF5
102
}
330
18BF5
100
DictionaryVariables
280
     0
  1
1
  0
DICTIONARYVAR
  5
18C0E
102
{ACAD_REACTORS
330
18BF5
102
}
330
18BF5
100
DictionaryVariables
280
     0
  1
1
  0
DICTIONARYVAR
  5
18C0F
102
{ACAD_REACTORS
330
18BF5
102
}
330
18BF5
100
DictionaryVariables
280
     0
  1
127
  0
DICTIONARYVAR
  5
18C9E
102
{ACAD_REACTORS
330
18BF5
102
}
330
18BF5
100
DictionaryVariables
280
     0
  1
2
  0
DICTIONARY
  5
1987D
102
{ACAD_REACTORS
330
1987B
102
}
330
1987B
100
AcDbDictionary
281
     1
  0
DICTIONARY
  5
1987C
102
{ACAD_REACTORS
330
1987B
102
}
330
1987B
100
AcDbDictionary
281
     1
  3
5184780000
350
19876
  3
5184780016
350
19877
  3
5184780032
350
19878
  3
5184780048
350
19879
  3
5184780064
350
1987A
  0
XRECORD
  5
121A
102
{ACAD_REACTORS
330
1216
102
}
330
1216
100
AcDbXrecord
280
     1
  1
BUILDING_ID
  1
358 FLATBUSH AVE - Central Model
  1
FLOOR_ID
  1
4651267
  0
XRECORD
  5
1218
102
{ACAD_REACTORS
330
1216
102
}
330
1216
100
AcDbXrecord
280
     1
  1
-2000011
  1
Walls
  1
-2000023
  1
Doors
  1
-2000032
  1
Floors
  1
-2000051
  1
Lines
  1
-2000120
  1
Stairs
  1
-2000150
  1
Generic Annotations
  1
-2000260
  1
Dimensions
  1
-2000280
  1
Title Blocks
  1
-2000300
  1
Text Notes
  1
-2000460
  1
Door Tags
  1
-2000480
  1
Room Tags
  1
-2000510
  1
Viewports
  1
-2000515
  1
View Titles
  1
-2000570
  1
Schedule Graphics
  1
-2000829
  1
Room Polylines
  1
-2000938
  1
Stair Paths
  1
-2000944
  1
Stair Tread/Riser Numbers
  1
-2001000
  1
Casework
  1
-2001160
  1
Plumbing Fixtures
  1
-2001260
  1
Site
  1
-2002000
  1
Detail Items
  0
XRECORD
  5
1219
102
{ACAD_REACTORS
330
1216
102
}
330
1216
100
AcDbXrecord
280
     1
  1
-2000025
  1
Panel
  1
-2000029
  1
Frame/Mullion
  1
-2000042
  1
<Thin Lines>
  1
-2000043
  1
<Medium Lines>
  1
-2000131
  1
Down Arrows
  1
-2000281
  1
<Thin Lines>
  1
-2000282
  1
<Medium Lines>
  1
-2000286
  1
<Hidden>
  1
-2000586
  1
Common Edges
  1
-2000588
  1
Cut Pattern
  1
-2000932
  1
Nosing Lines
  1
-2000934
  1
Outlines
  1
-2001265
  1
Property Lines
  1
394
  1
Plan Swing
  1
6207984
  1
1
  1
6207988
  1
3
  1
7554603
  1
THIN
  0
XRECORD
  5
1217
102
{ACAD_REACTORS
330
1216
102
}
330
1216
100
AcDbXrecord
280
     1
  1
1193393
  1
Filled region : Solid white
  1
1433035
  1
Basic Wall : TJA_5-INT-PT_2HR_6" : TJA_5-INT-PT_2HR_6"
  1
168809
  1
Automatic Up/Down Direction : Standard
  1
168817
  1
Cast-In-Place Stair : TJA_RESIDENTIAL STAIR TYP 3'-0"W
  1
2052642
  1
Linear Dimension Style : 1. TJA_3/32
  1
23052
  1
Filled region : Diagonal Down
  1
367544
  1
Floor : BALCONY & TERRACE
  1
410359
  1
Basic Wall : TJA_E5-EXT_BRICK WALL : TJA_E5-EXT_BRICK WALL
  1
4665336
  1
Basic Wall : TJA_S1-INT_SHEAR WALL_10" : TJA_S1-INT_SHEAR WALL_10"
  1
5652093
  1
Side_opening_ElevatorLift_Door_with_Call_buttons_1 : 12000 x 2290 Opening 2
  1
5825696
  1
Basic Wall : TJA_E2-EXT_EIFS STUCCO WALL_1HR : TJA_E2-EXT_EIFS STUCCO WALL_1HR
  1
6444315
  1
Basic Wall : TJA_CMU - 8" : TJA_CMU - 8"
  1
6764114
  1
Text : 2. TJA 1/8"
  1
6878887
  1
Text : 1. TJA 3/32" NARROW
  1
7333238
  1
Filled region : Diagonal Up Trans
  1
7412099
  1
Text : 0. TJA 1/16"
  1
7486371
  1
Room Tag w Light & Air : Room Tag With Area
  1
7577066
  1
The J Associates 36 x 48 - KAO : PROJECT ADDRESS 1
  1
7646713
  1
Door Tag : Door Tag
  1
7648167
  1
Basic Wall : TJA_E3-EXT_EIFS STUCCO WALL_2HR : TJA_E3-EXT_EIFS STUCCO WALL_2HR
  1
8273044
  1
Text : 5. TJA 3/8 BOLD
  1
8726068
  1
Linear Dimension Style : 1. TJA_3/32 ROUNDED
  1
8787337
  1
Water Heater : Water Heater 20"
  1
8918012
  1
Room Tag : Room Tag
  1
9019358
  1
Viewport : Viewport 2 (New Format)
  1
9030089
  1
Casework 5 : Casework 5
  1
9030497
  1
Casework 6 : Casework 5
  1
9030834
  1
Casework 7 : Casework 5
  1
9246761
  1
TJA_ED_OPAQUE INSULATED METAL DOOR2 : ED-1_3'X8' 2
  1
998192
  1
Basic Wall : TJA_STUCCO : TJA_STUCCO
  0
DICTIONARY
  5
198B2
330
6B
100
AcDbDictionary
280
     1
281
     1
  3
ACAD_XREC_ROUNDTRIP
360
198B3
  0
DICTIONARY
  5
1A
330
19
100
AcDbDictionary
280
     1
281
     1
  3
BUMPTILE
360
1C
  3
DIFFUSETILE
360
1B
  3
OPACITYTILE
360
1F
  3
REFLECTIONTILE
360
1E
  3
REFRACTIONTILE
360
20
  3
SPECULARTILE
360
1D
  0
DICTIONARY
  5
12
330
11
100
AcDbDictionary
280
     1
281
     1
  3
BUMPTILE
360
14
  3
DIFFUSETILE
360
13
  3
OPACITYTILE
360
17
  3
REFLECTIONTILE
360
16
  3
REFRACTIONTILE
360
18
  3
SPECULARTILE
360
15
  0
DICTIONARY
  5
22
330
21
100
AcDbDictionary
280
     1
281
     1
  3
BUMPTILE
360
24
  3
DIFFUSETILE
360
23
  3
OPACITYTILE
360
27
  3
REFLECTIONTILE
360
26
  3
REFRACTIONTILE
360
28
  3
SPECULARTILE
360
25
  0
DICTIONARY
  5
198AE
330
67
100
AcDbDictionary
280
     1
281
     1
  3
ACAD_XREC_ROUNDTRIP
360
198AF
  0
DICTIONARY
  5
198B0
330
69
100
AcDbDictionary
280
     1
281
     1
  3
ACAD_XREC_ROUNDTRIP
360
198B1
  0
DICTIONARY
  5
186C3
330
65
100
AcDbDictionary
280
     1
281
     1
  3
ACAD_ROUNDTRIP_2008_TABLESTYLE_CELLSTYLEMAP
360
19874
  0
DICTIONARY
  5
19888
330
2F
100
AcDbDictionary
280
     1
281
     1
  3
ACAD_XREC_ROUNDTRIP
360
19889
  0
DICTIONARY
  5
19886
330
2E
100
AcDbDictionary
280
     1
281
     1
  3
ACAD_XREC_ROUNDTRIP
360
19887
  0
DICTIONARY
  5
19894
330
35
100
AcDbDictionary
280
     1
281
     1
  3
ACAD_XREC_ROUNDTRIP
360
19895
  0
DICTIONARY
  5
1989C
330
39
100
AcDbDictionary
280
     1
281
     1
  3
ACAD_XREC_ROUNDTRIP
360
1989D
  0
DICTIONARY
  5
1988E
330
32
100
AcDbDictionary
280
     1
281
     1
  3
ACAD_XREC_ROUNDTRIP
360
1988F
  0
DICTIONARY
  5
19892
330
34
100
AcDbDictionary
280
     1
281
     1
  3
ACAD_XREC_ROUNDTRIP
360
19893
  0
DICTIONARY
  5
198AC
330
41
100
AcDbDictionary
280
     1
281
     1
  3
ACAD_XREC_ROUNDTRIP
360
198AD
  0
DICTIONARY
  5
1989A
330
38
100
AcDbDictionary
280
     1
281
     1
  3
ACAD_XREC_ROUNDTRIP
360
1989B
  0
DICTIONARY
  5
1987E
330
2A
100
AcDbDictionary
280
     1
281
     1
  3
ACAD_XREC_ROUNDTRIP
360
1987F
  0
DICTIONARY
  5
19880
330
2B
100
AcDbDictionary
280
     1
281
     1
  3
ACAD_XREC_ROUNDTRIP
360
19881
  0
DICTIONARY
  5
19882
330
2C
100
AcDbDictionary
280
     1
281
     1
  3
ACAD_XREC_ROUNDTRIP
360
19883
  0
DICTIONARY
  5
19884
330
2D
100
AcDbDictionary
280
     1
281
     1
  3
ACAD_XREC_ROUNDTRIP
360
19885
  0
DICTIONARY
  5
1988C
330
31
100
AcDbDictionary
280
     1
281
     1
  3
ACAD_XREC_ROUNDTRIP
360
1988D
  0
DICTIONARY
  5
198A8
330
3F
100
AcDbDictionary
280
     1
281
     1
  3
ACAD_XREC_ROUNDTRIP
360
198A9
  0
DICTIONARY
  5
19898
330
37
100
AcDbDictionary
280
     1
281
     1
  3
ACAD_XREC_ROUNDTRIP
360
19899
  0
DICTIONARY
  5
198AA
330
40
100
AcDbDictionary
280
     1
281
     1
  3
ACAD_XREC_ROUNDTRIP
360
198AB
  0
DICTIONARY
  5
19890
330
33
100
AcDbDictionary
280
     1
281
     1
  3
ACAD_XREC_ROUNDTRIP
360
19891
  0
DICTIONARY
  5
198A6
330
3E
100
AcDbDictionary
280
     1
281
     1
  3
ACAD_XREC_ROUNDTRIP
360
198A7
  0
DICTIONARY
  5
198A4
330
3D
100
AcDbDictionary
280
     1
281
     1
  3
ACAD_XREC_ROUNDTRIP
360
198A5
  0
DICTIONARY
  5
1989E
330
3A
100
AcDbDictionary
280
     1
281
     1
  3
ACAD_XREC_ROUNDTRIP
360
1989F
  0
DICTIONARY
  5
198A0
330
3B
100
AcDbDictionary
280
     1
281
     1
  3
ACAD_XREC_ROUNDTRIP
360
198A1
  0
DICTIONARY
  5
19896
330
36
100
AcDbDictionary
280
     1
281
     1
  3
ACAD_XREC_ROUNDTRIP
360
19897
  0
DICTIONARY
  5
1988A
330
30
100
AcDbDictionary
280
     1
281
     1
  3
ACAD_XREC_ROUNDTRIP
360
1988B
  0
DICTIONARY
  5
198A2
330
3C
100
AcDbDictionary
280
     1
281
     1
  3
ACAD_XREC_ROUNDTRIP
360
198A3
  0
XRECORD
  5
19876
102
{ACAD_REACTORS
330
1987C
102
}
330
1987C
100
AcDbXrecord
280
     1
  1
AcDb_Thumbnail_Schema
102
{ATTRRECORD
341
19877
  2
AcDbDs::TreatedAsObjectData
280
     1
291
     1
102
ATTRRECORD}
102
{ATTRRECORD
341
19878
  2
AcDbDs::Legacy
280
     1
291
     1
102
ATTRRECORD}
  2
AcDbDs::ID
280
    10
 91
        8
102
{ATTRRECORD
341
19879
  2
AcDs:Indexable
280
     1
291
     1
102
ATTRRECORD}
102
{ATTRRECORD
341
1987A
  2
AcDbDs::HandleAttribute
280
     7
282
     1
102
ATTRRECORD}
  2
Thumbnail_Data
280
    15
 91
        0
  0
XRECORD
  5
19877
102
{ACAD_REACTORS
330
1987C
102
}
330
1987C
100
AcDbXrecord
280
     1
  1
AcDbDs::TreatedAsObjectDataSchema
  2
AcDbDs::TreatedAsObjectData
280
     1
 91
        0
  0
XRECORD
  5
19878
102
{ACAD_REACTORS
330
1987C
102
}
330
1987C
100
AcDbXrecord
280
     1
  1
AcDbDs::LegacySchema
  2
AcDbDs::Legacy
280
     1
 91
        0
  0
XRECORD
  5
19879
102
{ACAD_REACTORS
330
1987C
102
}
330
1987C
100
AcDbXrecord
280
     1
  1
AcDbDs::IndexedPropertySchema
  2
AcDs:Indexable
280
     1
 91
        0
  0
XRECORD
  5
1987A
102
{ACAD_REACTORS
330
1987C
102
}
330
1987C
100
AcDbXrecord
280
     1
  1
AcDbDs::HandleAttributeSchema
  2
AcDbDs::HandleAttribute
280
     7
 91
        1
284
     1
  0
XRECORD
  5
198B3
102
{ACAD_REACTORS
330
198B2
102
}
330
198B2
100
AcDbXrecord
280
     1
102
DISPLAYNAME
  1
Imperial24
102
FLAGS
 90
        0
  0
XRECORD
  5
1C
102
{ACAD_REACTORS
330
1A
102
}
330
1A
100
AcDbXrecord
280
     1
270
     1
271
     1
  0
XRECORD
  5
1B
102
{ACAD_REACTORS
330
1A
102
}
330
1A
100
AcDbXrecord
280
     1
270
     1
271
     1
  0
XRECORD
  5
1F
102
{ACAD_REACTORS
330
1A
102
}
330
1A
100
AcDbXrecord
280
     1
270
     1
271
     1
  0
XRECORD
  5
1E
102
{ACAD_REACTORS
330
1A
102
}
330
1A
100
AcDbXrecord
280
     1
270
     1
271
     1
  0
XRECORD
  5
20
102
{ACAD_REACTORS
330
1A
102
}
330
1A
100
AcDbXrecord
280
     1
270
     1
271
     1
  0
XRECORD
  5
1D
102
{ACAD_REACTORS
330
1A
102
}
330
1A
100
AcDbXrecord
280
     1
270
     1
271
     1
  0
XRECORD
  5
14
102
{ACAD_REACTORS
330
12
102
}
330
12
100
AcDbXrecord
280
     1
270
     1
271
     1
  0
XRECORD
  5
13
102
{ACAD_REACTORS
330
12
102
}
330
12
100
AcDbXrecord
280
     1
270
     1
271
     1
  0
XRECORD
  5
17
102
{ACAD_REACTORS
330
12
102
}
330
12
100
AcDbXrecord
280
     1
270
     1
271
     1
  0
XRECORD
  5
16
102
{ACAD_REACTORS
330
12
102
}
330
12
100
AcDbXrecord
280
     1
270
     1
271
     1
  0
XRECORD
  5
18
102
{ACAD_REACTORS
330
12
102
}
330
12
100
AcDbXrecord
280
     1
270
     1
271
     1
  0
XRECORD
  5
15
102
{ACAD_REACTORS
330
12
102
}
330
12
100
AcDbXrecord
280
     1
270
     1
271
     1
  0
XRECORD
  5
24
102
{ACAD_REACTORS
330
22
102
}
330
22
100
AcDbXrecord
280
     1
270
     1
271
     1
  0
XRECORD
  5
23
102
{ACAD_REACTORS
330
22
102
}
330
22
100
AcDbXrecord
280
     1
270
     1
271
     1
  0
XRECORD
  5
27
102
{ACAD_REACTORS
330
22
102
}
330
22
100
AcDbXrecord
280
     1
270
     1
271
     1
  0
XRECORD
  5
26
102
{ACAD_REACTORS
330
22
102
}
330
22
100
AcDbXrecord
280
     1
270
     1
271
     1
  0
XRECORD
  5
28
102
{ACAD_REACTORS
330
22
102
}
330
22
100
AcDbXrecord
280
     1
270
     1
271
     1
  0
XRECORD
  5
25
102
{ACAD_REACTORS
330
22
102
}
330
22
100
AcDbXrecord
280
     1
270
     1
271
     1
  0
XRECORD
  5
198AF
102
{ACAD_REACTORS
330
198AE
102
}
330
198AE
100
AcDbXrecord
280
     1
102
ACAD_ROUNDTRIP_2012_MLEADER_STYLE
298
     1
  0
XRECORD
  5
198B1
102
{ACAD_REACTORS
330
198B0
102
}
330
198B0
100
AcDbXrecord
280
     1
102
DISPLAYNAME
  1
Imperial24
102
FLAGS
 90
        0
  0
CELLSTYLEMAP
  5
19874
102
{ACAD_REACTORS
330
186C3
102
}
330
186C3
100
AcDbCellStyleMap
 90
        3
300
CELLSTYLE
  1
TABLEFORMAT_BEGIN
 90
        5
170
     1
 91
        0
 92
    32768
 62
   257
 93
        1
300
CONTENTFORMAT
  1
CONTENTFORMAT_BEGIN
 90
        0
 91
        0
 92
      512
 93
        0
300

 40
0.0
140
1.0
 94
        5
 62
     0
340
55
144
0.25
309
CONTENTFORMAT_END
171
     1
301
MARGIN
  1
CELLMARGIN_BEGIN
 40
0.06
 40
0.06
 40
0.06
 40
0.06
 40
0.18
 40
0.18
309
CELLMARGIN_END
 94
        6
 95
        1
302
GRIDFORMAT
  1
GRIDFORMAT_BEGIN
 90
        0
 91
        1
 62
     0
 92
       -2
340
0
 93
        0
 40
0.045
309
GRIDFORMAT_END
 95
        2
302
GRIDFORMAT
  1
GRIDFORMAT_BEGIN
 90
        0
 91
        1
 62
     0
 92
       -2
340
0
 93
        0
 40
0.045
309
GRIDFORMAT_END
 95
        4
302
GRIDFORMAT
  1
GRIDFORMAT_BEGIN
 90
        0
 91
        1
 62
     0
 92
       -2
340
0
 93
        0
 40
0.045
309
GRIDFORMAT_END
 95
        8
302
GRIDFORMAT
  1
GRIDFORMAT_BEGIN
 90
        0
 91
        1
 62
     0
 92
       -2
340
0
 93
        0
 40
0.045
309
GRIDFORMAT_END
 95
       16
302
GRIDFORMAT
  1
GRIDFORMAT_BEGIN
 90
        0
 91
        1
 62
     0
 92
       -2
340
0
 93
        0
 40
0.045
309
GRIDFORMAT_END
 95
       32
302
GRIDFORMAT
  1
GRIDFORMAT_BEGIN
 90
        0
 91
        1
 62
     0
 92
       -2
340
0
 93
        0
 40
0.045
309
GRIDFORMAT_END
309
TABLEFORMAT_END
  1
CELLSTYLE_BEGIN
 90
        1
 91
        1
300
_TITLE
309
CELLSTYLE_END
300
CELLSTYLE
  1
TABLEFORMAT_BEGIN
 90
        5
170
     1
 91
        0
 92
        0
 62
   257
 93
        1
300
CONTENTFORMAT
  1
CONTENTFORMAT_BEGIN
 90
        0
 91
        0
 92
      512
 93
        0
300

 40
0.0
140
1.0
 94
        5
 62
     0
340
55
144
0.18
309
CONTENTFORMAT_END
171
     1
301
MARGIN
  1
CELLMARGIN_BEGIN
 40
0.06
 40
0.06
 40
0.06
 40
0.06
 40
0.18
 40
0.18
309
CELLMARGIN_END
 94
        6
 95
        1
302
GRIDFORMAT
  1
GRIDFORMAT_BEGIN
 90
        0
 91
        1
 62
     0
 92
       -2
340
0
 93
        0
 40
0.045
309
GRIDFORMAT_END
 95
        2
302
GRIDFORMAT
  1
GRIDFORMAT_BEGIN
 90
        0
 91
        1
 62
     0
 92
       -2
340
0
 93
        0
 40
0.045
309
GRIDFORMAT_END
 95
        4
302
GRIDFORMAT
  1
GRIDFORMAT_BEGIN
 90
        0
 91
        1
 62
     0
 92
       -2
340
0
 93
        0
 40
0.045
309
GRIDFORMAT_END
 95
        8
302
GRIDFORMAT
  1
GRIDFORMAT_BEGIN
 90
        0
 91
        1
 62
     0
 92
       -2
340
0
 93
        0
 40
0.045
309
GRIDFORMAT_END
 95
       16
302
GRIDFORMAT
  1
GRIDFORMAT_BEGIN
 90
        0
 91
        1
 62
     0
 92
       -2
340
0
 93
        0
 40
0.045
309
GRIDFORMAT_END
 95
       32
302
GRIDFORMAT
  1
GRIDFORMAT_BEGIN
 90
        0
 91
        1
 62
     0
 92
       -2
340
0
 93
        0
 40
0.045
309
GRIDFORMAT_END
309
TABLEFORMAT_END
  1
CELLSTYLE_BEGIN
 90
        2
 91
        1
300
_HEADER
309
CELLSTYLE_END
300
CELLSTYLE
  1
TABLEFORMAT_BEGIN
 90
        5
170
     1
 91
        0
 92
        0
 62
   257
 93
        1
300
CONTENTFORMAT
  1
CONTENTFORMAT_BEGIN
 90
        0
 91
        0
 92
      512
 93
        0
300

 40
0.0
140
1.0
 94
        2
 62
     0
340
55
144
0.18
309
CONTENTFORMAT_END
171
     1
301
MARGIN
  1
CELLMARGIN_BEGIN
 40
0.06
 40
0.06
 40
0.06
 40
0.06
 40
0.18
 40
0.18
309
CELLMARGIN_END
 94
        6
 95
        1
302
GRIDFORMAT
  1
GRIDFORMAT_BEGIN
 90
        0
 91
        1
 62
     0
 92
       -2
340
0
 93
        0
 40
0.045
309
GRIDFORMAT_END
 95
        2
302
GRIDFORMAT
  1
GRIDFORMAT_BEGIN
 90
        0
 91
        1
 62
     0
 92
       -2
340
0
 93
        0
 40
0.045
309
GRIDFORMAT_END
 95
        4
302
GRIDFORMAT
  1
GRIDFORMAT_BEGIN
 90
        0
 91
        1
 62
     0
 92
       -2
340
0
 93
        0
 40
0.045
309
GRIDFORMAT_END
 95
        8
302
GRIDFORMAT
  1
GRIDFORMAT_BEGIN
 90
        0
 91
        1
 62
     0
 92
       -2
340
0
 93
        0
 40
0.045
309
GRIDFORMAT_END
 95
       16
302
GRIDFORMAT
  1
GRIDFORMAT_BEGIN
 90
        0
 91
        1
 62
     0
 92
       -2
340
0
 93
        0
 40
0.045
309
GRIDFORMAT_END
 95
       32
302
GRIDFORMAT
  1
GRIDFORMAT_BEGIN
 90
        0
 91
        1
 62
     0
 92
       -2
340
0
 93
        0
 40
0.045
309
GRIDFORMAT_END
309
TABLEFORMAT_END
  1
CELLSTYLE_BEGIN
 90
        3
 91
        2
300
_DATA
309
CELLSTYLE_END
  0
XRECORD
  5
19889
102
{ACAD_REACTORS
330
19888
102
}
330
19888
100
AcDbXrecord
280
     1
102
RTVSPost2010Prop28
280
     1
102
RTVSPost2010PropOp28
 70
     1
102
RTVSPost2010Prop29
280
     1
102
RTVSPost2010PropOp29
 70
     1
102
RTVSPost2010Prop30
280
     0
102
RTVSPost2010PropOp30
 70
     1
102
RTVSPost2010Prop31
280
     0
102
RTVSPost2010PropOp31
 70
     1
102
RTVSPost2010Prop32
280
     0
102
RTVSPost2010PropOp32
 70
     1
102
RTVSPost2010Prop33
280
     0
102
RTVSPost2010PropOp33
 70
     1
102
RTVSPost2010Prop34
280
     0
102
RTVSPost2010PropOp34
 70
     1
102
RTVSPost2010Prop35
280
     0
102
RTVSPost2010PropOp35
 70
     1
102
RTVSPost2010Prop36
280
     0
102
RTVSPost2010PropOp36
 70
     1
102
RTVSPost2010Prop37
 90
       50
102
RTVSPost2010PropOp37
 70
     1
102
RTVSPost2010Prop38
140
0.0
102
RTVSPost2010PropOp38
 70
     1
102
RTVSPost2010Prop39
140
1.0
102
RTVSPost2010PropOp39
 70
     1
102
RTVSPost2010Prop40
 90
        0
102
RTVSPost2010PropOp40
 70
     1
102
RTVSPost2010Prop41ColorIndex
 90
       18
102
RTVSPost2010Prop41ColorRGB
 90
        0
102
RTVSPost2010PropOp41
 70
     1
102
RTVSPost2010Prop42
 90
       50
102
RTVSPost2010PropOp42
 70
     1
102
RTVSPost2010Prop43
 90
        3
102
RTVSPost2010PropOp43
 70
     1
102
RTVSPost2010Prop44ColorIndex
 90
        5
102
RTVSPost2010Prop44ColorRGB
 90
      255
102
RTVSPost2010PropOp44
 70
     1
102
RTVSPost2010Prop45
280
     0
102
RTVSPost2010PropOp45
 70
     1
102
RTVSPost2010Prop46
 90
       50
102
RTVSPost2010PropOp46
 70
     1
102
RTVSPost2010Prop47
 90
       50
102
RTVSPost2010PropOp47
 70
     1
102
RTVSPost2010Prop48
 90
       50
102
RTVSPost2010PropOp48
 70
     1
102
RTVSPost2010Prop49
280
     0
102
RTVSPost2010PropOp49
 70
     1
102
RTVSPost2010Prop50
 90
       50
102
RTVSPost2010PropOp50
 70
     1
102
RTVSPost2010Prop51ColorIndex
 90
      256
102
RTVSPost2010Prop51ColorRGB
 90
-16777216
102
RTVSPost2010PropOp51
 70
     0
102
RTVSPost2010Prop52
140
1.0
102
RTVSPost2010PropOp52
 70
     0
102
RTVSPost2010Prop53
 90
        2
102
RTVSPost2010PropOp53
 70
     1
102
RTVSPost2010Prop54
  1
strokes_ogs.tif
102
RTVSPost2010PropOp54
 70
     1
102
RTVSPost2010Prop55
280
     0
102
RTVSPost2010PropOp55
 70
     1
102
RTVSPost2010Prop56
140
1.0
102
RTVSPost2010PropOp56
 70
     1
102
RTVSPost2010Prop57
140
1.0
102
RTVSPost2010PropOp57
 70
     1
102
RTVSPropertyOp0
 70
     1
102
RTVSPropertyOp1
 70
     1
102
RTVSPropertyOp2
 70
     1
102
RTVSPropertyOp3
 70
     1
102
RTVSPropertyOp4
 70
     1
102
RTVSPropertyOp5
 70
     1
102
RTVSPropertyOp6
 70
     1
102
RTVSPropertyOp7
 70
     1
102
RTVSPropertyOp8
 70
     1
102
RTVSPropertyOp9
 70
     1
102
RTVSPropertyOp10
 70
     1
102
RTVSPropertyOp11
 70
     1
102
RTVSPropertyOp12
 70
     1
102
RTVSPropertyOp13
 70
     1
102
RTVSPropertyOp14
 70
     1
102
RTVSPropertyOp15
 70
     1
102
RTVSPropertyOp16
 70
     1
102
RTVSPropertyOp17
 70
     1
102
RTVSPropertyOp18
 70
     1
102
RTVSPropertyOp19
 70
     1
102
RTVSPropertyOp20
 70
     1
102
RTVSPropertyOp21
 70
     1
102
RTVSPropertyOp22
 70
     1
102
RTVSPropertyOp23
 70
     1
102
RTVSPropertyOp24
 70
     1
102
RTVSPropertyOp25
 70
     1
102
RTVSPropertyOp26
 70
     1
102
RTVSPropertyOp27
 70
     1
102
RTVSPropertyOp28
 70
     1
102
RTVSPropertyOp29
 70
     1
102
RTVSPropertyOp30
 70
     1
102
RTVSPropertyOp31
 70
     1
102
RTVSPropertyOp32
 70
     1
102
RTVSPropertyOp33
 70
     1
102
RTVSPropertyOp34
 70
     1
102
RTVSPropertyOp35
 70
     1
102
RTVSPropertyOp36
 70
     1
102
RTVSPropertyOp37
 70
     1
102
RTVSPropertyOp38
 70
     1
102
RTVSPropertyOp39
 70
     1
102
RTVSPropertyOp40
 70
     1
102
RTVSPropertyOp41
 70
     1
102
RTVSPropertyOp42
 70
     1
102
RTVSPropertyOp43
 70
     1
102
RTVSPropertyOp44
 70
     1
102
RTVSPropertyOp45
 70
     1
102
RTVSPropertyOp46
 70
     1
102
RTVSPropertyOp47
 70
     1
102
RTVSPropertyOp48
 70
     1
102
RTVSPropertyOp49
 70
     1
102
RTVSPropertyOp50
 70
     1
102
RTVSPropertyOp51
 70
     0
102
RTVSPropertyOp52
 70
     0
102
RTVSPropertyOp53
 70
     1
102
RTVSPropertyOp54
 70
     1
102
RTVSPropertyOp55
 70
     1
102
RTVSPropertyOp56
 70
     1
102
RTVSPropertyOp57
 70
     1
102
RTVSPropertyOp58
 70
     1
102
RTVSPropertyOp59
 70
     1
102
RTVSPropertyOp60
 70
     1
102
RTVSPropertyOp61
 70
     1
102
RTVSPropertyOp62
 70
     1
  0
XRECORD
  5
19887
102
{ACAD_REACTORS
330
19886
102
}
330
19886
100
AcDbXrecord
280
     1
102
RTVSPost2010Prop28
280
     0
102
RTVSPost2010PropOp28
 70
     1
102
RTVSPost2010Prop29
280
     1
102
RTVSPost2010PropOp29
 70
     1
102
RTVSPost2010Prop30
280
     1
102
RTVSPost2010PropOp30
 70
     1
102
RTVSPost2010Prop31
280
     0
102
RTVSPost2010PropOp31
 70
     1
102
RTVSPost2010Prop32
280
     0
102
RTVSPost2010PropOp32
 70
     1
102
RTVSPost2010Prop33
280
     0
102
RTVSPost2010PropOp33
 70
     1
102
RTVSPost2010Prop34
280
     0
102
RTVSPost2010PropOp34
 70
     1
102
RTVSPost2010Prop35
280
     0
102
RTVSPost2010PropOp35
 70
     1
102
RTVSPost2010Prop36
280
     0
102
RTVSPost2010PropOp36
 70
     1
102
RTVSPost2010Prop37
 90
       50
102
RTVSPost2010PropOp37
 70
     1
102
RTVSPost2010Prop38
140
0.0
102
RTVSPost2010PropOp38
 70
     1
102
RTVSPost2010Prop39
140
1.0
102
RTVSPost2010PropOp39
 70
     1
102
RTVSPost2010Prop40
 90
        0
102
RTVSPost2010PropOp40
 70
     1
102
RTVSPost2010Prop41ColorIndex
 90
       18
102
RTVSPost2010Prop41ColorRGB
 90
        0
102
RTVSPost2010PropOp41
 70
     1
102
RTVSPost2010Prop42
 90
       50
102
RTVSPost2010PropOp42
 70
     1
102
RTVSPost2010Prop43
 90
        3
102
RTVSPost2010PropOp43
 70
     1
102
RTVSPost2010Prop44ColorIndex
 90
        5
102
RTVSPost2010Prop44ColorRGB
 90
      255
102
RTVSPost2010PropOp44
 70
     1
102
RTVSPost2010Prop45
280
     0
102
RTVSPost2010PropOp45
 70
     1
102
RTVSPost2010Prop46
 90
       50
102
RTVSPost2010PropOp46
 70
     1
102
RTVSPost2010Prop47
 90
       50
102
RTVSPost2010PropOp47
 70
     1
102
RTVSPost2010Prop48
 90
       50
102
RTVSPost2010PropOp48
 70
     1
102
RTVSPost2010Prop49
280
     0
102
RTVSPost2010PropOp49
 70
     1
102
RTVSPost2010Prop50
 90
       50
102
RTVSPost2010PropOp50
 70
     1
102
RTVSPost2010Prop51ColorIndex
 90
      256
102
RTVSPost2010Prop51ColorRGB
 90
-16777216
102
RTVSPost2010PropOp51
 70
     0
102
RTVSPost2010Prop52
140
1.0
102
RTVSPost2010PropOp52
 70
     0
102
RTVSPost2010Prop53
 90
        2
102
RTVSPost2010PropOp53
 70
     1
102
RTVSPost2010Prop54
  1
strokes_ogs.tif
102
RTVSPost2010PropOp54
 70
     1
102
RTVSPost2010Prop55
280
     0
102
RTVSPost2010PropOp55
 70
     1
102
RTVSPost2010Prop56
140
1.0
102
RTVSPost2010PropOp56
 70
     1
102
RTVSPost2010Prop57
140
1.0
102
RTVSPost2010PropOp57
 70
     1
102
RTVSPropertyOp0
 70
     1
102
RTVSPropertyOp1
 70
     1
102
RTVSPropertyOp2
 70
     1
102
RTVSPropertyOp3
 70
     1
102
RTVSPropertyOp4
 70
     1
102
RTVSPropertyOp5
 70
     1
102
RTVSPropertyOp6
 70
     1
102
RTVSPropertyOp7
 70
     1
102
RTVSPropertyOp8
 70
     1
102
RTVSPropertyOp9
 70
     1
102
RTVSPropertyOp10
 70
     1
102
RTVSPropertyOp11
 70
     1
102
RTVSPropertyOp12
 70
     1
102
RTVSPropertyOp13
 70
     1
102
RTVSPropertyOp14
 70
     1
102
RTVSPropertyOp15
 70
     1
102
RTVSPropertyOp16
 70
     1
102
RTVSPropertyOp17
 70
     1
102
RTVSPropertyOp18
 70
     1
102
RTVSPropertyOp19
 70
     1
102
RTVSPropertyOp20
 70
     1
102
RTVSPropertyOp21
 70
     1
102
RTVSPropertyOp22
 70
     1
102
RTVSPropertyOp23
 70
     1
102
RTVSPropertyOp24
 70
     1
102
RTVSPropertyOp25
 70
     1
102
RTVSPropertyOp26
 70
     1
102
RTVSPropertyOp27
 70
     1
102
RTVSPropertyOp28
 70
     1
102
RTVSPropertyOp29
 70
     1
102
RTVSPropertyOp30
 70
     1
102
RTVSPropertyOp31
 70
     1
102
RTVSPropertyOp32
 70
     1
102
RTVSPropertyOp33
 70
     1
102
RTVSPropertyOp34
 70
     1
102
RTVSPropertyOp35
 70
     1
102
RTVSPropertyOp36
 70
     1
102
RTVSPropertyOp37
 70
     1
102
RTVSPropertyOp38
 70
     1
102
RTVSPropertyOp39
 70
     1
102
RTVSPropertyOp40
 70
     1
102
RTVSPropertyOp41
 70
     1
102
RTVSPropertyOp42
 70
     1
102
RTVSPropertyOp43
 70
     1
102
RTVSPropertyOp44
 70
     1
102
RTVSPropertyOp45
 70
     1
102
RTVSPropertyOp46
 70
     1
102
RTVSPropertyOp47
 70
     1
102
RTVSPropertyOp48
 70
     1
102
RTVSPropertyOp49
 70
     1
102
RTVSPropertyOp50
 70
     1
102
RTVSPropertyOp51
 70
     0
102
RTVSPropertyOp52
 70
     0
102
RTVSPropertyOp53
 70
     1
102
RTVSPropertyOp54
 70
     1
102
RTVSPropertyOp55
 70
     1
102
RTVSPropertyOp56
 70
     1
102
RTVSPropertyOp57
 70
     1
102
RTVSPropertyOp58
 70
     1
102
RTVSPropertyOp59
 70
     1
102
RTVSPropertyOp60
 70
     1
102
RTVSPropertyOp61
 70
     1
102
RTVSPropertyOp62
 70
     1
  0
XRECORD
  5
19895
102
{ACAD_REACTORS
330
19894
102
}
330
19894
100
AcDbXrecord
280
     1
102
RTVSPost2010Prop28
280
     0
102
RTVSPost2010PropOp28
 70
     1
102
RTVSPost2010Prop29
280
     1
102
RTVSPost2010PropOp29
 70
     1
102
RTVSPost2010Prop30
280
     1
102
RTVSPost2010PropOp30
 70
     1
102
RTVSPost2010Prop31
280
     0
102
RTVSPost2010PropOp31
 70
     1
102
RTVSPost2010Prop32
280
     0
102
RTVSPost2010PropOp32
 70
     1
102
RTVSPost2010Prop33
280
     0
102
RTVSPost2010PropOp33
 70
     1
102
RTVSPost2010Prop34
280
     0
102
RTVSPost2010PropOp34
 70
     1
102
RTVSPost2010Prop35
280
     0
102
RTVSPost2010PropOp35
 70
     1
102
RTVSPost2010Prop36
280
     0
102
RTVSPost2010PropOp36
 70
     1
102
RTVSPost2010Prop37
 90
       50
102
RTVSPost2010PropOp37
 70
     1
102
RTVSPost2010Prop38
140
0.0
102
RTVSPost2010PropOp38
 70
     1
102
RTVSPost2010Prop39
140
1.0
102
RTVSPost2010PropOp39
 70
     1
102
RTVSPost2010Prop40
 90
        0
102
RTVSPost2010PropOp40
 70
     1
102
RTVSPost2010Prop41ColorIndex
 90
       18
102
RTVSPost2010Prop41ColorRGB
 90
        0
102
RTVSPost2010PropOp41
 70
     1
102
RTVSPost2010Prop42
 90
       50
102
RTVSPost2010PropOp42
 70
     1
102
RTVSPost2010Prop43
 90
        3
102
RTVSPost2010PropOp43
 70
     1
102
RTVSPost2010Prop44ColorIndex
 90
        5
102
RTVSPost2010Prop44ColorRGB
 90
      255
102
RTVSPost2010PropOp44
 70
     1
102
RTVSPost2010Prop45
280
     0
102
RTVSPost2010PropOp45
 70
     1
102
RTVSPost2010Prop46
 90
       50
102
RTVSPost2010PropOp46
 70
     1
102
RTVSPost2010Prop47
 90
       50
102
RTVSPost2010PropOp47
 70
     1
102
RTVSPost2010Prop48
 90
       50
102
RTVSPost2010PropOp48
 70
     1
102
RTVSPost2010Prop49
280
     0
102
RTVSPost2010PropOp49
 70
     1
102
RTVSPost2010Prop50
 90
       50
102
RTVSPost2010PropOp50
 70
     1
102
RTVSPost2010Prop51ColorIndex
 90
      256
102
RTVSPost2010Prop51ColorRGB
 90
-16777216
102
RTVSPost2010PropOp51
 70
     0
102
RTVSPost2010Prop52
140
1.0
102
RTVSPost2010PropOp52
 70
     0
102
RTVSPost2010Prop53
 90
        2
102
RTVSPost2010PropOp53
 70
     1
102
RTVSPost2010Prop54
  1
strokes_ogs.tif
102
RTVSPost2010PropOp54
 70
     1
102
RTVSPost2010Prop55
280
     0
102
RTVSPost2010PropOp55
 70
     1
102
RTVSPost2010Prop56
140
1.0
102
RTVSPost2010PropOp56
 70
     1
102
RTVSPost2010Prop57
140
1.0
102
RTVSPost2010PropOp57
 70
     1
102
RTVSPropertyOp0
 70
     1
102
RTVSPropertyOp1
 70
     1
102
RTVSPropertyOp2
 70
     1
102
RTVSPropertyOp3
 70
     1
102
RTVSPropertyOp4
 70
     1
102
RTVSPropertyOp5
 70
     1
102
RTVSPropertyOp6
 70
     1
102
RTVSPropertyOp7
 70
     1
102
RTVSPropertyOp8
 70
     1
102
RTVSPropertyOp9
 70
     1
102
RTVSPropertyOp10
 70
     1
102
RTVSPropertyOp11
 70
     1
102
RTVSPropertyOp12
 70
     1
102
RTVSPropertyOp13
 70
     1
102
RTVSPropertyOp14
 70
     1
102
RTVSPropertyOp15
 70
     1
102
RTVSPropertyOp16
 70
     1
102
RTVSPropertyOp17
 70
     1
102
RTVSPropertyOp18
 70
     1
102
RTVSPropertyOp19
 70
     1
102
RTVSPropertyOp20
 70
     1
102
RTVSPropertyOp21
 70
     1
102
RTVSPropertyOp22
 70
     1
102
RTVSPropertyOp23
 70
     1
102
RTVSPropertyOp24
 70
     1
102
RTVSPropertyOp25
 70
     1
102
RTVSPropertyOp26
 70
     1
102
RTVSPropertyOp27
 70
     1
102
RTVSPropertyOp28
 70
     1
102
RTVSPropertyOp29
 70
     1
102
RTVSPropertyOp30
 70
     1
102
RTVSPropertyOp31
 70
     1
102
RTVSPropertyOp32
 70
     1
102
RTVSPropertyOp33
 70
     1
102
RTVSPropertyOp34
 70
     1
102
RTVSPropertyOp35
 70
     1
102
RTVSPropertyOp36
 70
     1
102
RTVSPropertyOp37
 70
     1
102
RTVSPropertyOp38
 70
     1
102
RTVSPropertyOp39
 70
     1
102
RTVSPropertyOp40
 70
     1
102
RTVSPropertyOp41
 70
     1
102
RTVSPropertyOp42
 70
     1
102
RTVSPropertyOp43
 70
     1
102
RTVSPropertyOp44
 70
     1
102
RTVSPropertyOp45
 70
     1
102
RTVSPropertyOp46
 70
     1
102
RTVSPropertyOp47
 70
     1
102
RTVSPropertyOp48
 70
     1
102
RTVSPropertyOp49
 70
     1
102
RTVSPropertyOp50
 70
     1
102
RTVSPropertyOp51
 70
     0
102
RTVSPropertyOp52
 70
     0
102
RTVSPropertyOp53
 70
     1
102
RTVSPropertyOp54
 70
     1
102
RTVSPropertyOp55
 70
     1
102
RTVSPropertyOp56
 70
     1
102
RTVSPropertyOp57
 70
     1
102
RTVSPropertyOp58
 70
     1
102
RTVSPropertyOp59
 70
     1
102
RTVSPropertyOp60
 70
     1
102
RTVSPropertyOp61
 70
     1
102
RTVSPropertyOp62
 70
     1
  0
XRECORD
  5
1989D
102
{ACAD_REACTORS
330
1989C
102
}
330
1989C
100
AcDbXrecord
280
     1
102
RTVSPost2010Prop28
280
     0
102
RTVSPost2010PropOp28
 70
     1
102
RTVSPost2010Prop29
280
     1
102
RTVSPost2010PropOp29
 70
     1
102
RTVSPost2010Prop30
280
     1
102
RTVSPost2010PropOp30
 70
     1
102
RTVSPost2010Prop31
280
     0
102
RTVSPost2010PropOp31
 70
     1
102
RTVSPost2010Prop32
280
     0
102
RTVSPost2010PropOp32
 70
     1
102
RTVSPost2010Prop33
280
     0
102
RTVSPost2010PropOp33
 70
     1
102
RTVSPost2010Prop34
280
     0
102
RTVSPost2010PropOp34
 70
     1
102
RTVSPost2010Prop35
280
     0
102
RTVSPost2010PropOp35
 70
     1
102
RTVSPost2010Prop36
280
     0
102
RTVSPost2010PropOp36
 70
     1
102
RTVSPost2010Prop37
 90
       50
102
RTVSPost2010PropOp37
 70
     1
102
RTVSPost2010Prop38
140
0.0
102
RTVSPost2010PropOp38
 70
     1
102
RTVSPost2010Prop39
140
1.0
102
RTVSPost2010PropOp39
 70
     1
102
RTVSPost2010Prop40
 90
        0
102
RTVSPost2010PropOp40
 70
     1
102
RTVSPost2010Prop41ColorIndex
 90
       18
102
RTVSPost2010Prop41ColorRGB
 90
        0
102
RTVSPost2010PropOp41
 70
     1
102
RTVSPost2010Prop42
 90
       50
102
RTVSPost2010PropOp42
 70
     1
102
RTVSPost2010Prop43
 90
        3
102
RTVSPost2010PropOp43
 70
     1
102
RTVSPost2010Prop44ColorIndex
 90
        5
102
RTVSPost2010Prop44ColorRGB
 90
      255
102
RTVSPost2010PropOp44
 70
     1
102
RTVSPost2010Prop45
280
     0
102
RTVSPost2010PropOp45
 70
     1
102
RTVSPost2010Prop46
 90
       50
102
RTVSPost2010PropOp46
 70
     1
102
RTVSPost2010Prop47
 90
       50
102
RTVSPost2010PropOp47
 70
     1
102
RTVSPost2010Prop48
 90
       50
102
RTVSPost2010PropOp48
 70
     1
102
RTVSPost2010Prop49
280
     0
102
RTVSPost2010PropOp49
 70
     1
102
RTVSPost2010Prop50
 90
       50
102
RTVSPost2010PropOp50
 70
     1
102
RTVSPost2010Prop51ColorIndex
 90
      256
102
RTVSPost2010Prop51ColorRGB
 90
-16777216
102
RTVSPost2010PropOp51
 70
     0
102
RTVSPost2010Prop52
140
1.0
102
RTVSPost2010PropOp52
 70
     0
102
RTVSPost2010Prop53
 90
        2
102
RTVSPost2010PropOp53
 70
     1
102
RTVSPost2010Prop54
  1
strokes_ogs.tif
102
RTVSPost2010PropOp54
 70
     1
102
RTVSPost2010Prop55
280
     0
102
RTVSPost2010PropOp55
 70
     1
102
RTVSPost2010Prop56
140
1.0
102
RTVSPost2010PropOp56
 70
     1
102
RTVSPost2010Prop57
140
1.0
102
RTVSPost2010PropOp57
 70
     1
102
RTVSPropertyOp0
 70
     1
102
RTVSPropertyOp1
 70
     1
102
RTVSPropertyOp2
 70
     1
102
RTVSPropertyOp3
 70
     1
102
RTVSPropertyOp4
 70
     1
102
RTVSPropertyOp5
 70
     1
102
RTVSPropertyOp6
 70
     1
102
RTVSPropertyOp7
 70
     1
102
RTVSPropertyOp8
 70
     1
102
RTVSPropertyOp9
 70
     1
102
RTVSPropertyOp10
 70
     1
102
RTVSPropertyOp11
 70
     1
102
RTVSPropertyOp12
 70
     1
102
RTVSPropertyOp13
 70
     1
102
RTVSPropertyOp14
 70
     1
102
RTVSPropertyOp15
 70
     1
102
RTVSPropertyOp16
 70
     1
102
RTVSPropertyOp17
 70
     1
102
RTVSPropertyOp18
 70
     1
102
RTVSPropertyOp19
 70
     1
102
RTVSPropertyOp20
 70
     1
102
RTVSPropertyOp21
 70
     1
102
RTVSPropertyOp22
 70
     1
102
RTVSPropertyOp23
 70
     1
102
RTVSPropertyOp24
 70
     1
102
RTVSPropertyOp25
 70
     1
102
RTVSPropertyOp26
 70
     1
102
RTVSPropertyOp27
 70
     1
102
RTVSPropertyOp28
 70
     1
102
RTVSPropertyOp29
 70
     1
102
RTVSPropertyOp30
 70
     1
102
RTVSPropertyOp31
 70
     1
102
RTVSPropertyOp32
 70
     1
102
RTVSPropertyOp33
 70
     1
102
RTVSPropertyOp34
 70
     1
102
RTVSPropertyOp35
 70
     1
102
RTVSPropertyOp36
 70
     1
102
RTVSPropertyOp37
 70
     1
102
RTVSPropertyOp38
 70
     1
102
RTVSPropertyOp39
 70
     1
102
RTVSPropertyOp40
 70
     1
102
RTVSPropertyOp41
 70
     1
102
RTVSPropertyOp42
 70
     1
102
RTVSPropertyOp43
 70
     1
102
RTVSPropertyOp44
 70
     1
102
RTVSPropertyOp45
 70
     1
102
RTVSPropertyOp46
 70
     1
102
RTVSPropertyOp47
 70
     1
102
RTVSPropertyOp48
 70
     1
102
RTVSPropertyOp49
 70
     1
102
RTVSPropertyOp50
 70
     1
102
RTVSPropertyOp51
 70
     0
102
RTVSPropertyOp52
 70
     0
102
RTVSPropertyOp53
 70
     1
102
RTVSPropertyOp54
 70
     1
102
RTVSPropertyOp55
 70
     1
102
RTVSPropertyOp56
 70
     1
102
RTVSPropertyOp57
 70
     1
102
RTVSPropertyOp58
 70
     1
102
RTVSPropertyOp59
 70
     1
102
RTVSPropertyOp60
 70
     1
102
RTVSPropertyOp61
 70
     1
102
RTVSPropertyOp62
 70
     1
  0
XRECORD
  5
1988F
102
{ACAD_REACTORS
330
1988E
102
}
330
1988E
100
AcDbXrecord
280
     1
102
RTVSPost2010Prop28
280
     0
102
RTVSPost2010PropOp28
 70
     1
102
RTVSPost2010Prop29
280
     1
102
RTVSPost2010PropOp29
 70
     1
102
RTVSPost2010Prop30
280
     1
102
RTVSPost2010PropOp30
 70
     1
102
RTVSPost2010Prop31
280
     0
102
RTVSPost2010PropOp31
 70
     1
102
RTVSPost2010Prop32
280
     0
102
RTVSPost2010PropOp32
 70
     1
102
RTVSPost2010Prop33
280
     0
102
RTVSPost2010PropOp33
 70
     1
102
RTVSPost2010Prop34
280
     0
102
RTVSPost2010PropOp34
 70
     1
102
RTVSPost2010Prop35
280
     0
102
RTVSPost2010PropOp35
 70
     1
102
RTVSPost2010Prop36
280
     0
102
RTVSPost2010PropOp36
 70
     1
102
RTVSPost2010Prop37
 90
       50
102
RTVSPost2010PropOp37
 70
     1
102
RTVSPost2010Prop38
140
0.0
102
RTVSPost2010PropOp38
 70
     1
102
RTVSPost2010Prop39
140
1.0
102
RTVSPost2010PropOp39
 70
     1
102
RTVSPost2010Prop40
 90
        0
102
RTVSPost2010PropOp40
 70
     1
102
RTVSPost2010Prop41ColorIndex
 90
       18
102
RTVSPost2010Prop41ColorRGB
 90
        0
102
RTVSPost2010PropOp41
 70
     1
102
RTVSPost2010Prop42
 90
       50
102
RTVSPost2010PropOp42
 70
     1
102
RTVSPost2010Prop43
 90
        3
102
RTVSPost2010PropOp43
 70
     1
102
RTVSPost2010Prop44ColorIndex
 90
        5
102
RTVSPost2010Prop44ColorRGB
 90
      255
102
RTVSPost2010PropOp44
 70
     1
102
RTVSPost2010Prop45
280
     0
102
RTVSPost2010PropOp45
 70
     1
102
RTVSPost2010Prop46
 90
       50
102
RTVSPost2010PropOp46
 70
     1
102
RTVSPost2010Prop47
 90
       50
102
RTVSPost2010PropOp47
 70
     1
102
RTVSPost2010Prop48
 90
       50
102
RTVSPost2010PropOp48
 70
     1
102
RTVSPost2010Prop49
280
     0
102
RTVSPost2010PropOp49
 70
     1
102
RTVSPost2010Prop50
 90
       50
102
RTVSPost2010PropOp50
 70
     1
102
RTVSPost2010Prop51ColorIndex
 90
      256
102
RTVSPost2010Prop51ColorRGB
 90
-16777216
102
RTVSPost2010PropOp51
 70
     0
102
RTVSPost2010Prop52
140
1.0
102
RTVSPost2010PropOp52
 70
     0
102
RTVSPost2010Prop53
 90
        2
102
RTVSPost2010PropOp53
 70
     1
102
RTVSPost2010Prop54
  1
strokes_ogs.tif
102
RTVSPost2010PropOp54
 70
     1
102
RTVSPost2010Prop55
280
     0
102
RTVSPost2010PropOp55
 70
     1
102
RTVSPost2010Prop56
140
1.0
102
RTVSPost2010PropOp56
 70
     1
102
RTVSPost2010Prop57
140
1.0
102
RTVSPost2010PropOp57
 70
     1
102
RTVSPropertyOp0
 70
     1
102
RTVSPropertyOp1
 70
     1
102
RTVSPropertyOp2
 70
     1
102
RTVSPropertyOp3
 70
     1
102
RTVSPropertyOp4
 70
     1
102
RTVSPropertyOp5
 70
     1
102
RTVSPropertyOp6
 70
     1
102
RTVSPropertyOp7
 70
     1
102
RTVSPropertyOp8
 70
     1
102
RTVSPropertyOp9
 70
     1
102
RTVSPropertyOp10
 70
     1
102
RTVSPropertyOp11
 70
     1
102
RTVSPropertyOp12
 70
     1
102
RTVSPropertyOp13
 70
     1
102
RTVSPropertyOp14
 70
     1
102
RTVSPropertyOp15
 70
     1
102
RTVSPropertyOp16
 70
     1
102
RTVSPropertyOp17
 70
     1
102
RTVSPropertyOp18
 70
     1
102
RTVSPropertyOp19
 70
     1
102
RTVSPropertyOp20
 70
     1
102
RTVSPropertyOp21
 70
     1
102
RTVSPropertyOp22
 70
     1
102
RTVSPropertyOp23
 70
     1
102
RTVSPropertyOp24
 70
     1
102
RTVSPropertyOp25
 70
     1
102
RTVSPropertyOp26
 70
     1
102
RTVSPropertyOp27
 70
     1
102
RTVSPropertyOp28
 70
     1
102
RTVSPropertyOp29
 70
     1
102
RTVSPropertyOp30
 70
     1
102
RTVSPropertyOp31
 70
     1
102
RTVSPropertyOp32
 70
     1
102
RTVSPropertyOp33
 70
     1
102
RTVSPropertyOp34
 70
     1
102
RTVSPropertyOp35
 70
     1
102
RTVSPropertyOp36
 70
     1
102
RTVSPropertyOp37
 70
     1
102
RTVSPropertyOp38
 70
     1
102
RTVSPropertyOp39
 70
     1
102
RTVSPropertyOp40
 70
     1
102
RTVSPropertyOp41
 70
     1
102
RTVSPropertyOp42
 70
     1
102
RTVSPropertyOp43
 70
     1
102
RTVSPropertyOp44
 70
     1
102
RTVSPropertyOp45
 70
     1
102
RTVSPropertyOp46
 70
     1
102
RTVSPropertyOp47
 70
     1
102
RTVSPropertyOp48
 70
     1
102
RTVSPropertyOp49
 70
     1
102
RTVSPropertyOp50
 70
     1
102
RTVSPropertyOp51
 70
     0
102
RTVSPropertyOp52
 70
     0
102
RTVSPropertyOp53
 70
     1
102
RTVSPropertyOp54
 70
     1
102
RTVSPropertyOp55
 70
     1
102
RTVSPropertyOp56
 70
     1
102
RTVSPropertyOp57
 70
     1
102
RTVSPropertyOp58
 70
     1
102
RTVSPropertyOp59
 70
     1
102
RTVSPropertyOp60
 70
     1
102
RTVSPropertyOp61
 70
     1
102
RTVSPropertyOp62
 70
     1
  0
XRECORD
  5
19893
102
{ACAD_REACTORS
330
19892
102
}
330
19892
100
AcDbXrecord
280
     1
102
RTVSPost2010Prop28
280
     0
102
RTVSPost2010PropOp28
 70
     1
102
RTVSPost2010Prop29
280
     1
102
RTVSPost2010PropOp29
 70
     1
102
RTVSPost2010Prop30
280
     1
102
RTVSPost2010PropOp30
 70
     1
102
RTVSPost2010Prop31
280
     0
102
RTVSPost2010PropOp31
 70
     1
102
RTVSPost2010Prop32
280
     0
102
RTVSPost2010PropOp32
 70
     1
102
RTVSPost2010Prop33
280
     0
102
RTVSPost2010PropOp33
 70
     1
102
RTVSPost2010Prop34
280
     0
102
RTVSPost2010PropOp34
 70
     1
102
RTVSPost2010Prop35
280
     0
102
RTVSPost2010PropOp35
 70
     1
102
RTVSPost2010Prop36
280
     0
102
RTVSPost2010PropOp36
 70
     1
102
RTVSPost2010Prop37
 90
       50
102
RTVSPost2010PropOp37
 70
     1
102
RTVSPost2010Prop38
140
0.0
102
RTVSPost2010PropOp38
 70
     1
102
RTVSPost2010Prop39
140
1.0
102
RTVSPost2010PropOp39
 70
     1
102
RTVSPost2010Prop40
 90
        0
102
RTVSPost2010PropOp40
 70
     1
102
RTVSPost2010Prop41ColorIndex
 90
       18
102
RTVSPost2010Prop41ColorRGB
 90
        0
102
RTVSPost2010PropOp41
 70
     1
102
RTVSPost2010Prop42
 90
       50
102
RTVSPost2010PropOp42
 70
     1
102
RTVSPost2010Prop43
 90
        3
102
RTVSPost2010PropOp43
 70
     1
102
RTVSPost2010Prop44ColorIndex
 90
        5
102
RTVSPost2010Prop44ColorRGB
 90
      255
102
RTVSPost2010PropOp44
 70
     1
102
RTVSPost2010Prop45
280
     0
102
RTVSPost2010PropOp45
 70
     1
102
RTVSPost2010Prop46
 90
       50
102
RTVSPost2010PropOp46
 70
     1
102
RTVSPost2010Prop47
 90
       50
102
RTVSPost2010PropOp47
 70
     1
102
RTVSPost2010Prop48
 90
       50
102
RTVSPost2010PropOp48
 70
     1
102
RTVSPost2010Prop49
280
     0
102
RTVSPost2010PropOp49
 70
     1
102
RTVSPost2010Prop50
 90
       50
102
RTVSPost2010PropOp50
 70
     1
102
RTVSPost2010Prop51ColorIndex
 90
      256
102
RTVSPost2010Prop51ColorRGB
 90
-16777216
102
RTVSPost2010PropOp51
 70
     0
102
RTVSPost2010Prop52
140
1.0
102
RTVSPost2010PropOp52
 70
     0
102
RTVSPost2010Prop53
 90
        2
102
RTVSPost2010PropOp53
 70
     1
102
RTVSPost2010Prop54
  1
strokes_ogs.tif
102
RTVSPost2010PropOp54
 70
     1
102
RTVSPost2010Prop55
280
     0
102
RTVSPost2010PropOp55
 70
     1
102
RTVSPost2010Prop56
140
1.0
102
RTVSPost2010PropOp56
 70
     1
102
RTVSPost2010Prop57
140
1.0
102
RTVSPost2010PropOp57
 70
     1
102
RTVSPropertyOp0
 70
     1
102
RTVSPropertyOp1
 70
     1
102
RTVSPropertyOp2
 70
     1
102
RTVSPropertyOp3
 70
     1
102
RTVSPropertyOp4
 70
     1
102
RTVSPropertyOp5
 70
     1
102
RTVSPropertyOp6
 70
     1
102
RTVSPropertyOp7
 70
     1
102
RTVSPropertyOp8
 70
     1
102
RTVSPropertyOp9
 70
     1
102
RTVSPropertyOp10
 70
     1
102
RTVSPropertyOp11
 70
     1
102
RTVSPropertyOp12
 70
     1
102
RTVSPropertyOp13
 70
     1
102
RTVSPropertyOp14
 70
     1
102
RTVSPropertyOp15
 70
     1
102
RTVSPropertyOp16
 70
     1
102
RTVSPropertyOp17
 70
     1
102
RTVSPropertyOp18
 70
     1
102
RTVSPropertyOp19
 70
     1
102
RTVSPropertyOp20
 70
     1
102
RTVSPropertyOp21
 70
     1
102
RTVSPropertyOp22
 70
     1
102
RTVSPropertyOp23
 70
     1
102
RTVSPropertyOp24
 70
     1
102
RTVSPropertyOp25
 70
     1
102
RTVSPropertyOp26
 70
     1
102
RTVSPropertyOp27
 70
     1
102
RTVSPropertyOp28
 70
     1
102
RTVSPropertyOp29
 70
     1
102
RTVSPropertyOp30
 70
     1
102
RTVSPropertyOp31
 70
     1
102
RTVSPropertyOp32
 70
     1
102
RTVSPropertyOp33
 70
     1
102
RTVSPropertyOp34
 70
     1
102
RTVSPropertyOp35
 70
     1
102
RTVSPropertyOp36
 70
     1
102
RTVSPropertyOp37
 70
     1
102
RTVSPropertyOp38
 70
     1
102
RTVSPropertyOp39
 70
     1
102
RTVSPropertyOp40
 70
     1
102
RTVSPropertyOp41
 70
     1
102
RTVSPropertyOp42
 70
     1
102
RTVSPropertyOp43
 70
     1
102
RTVSPropertyOp44
 70
     1
102
RTVSPropertyOp45
 70
     1
102
RTVSPropertyOp46
 70
     1
102
RTVSPropertyOp47
 70
     1
102
RTVSPropertyOp48
 70
     1
102
RTVSPropertyOp49
 70
     1
102
RTVSPropertyOp50
 70
     1
102
RTVSPropertyOp51
 70
     0
102
RTVSPropertyOp52
 70
     0
102
RTVSPropertyOp53
 70
     1
102
RTVSPropertyOp54
 70
     1
102
RTVSPropertyOp55
 70
     1
102
RTVSPropertyOp56
 70
     1
102
RTVSPropertyOp57
 70
     1
102
RTVSPropertyOp58
 70
     1
102
RTVSPropertyOp59
 70
     1
102
RTVSPropertyOp60
 70
     1
102
RTVSPropertyOp61
 70
     1
102
RTVSPropertyOp62
 70
     1
  0
XRECORD
  5
198AD
102
{ACAD_REACTORS
330
198AC
102
}
330
198AC
100
AcDbXrecord
280
     1
102
RTVSPost2010Prop28
280
     0
102
RTVSPost2010PropOp28
 70
     0
102
RTVSPost2010Prop29
280
     1
102
RTVSPost2010PropOp29
 70
     0
102
RTVSPost2010Prop30
280
     1
102
RTVSPost2010PropOp30
 70
     0
102
RTVSPost2010Prop31
280
     0
102
RTVSPost2010PropOp31
 70
     0
102
RTVSPost2010Prop32
280
     0
102
RTVSPost2010PropOp32
 70
     0
102
RTVSPost2010Prop33
280
     0
102
RTVSPost2010PropOp33
 70
     0
102
RTVSPost2010Prop34
280
     0
102
RTVSPost2010PropOp34
 70
     0
102
RTVSPost2010Prop35
280
     0
102
RTVSPost2010PropOp35
 70
     0
102
RTVSPost2010Prop36
280
     0
102
RTVSPost2010PropOp36
 70
     0
102
RTVSPost2010Prop37
 90
       50
102
RTVSPost2010PropOp37
 70
     0
102
RTVSPost2010Prop38
140
0.0
102
RTVSPost2010PropOp38
 70
     0
102
RTVSPost2010Prop39
140
1.0
102
RTVSPost2010PropOp39
 70
     0
102
RTVSPost2010Prop40
 90
        0
102
RTVSPost2010PropOp40
 70
     0
102
RTVSPost2010Prop41ColorIndex
 90
       18
102
RTVSPost2010Prop41ColorRGB
 90
        0
102
RTVSPost2010PropOp41
 70
     0
102
RTVSPost2010Prop42
 90
       50
102
RTVSPost2010PropOp42
 70
     0
102
RTVSPost2010Prop43
 90
        3
102
RTVSPost2010PropOp43
 70
     0
102
RTVSPost2010Prop44ColorIndex
 90
        5
102
RTVSPost2010Prop44ColorRGB
 90
      255
102
RTVSPost2010PropOp44
 70
     0
102
RTVSPost2010Prop45
280
     0
102
RTVSPost2010PropOp45
 70
     0
102
RTVSPost2010Prop46
 90
       50
102
RTVSPost2010PropOp46
 70
     0
102
RTVSPost2010Prop47
 90
       50
102
RTVSPost2010PropOp47
 70
     0
102
RTVSPost2010Prop48
 90
       50
102
RTVSPost2010PropOp48
 70
     0
102
RTVSPost2010Prop49
280
     0
102
RTVSPost2010PropOp49
 70
     0
102
RTVSPost2010Prop50
 90
       50
102
RTVSPost2010PropOp50
 70
     0
102
RTVSPost2010Prop51ColorIndex
 90
      256
102
RTVSPost2010Prop51ColorRGB
 90
-16777216
102
RTVSPost2010PropOp51
 70
     0
102
RTVSPost2010Prop52
140
1.0
102
RTVSPost2010PropOp52
 70
     0
102
RTVSPost2010Prop53
 90
        2
102
RTVSPost2010PropOp53
 70
     0
102
RTVSPost2010Prop54
  1
strokes_ogs.tif
102
RTVSPost2010PropOp54
 70
     0
102
RTVSPost2010Prop55
280
     0
102
RTVSPost2010PropOp55
 70
     0
102
RTVSPost2010Prop56
140
1.0
102
RTVSPost2010PropOp56
 70
     0
102
RTVSPost2010Prop57
140
1.0
102
RTVSPost2010PropOp57
 70
     0
102
RTVSPropertyOp0
 70
     0
102
RTVSPropertyOp1
 70
     0
102
RTVSPropertyOp2
 70
     0
102
RTVSPropertyOp3
 70
     0
102
RTVSPropertyOp4
 70
     0
102
RTVSPropertyOp5
 70
     0
102
RTVSPropertyOp6
 70
     0
102
RTVSPropertyOp7
 70
     0
102
RTVSPropertyOp8
 70
     0
102
RTVSPropertyOp9
 70
     0
102
RTVSPropertyOp10
 70
     0
102
RTVSPropertyOp11
 70
     0
102
RTVSPropertyOp12
 70
     0
102
RTVSPropertyOp13
 70
     0
102
RTVSPropertyOp14
 70
     2
102
RTVSPropertyOp15
 70
     0
102
RTVSPropertyOp16
 70
     0
102
RTVSPropertyOp17
 70
     0
102
RTVSPropertyOp18
 70
     0
102
RTVSPropertyOp19
 70
     0
102
RTVSPropertyOp20
 70
     0
102
RTVSPropertyOp21
 70
     0
102
RTVSPropertyOp22
 70
     0
102
RTVSPropertyOp23
 70
     0
102
RTVSPropertyOp24
 70
     0
102
RTVSPropertyOp25
 70
     0
102
RTVSPropertyOp26
 70
     0
102
RTVSPropertyOp27
 70
     0
102
RTVSPropertyOp28
 70
     0
102
RTVSPropertyOp29
 70
     0
102
RTVSPropertyOp30
 70
     0
102
RTVSPropertyOp31
 70
     0
102
RTVSPropertyOp32
 70
     0
102
RTVSPropertyOp33
 70
     0
102
RTVSPropertyOp34
 70
     0
102
RTVSPropertyOp35
 70
     0
102
RTVSPropertyOp36
 70
     0
102
RTVSPropertyOp37
 70
     0
102
RTVSPropertyOp38
 70
     0
102
RTVSPropertyOp39
 70
     0
102
RTVSPropertyOp40
 70
     0
102
RTVSPropertyOp41
 70
     0
102
RTVSPropertyOp42
 70
     0
102
RTVSPropertyOp43
 70
     0
102
RTVSPropertyOp44
 70
     0
102
RTVSPropertyOp45
 70
     0
102
RTVSPropertyOp46
 70
     0
102
RTVSPropertyOp47
 70
     0
102
RTVSPropertyOp48
 70
     0
102
RTVSPropertyOp49
 70
     0
102
RTVSPropertyOp50
 70
     0
102
RTVSPropertyOp51
 70
     0
102
RTVSPropertyOp52
 70
     0
102
RTVSPropertyOp53
 70
     0
102
RTVSPropertyOp54
 70
     0
102
RTVSPropertyOp55
 70
     0
102
RTVSPropertyOp56
 70
     0
102
RTVSPropertyOp57
 70
     0
102
RTVSPropertyOp58
 70
     1
102
RTVSPropertyOp59
 70
     1
102
RTVSPropertyOp60
 70
     1
102
RTVSPropertyOp61
 70
     1
102
RTVSPropertyOp62
 70
     1
  0
XRECORD
  5
1989B
102
{ACAD_REACTORS
330
1989A
102
}
330
1989A
100
AcDbXrecord
280
     1
102
RTVSPost2010Prop28
280
     0
102
RTVSPost2010PropOp28
 70
     1
102
RTVSPost2010Prop29
280
     1
102
RTVSPost2010PropOp29
 70
     1
102
RTVSPost2010Prop30
280
     1
102
RTVSPost2010PropOp30
 70
     1
102
RTVSPost2010Prop31
280
     0
102
RTVSPost2010PropOp31
 70
     1
102
RTVSPost2010Prop32
280
     0
102
RTVSPost2010PropOp32
 70
     1
102
RTVSPost2010Prop33
280
     0
102
RTVSPost2010PropOp33
 70
     1
102
RTVSPost2010Prop34
280
     0
102
RTVSPost2010PropOp34
 70
     1
102
RTVSPost2010Prop35
280
     0
102
RTVSPost2010PropOp35
 70
     1
102
RTVSPost2010Prop36
280
     0
102
RTVSPost2010PropOp36
 70
     1
102
RTVSPost2010Prop37
 90
       50
102
RTVSPost2010PropOp37
 70
     1
102
RTVSPost2010Prop38
140
0.0
102
RTVSPost2010PropOp38
 70
     1
102
RTVSPost2010Prop39
140
1.0
102
RTVSPost2010PropOp39
 70
     1
102
RTVSPost2010Prop40
 90
        0
102
RTVSPost2010PropOp40
 70
     1
102
RTVSPost2010Prop41ColorIndex
 90
       18
102
RTVSPost2010Prop41ColorRGB
 90
        0
102
RTVSPost2010PropOp41
 70
     1
102
RTVSPost2010Prop42
 90
       50
102
RTVSPost2010PropOp42
 70
     1
102
RTVSPost2010Prop43
 90
        3
102
RTVSPost2010PropOp43
 70
     1
102
RTVSPost2010Prop44ColorIndex
 90
        5
102
RTVSPost2010Prop44ColorRGB
 90
      255
102
RTVSPost2010PropOp44
 70
     1
102
RTVSPost2010Prop45
280
     0
102
RTVSPost2010PropOp45
 70
     1
102
RTVSPost2010Prop46
 90
       50
102
RTVSPost2010PropOp46
 70
     1
102
RTVSPost2010Prop47
 90
       50
102
RTVSPost2010PropOp47
 70
     1
102
RTVSPost2010Prop48
 90
       50
102
RTVSPost2010PropOp48
 70
     1
102
RTVSPost2010Prop49
280
     0
102
RTVSPost2010PropOp49
 70
     1
102
RTVSPost2010Prop50
 90
       50
102
RTVSPost2010PropOp50
 70
     1
102
RTVSPost2010Prop51ColorIndex
 90
      256
102
RTVSPost2010Prop51ColorRGB
 90
-16777216
102
RTVSPost2010PropOp51
 70
     0
102
RTVSPost2010Prop52
140
1.0
102
RTVSPost2010PropOp52
 70
     0
102
RTVSPost2010Prop53
 90
        2
102
RTVSPost2010PropOp53
 70
     1
102
RTVSPost2010Prop54
  1
strokes_ogs.tif
102
RTVSPost2010PropOp54
 70
     1
102
RTVSPost2010Prop55
280
     0
102
RTVSPost2010PropOp55
 70
     1
102
RTVSPost2010Prop56
140
1.0
102
RTVSPost2010PropOp56
 70
     1
102
RTVSPost2010Prop57
140
1.0
102
RTVSPost2010PropOp57
 70
     1
102
RTVSPropertyOp0
 70
     1
102
RTVSPropertyOp1
 70
     1
102
RTVSPropertyOp2
 70
     1
102
RTVSPropertyOp3
 70
     1
102
RTVSPropertyOp4
 70
     1
102
RTVSPropertyOp5
 70
     1
102
RTVSPropertyOp6
 70
     1
102
RTVSPropertyOp7
 70
     1
102
RTVSPropertyOp8
 70
     1
102
RTVSPropertyOp9
 70
     1
102
RTVSPropertyOp10
 70
     1
102
RTVSPropertyOp11
 70
     1
102
RTVSPropertyOp12
 70
     1
102
RTVSPropertyOp13
 70
     1
102
RTVSPropertyOp14
 70
     1
102
RTVSPropertyOp15
 70
     1
102
RTVSPropertyOp16
 70
     1
102
RTVSPropertyOp17
 70
     1
102
RTVSPropertyOp18
 70
     1
102
RTVSPropertyOp19
 70
     1
102
RTVSPropertyOp20
 70
     1
102
RTVSPropertyOp21
 70
     1
102
RTVSPropertyOp22
 70
     1
102
RTVSPropertyOp23
 70
     1
102
RTVSPropertyOp24
 70
     1
102
RTVSPropertyOp25
 70
     1
102
RTVSPropertyOp26
 70
     1
102
RTVSPropertyOp27
 70
     1
102
RTVSPropertyOp28
 70
     1
102
RTVSPropertyOp29
 70
     1
102
RTVSPropertyOp30
 70
     1
102
RTVSPropertyOp31
 70
     1
102
RTVSPropertyOp32
 70
     1
102
RTVSPropertyOp33
 70
     1
102
RTVSPropertyOp34
 70
     1
102
RTVSPropertyOp35
 70
     1
102
RTVSPropertyOp36
 70
     1
102
RTVSPropertyOp37
 70
     1
102
RTVSPropertyOp38
 70
     1
102
RTVSPropertyOp39
 70
     1
102
RTVSPropertyOp40
 70
     1
102
RTVSPropertyOp41
 70
     1
102
RTVSPropertyOp42
 70
     1
102
RTVSPropertyOp43
 70
     1
102
RTVSPropertyOp44
 70
     1
102
RTVSPropertyOp45
 70
     1
102
RTVSPropertyOp46
 70
     1
102
RTVSPropertyOp47
 70
     1
102
RTVSPropertyOp48
 70
     1
102
RTVSPropertyOp49
 70
     1
102
RTVSPropertyOp50
 70
     1
102
RTVSPropertyOp51
 70
     0
102
RTVSPropertyOp52
 70
     0
102
RTVSPropertyOp53
 70
     1
102
RTVSPropertyOp54
 70
     1
102
RTVSPropertyOp55
 70
     1
102
RTVSPropertyOp56
 70
     1
102
RTVSPropertyOp57
 70
     1
102
RTVSPropertyOp58
 70
     1
102
RTVSPropertyOp59
 70
     1
102
RTVSPropertyOp60
 70
     1
102
RTVSPropertyOp61
 70
     1
102
RTVSPropertyOp62
 70
     1
  0
XRECORD
  5
1987F
102
{ACAD_REACTORS
330
1987E
102
}
330
1987E
100
AcDbXrecord
280
     1
102
RTVSPost2010Prop28
280
     0
102
RTVSPost2010PropOp28
 70
     1
102
RTVSPost2010Prop29
280
     1
102
RTVSPost2010PropOp29
 70
     1
102
RTVSPost2010Prop30
280
     1
102
RTVSPost2010PropOp30
 70
     1
102
RTVSPost2010Prop31
280
     0
102
RTVSPost2010PropOp31
 70
     1
102
RTVSPost2010Prop32
280
     0
102
RTVSPost2010PropOp32
 70
     1
102
RTVSPost2010Prop33
280
     0
102
RTVSPost2010PropOp33
 70
     1
102
RTVSPost2010Prop34
280
     0
102
RTVSPost2010PropOp34
 70
     1
102
RTVSPost2010Prop35
280
     0
102
RTVSPost2010PropOp35
 70
     1
102
RTVSPost2010Prop36
280
     0
102
RTVSPost2010PropOp36
 70
     1
102
RTVSPost2010Prop37
 90
       50
102
RTVSPost2010PropOp37
 70
     1
102
RTVSPost2010Prop38
140
0.0
102
RTVSPost2010PropOp38
 70
     1
102
RTVSPost2010Prop39
140
1.0
102
RTVSPost2010PropOp39
 70
     1
102
RTVSPost2010Prop40
 90
        0
102
RTVSPost2010PropOp40
 70
     1
102
RTVSPost2010Prop41ColorIndex
 90
       18
102
RTVSPost2010Prop41ColorRGB
 90
        0
102
RTVSPost2010PropOp41
 70
     1
102
RTVSPost2010Prop42
 90
       50
102
RTVSPost2010PropOp42
 70
     1
102
RTVSPost2010Prop43
 90
        3
102
RTVSPost2010PropOp43
 70
     1
102
RTVSPost2010Prop44ColorIndex
 90
        5
102
RTVSPost2010Prop44ColorRGB
 90
      255
102
RTVSPost2010PropOp44
 70
     1
102
RTVSPost2010Prop45
280
     0
102
RTVSPost2010PropOp45
 70
     1
102
RTVSPost2010Prop46
 90
       50
102
RTVSPost2010PropOp46
 70
     1
102
RTVSPost2010Prop47
 90
       50
102
RTVSPost2010PropOp47
 70
     1
102
RTVSPost2010Prop48
 90
       50
102
RTVSPost2010PropOp48
 70
     1
102
RTVSPost2010Prop49
280
     0
102
RTVSPost2010PropOp49
 70
     1
102
RTVSPost2010Prop50
 90
       50
102
RTVSPost2010PropOp50
 70
     1
102
RTVSPost2010Prop51ColorIndex
 90
      256
102
RTVSPost2010Prop51ColorRGB
 90
-16777216
102
RTVSPost2010PropOp51
 70
     0
102
RTVSPost2010Prop52
140
1.0
102
RTVSPost2010PropOp52
 70
     0
102
RTVSPost2010Prop53
 90
        2
102
RTVSPost2010PropOp53
 70
     1
102
RTVSPost2010Prop54
  1
strokes_ogs.tif
102
RTVSPost2010PropOp54
 70
     1
102
RTVSPost2010Prop55
280
     0
102
RTVSPost2010PropOp55
 70
     1
102
RTVSPost2010Prop56
140
1.0
102
RTVSPost2010PropOp56
 70
     1
102
RTVSPost2010Prop57
140
1.0
102
RTVSPost2010PropOp57
 70
     1
102
RTVSPropertyOp0
 70
     1
102
RTVSPropertyOp1
 70
     1
102
RTVSPropertyOp2
 70
     1
102
RTVSPropertyOp3
 70
     1
102
RTVSPropertyOp4
 70
     1
102
RTVSPropertyOp5
 70
     1
102
RTVSPropertyOp6
 70
     1
102
RTVSPropertyOp7
 70
     1
102
RTVSPropertyOp8
 70
     1
102
RTVSPropertyOp9
 70
     1
102
RTVSPropertyOp10
 70
     1
102
RTVSPropertyOp11
 70
     1
102
RTVSPropertyOp12
 70
     1
102
RTVSPropertyOp13
 70
     1
102
RTVSPropertyOp14
 70
     1
102
RTVSPropertyOp15
 70
     1
102
RTVSPropertyOp16
 70
     1
102
RTVSPropertyOp17
 70
     1
102
RTVSPropertyOp18
 70
     1
102
RTVSPropertyOp19
 70
     1
102
RTVSPropertyOp20
 70
     1
102
RTVSPropertyOp21
 70
     1
102
RTVSPropertyOp22
 70
     1
102
RTVSPropertyOp23
 70
     1
102
RTVSPropertyOp24
 70
     1
102
RTVSPropertyOp25
 70
     1
102
RTVSPropertyOp26
 70
     1
102
RTVSPropertyOp27
 70
     1
102
RTVSPropertyOp28
 70
     1
102
RTVSPropertyOp29
 70
     1
102
RTVSPropertyOp30
 70
     1
102
RTVSPropertyOp31
 70
     1
102
RTVSPropertyOp32
 70
     1
102
RTVSPropertyOp33
 70
     1
102
RTVSPropertyOp34
 70
     1
102
RTVSPropertyOp35
 70
     1
102
RTVSPropertyOp36
 70
     1
102
RTVSPropertyOp37
 70
     1
102
RTVSPropertyOp38
 70
     1
102
RTVSPropertyOp39
 70
     1
102
RTVSPropertyOp40
 70
     1
102
RTVSPropertyOp41
 70
     1
102
RTVSPropertyOp42
 70
     1
102
RTVSPropertyOp43
 70
     1
102
RTVSPropertyOp44
 70
     1
102
RTVSPropertyOp45
 70
     1
102
RTVSPropertyOp46
 70
     1
102
RTVSPropertyOp47
 70
     1
102
RTVSPropertyOp48
 70
     1
102
RTVSPropertyOp49
 70
     1
102
RTVSPropertyOp50
 70
     1
102
RTVSPropertyOp51
 70
     0
102
RTVSPropertyOp52
 70
     0
102
RTVSPropertyOp53
 70
     1
102
RTVSPropertyOp54
 70
     1
102
RTVSPropertyOp55
 70
     1
102
RTVSPropertyOp56
 70
     1
102
RTVSPropertyOp57
 70
     1
102
RTVSPropertyOp58
 70
     1
102
RTVSPropertyOp59
 70
     1
102
RTVSPropertyOp60
 70
     1
102
RTVSPropertyOp61
 70
     1
102
RTVSPropertyOp62
 70
     1
  0
XRECORD
  5
19881
102
{ACAD_REACTORS
330
19880
102
}
330
19880
100
AcDbXrecord
280
     1
102
RTVSPost2010Prop28
280
     0
102
RTVSPost2010PropOp28
 70
     1
102
RTVSPost2010Prop29
280
     1
102
RTVSPost2010PropOp29
 70
     1
102
RTVSPost2010Prop30
280
     1
102
RTVSPost2010PropOp30
 70
     1
102
RTVSPost2010Prop31
280
     0
102
RTVSPost2010PropOp31
 70
     1
102
RTVSPost2010Prop32
280
     0
102
RTVSPost2010PropOp32
 70
     1
102
RTVSPost2010Prop33
280
     0
102
RTVSPost2010PropOp33
 70
     1
102
RTVSPost2010Prop34
280
     0
102
RTVSPost2010PropOp34
 70
     1
102
RTVSPost2010Prop35
280
     0
102
RTVSPost2010PropOp35
 70
     1
102
RTVSPost2010Prop36
280
     0
102
RTVSPost2010PropOp36
 70
     1
102
RTVSPost2010Prop37
 90
       50
102
RTVSPost2010PropOp37
 70
     1
102
RTVSPost2010Prop38
140
0.0
102
RTVSPost2010PropOp38
 70
     1
102
RTVSPost2010Prop39
140
1.0
102
RTVSPost2010PropOp39
 70
     1
102
RTVSPost2010Prop40
 90
        0
102
RTVSPost2010PropOp40
 70
     1
102
RTVSPost2010Prop41ColorIndex
 90
       18
102
RTVSPost2010Prop41ColorRGB
 90
        0
102
RTVSPost2010PropOp41
 70
     1
102
RTVSPost2010Prop42
 90
       50
102
RTVSPost2010PropOp42
 70
     1
102
RTVSPost2010Prop43
 90
        3
102
RTVSPost2010PropOp43
 70
     1
102
RTVSPost2010Prop44ColorIndex
 90
        5
102
RTVSPost2010Prop44ColorRGB
 90
      255
102
RTVSPost2010PropOp44
 70
     1
102
RTVSPost2010Prop45
280
     0
102
RTVSPost2010PropOp45
 70
     1
102
RTVSPost2010Prop46
 90
       50
102
RTVSPost2010PropOp46
 70
     1
102
RTVSPost2010Prop47
 90
       50
102
RTVSPost2010PropOp47
 70
     1
102
RTVSPost2010Prop48
 90
       50
102
RTVSPost2010PropOp48
 70
     1
102
RTVSPost2010Prop49
280
     0
102
RTVSPost2010PropOp49
 70
     1
102
RTVSPost2010Prop50
 90
       50
102
RTVSPost2010PropOp50
 70
     1
102
RTVSPost2010Prop51ColorIndex
 90
      256
102
RTVSPost2010Prop51ColorRGB
 90
-16777216
102
RTVSPost2010PropOp51
 70
     0
102
RTVSPost2010Prop52
140
1.0
102
RTVSPost2010PropOp52
 70
     0
102
RTVSPost2010Prop53
 90
        2
102
RTVSPost2010PropOp53
 70
     1
102
RTVSPost2010Prop54
  1
strokes_ogs.tif
102
RTVSPost2010PropOp54
 70
     1
102
RTVSPost2010Prop55
280
     0
102
RTVSPost2010PropOp55
 70
     1
102
RTVSPost2010Prop56
140
1.0
102
RTVSPost2010PropOp56
 70
     1
102
RTVSPost2010Prop57
140
1.0
102
RTVSPost2010PropOp57
 70
     1
102
RTVSPropertyOp0
 70
     1
102
RTVSPropertyOp1
 70
     1
102
RTVSPropertyOp2
 70
     1
102
RTVSPropertyOp3
 70
     1
102
RTVSPropertyOp4
 70
     1
102
RTVSPropertyOp5
 70
     1
102
RTVSPropertyOp6
 70
     1
102
RTVSPropertyOp7
 70
     1
102
RTVSPropertyOp8
 70
     1
102
RTVSPropertyOp9
 70
     1
102
RTVSPropertyOp10
 70
     1
102
RTVSPropertyOp11
 70
     1
102
RTVSPropertyOp12
 70
     1
102
RTVSPropertyOp13
 70
     1
102
RTVSPropertyOp14
 70
     1
102
RTVSPropertyOp15
 70
     1
102
RTVSPropertyOp16
 70
     1
102
RTVSPropertyOp17
 70
     1
102
RTVSPropertyOp18
 70
     1
102
RTVSPropertyOp19
 70
     1
102
RTVSPropertyOp20
 70
     1
102
RTVSPropertyOp21
 70
     1
102
RTVSPropertyOp22
 70
     1
102
RTVSPropertyOp23
 70
     1
102
RTVSPropertyOp24
 70
     1
102
RTVSPropertyOp25
 70
     1
102
RTVSPropertyOp26
 70
     1
102
RTVSPropertyOp27
 70
     1
102
RTVSPropertyOp28
 70
     1
102
RTVSPropertyOp29
 70
     1
102
RTVSPropertyOp30
 70
     1
102
RTVSPropertyOp31
 70
     1
102
RTVSPropertyOp32
 70
     1
102
RTVSPropertyOp33
 70
     1
102
RTVSPropertyOp34
 70
     1
102
RTVSPropertyOp35
 70
     1
102
RTVSPropertyOp36
 70
     1
102
RTVSPropertyOp37
 70
     1
102
RTVSPropertyOp38
 70
     1
102
RTVSPropertyOp39
 70
     1
102
RTVSPropertyOp40
 70
     1
102
RTVSPropertyOp41
 70
     1
102
RTVSPropertyOp42
 70
     1
102
RTVSPropertyOp43
 70
     1
102
RTVSPropertyOp44
 70
     1
102
RTVSPropertyOp45
 70
     1
102
RTVSPropertyOp46
 70
     1
102
RTVSPropertyOp47
 70
     1
102
RTVSPropertyOp48
 70
     1
102
RTVSPropertyOp49
 70
     1
102
RTVSPropertyOp50
 70
     1
102
RTVSPropertyOp51
 70
     0
102
RTVSPropertyOp52
 70
     0
102
RTVSPropertyOp53
 70
     1
102
RTVSPropertyOp54
 70
     1
102
RTVSPropertyOp55
 70
     1
102
RTVSPropertyOp56
 70
     1
102
RTVSPropertyOp57
 70
     1
102
RTVSPropertyOp58
 70
     1
102
RTVSPropertyOp59
 70
     1
102
RTVSPropertyOp60
 70
     1
102
RTVSPropertyOp61
 70
     1
102
RTVSPropertyOp62
 70
     1
  0
XRECORD
  5
19883
102
{ACAD_REACTORS
330
19882
102
}
330
19882
100
AcDbXrecord
280
     1
102
RTVSPost2010Prop28
280
     0
102
RTVSPost2010PropOp28
 70
     1
102
RTVSPost2010Prop29
280
     1
102
RTVSPost2010PropOp29
 70
     1
102
RTVSPost2010Prop30
280
     1
102
RTVSPost2010PropOp30
 70
     1
102
RTVSPost2010Prop31
280
     0
102
RTVSPost2010PropOp31
 70
     1
102
RTVSPost2010Prop32
280
     0
102
RTVSPost2010PropOp32
 70
     1
102
RTVSPost2010Prop33
280
     0
102
RTVSPost2010PropOp33
 70
     1
102
RTVSPost2010Prop34
280
     0
102
RTVSPost2010PropOp34
 70
     1
102
RTVSPost2010Prop35
280
     0
102
RTVSPost2010PropOp35
 70
     1
102
RTVSPost2010Prop36
280
     0
102
RTVSPost2010PropOp36
 70
     1
102
RTVSPost2010Prop37
 90
       50
102
RTVSPost2010PropOp37
 70
     1
102
RTVSPost2010Prop38
140
0.0
102
RTVSPost2010PropOp38
 70
     1
102
RTVSPost2010Prop39
140
1.0
102
RTVSPost2010PropOp39
 70
     1
102
RTVSPost2010Prop40
 90
        0
102
RTVSPost2010PropOp40
 70
     1
102
RTVSPost2010Prop41ColorIndex
 90
       18
102
RTVSPost2010Prop41ColorRGB
 90
        0
102
RTVSPost2010PropOp41
 70
     1
102
RTVSPost2010Prop42
 90
       50
102
RTVSPost2010PropOp42
 70
     1
102
RTVSPost2010Prop43
 90
        3
102
RTVSPost2010PropOp43
 70
     1
102
RTVSPost2010Prop44ColorIndex
 90
        5
102
RTVSPost2010Prop44ColorRGB
 90
      255
102
RTVSPost2010PropOp44
 70
     1
102
RTVSPost2010Prop45
280
     0
102
RTVSPost2010PropOp45
 70
     1
102
RTVSPost2010Prop46
 90
       50
102
RTVSPost2010PropOp46
 70
     1
102
RTVSPost2010Prop47
 90
       50
102
RTVSPost2010PropOp47
 70
     1
102
RTVSPost2010Prop48
 90
       50
102
RTVSPost2010PropOp48
 70
     1
102
RTVSPost2010Prop49
280
     0
102
RTVSPost2010PropOp49
 70
     1
102
RTVSPost2010Prop50
 90
       50
102
RTVSPost2010PropOp50
 70
     1
102
RTVSPost2010Prop51ColorIndex
 90
      256
102
RTVSPost2010Prop51ColorRGB
 90
-16777216
102
RTVSPost2010PropOp51
 70
     0
102
RTVSPost2010Prop52
140
1.0
102
RTVSPost2010PropOp52
 70
     0
102
RTVSPost2010Prop53
 90
        2
102
RTVSPost2010PropOp53
 70
     1
102
RTVSPost2010Prop54
  1
strokes_ogs.tif
102
RTVSPost2010PropOp54
 70
     1
102
RTVSPost2010Prop55
280
     0
102
RTVSPost2010PropOp55
 70
     1
102
RTVSPost2010Prop56
140
1.0
102
RTVSPost2010PropOp56
 70
     1
102
RTVSPost2010Prop57
140
1.0
102
RTVSPost2010PropOp57
 70
     1
102
RTVSPropertyOp0
 70
     1
102
RTVSPropertyOp1
 70
     1
102
RTVSPropertyOp2
 70
     1
102
RTVSPropertyOp3
 70
     1
102
RTVSPropertyOp4
 70
     1
102
RTVSPropertyOp5
 70
     1
102
RTVSPropertyOp6
 70
     1
102
RTVSPropertyOp7
 70
     1
102
RTVSPropertyOp8
 70
     1
102
RTVSPropertyOp9
 70
     1
102
RTVSPropertyOp10
 70
     1
102
RTVSPropertyOp11
 70
     1
102
RTVSPropertyOp12
 70
     1
102
RTVSPropertyOp13
 70
     1
102
RTVSPropertyOp14
 70
     1
102
RTVSPropertyOp15
 70
     1
102
RTVSPropertyOp16
 70
     1
102
RTVSPropertyOp17
 70
     1
102
RTVSPropertyOp18
 70
     1
102
RTVSPropertyOp19
 70
     1
102
RTVSPropertyOp20
 70
     1
102
RTVSPropertyOp21
 70
     1
102
RTVSPropertyOp22
 70
     1
102
RTVSPropertyOp23
 70
     1
102
RTVSPropertyOp24
 70
     1
102
RTVSPropertyOp25
 70
     1
102
RTVSPropertyOp26
 70
     1
102
RTVSPropertyOp27
 70
     1
102
RTVSPropertyOp28
 70
     1
102
RTVSPropertyOp29
 70
     1
102
RTVSPropertyOp30
 70
     1
102
RTVSPropertyOp31
 70
     1
102
RTVSPropertyOp32
 70
     1
102
RTVSPropertyOp33
 70
     1
102
RTVSPropertyOp34
 70
     1
102
RTVSPropertyOp35
 70
     1
102
RTVSPropertyOp36
 70
     1
102
RTVSPropertyOp37
 70
     1
102
RTVSPropertyOp38
 70
     1
102
RTVSPropertyOp39
 70
     1
102
RTVSPropertyOp40
 70
     1
102
RTVSPropertyOp41
 70
     1
102
RTVSPropertyOp42
 70
     1
102
RTVSPropertyOp43
 70
     1
102
RTVSPropertyOp44
 70
     1
102
RTVSPropertyOp45
 70
     1
102
RTVSPropertyOp46
 70
     1
102
RTVSPropertyOp47
 70
     1
102
RTVSPropertyOp48
 70
     1
102
RTVSPropertyOp49
 70
     1
102
RTVSPropertyOp50
 70
     1
102
RTVSPropertyOp51
 70
     0
102
RTVSPropertyOp52
 70
     0
102
RTVSPropertyOp53
 70
     1
102
RTVSPropertyOp54
 70
     1
102
RTVSPropertyOp55
 70
     1
102
RTVSPropertyOp56
 70
     1
102
RTVSPropertyOp57
 70
     1
102
RTVSPropertyOp58
 70
     1
102
RTVSPropertyOp59
 70
     1
102
RTVSPropertyOp60
 70
     1
102
RTVSPropertyOp61
 70
     1
102
RTVSPropertyOp62
 70
     1
  0
XRECORD
  5
19885
102
{ACAD_REACTORS
330
19884
102
}
330
19884
100
AcDbXrecord
280
     1
102
RTVSPost2010Prop28
280
     0
102
RTVSPost2010PropOp28
 70
     1
102
RTVSPost2010Prop29
280
     1
102
RTVSPost2010PropOp29
 70
     1
102
RTVSPost2010Prop30
280
     1
102
RTVSPost2010PropOp30
 70
     1
102
RTVSPost2010Prop31
280
     0
102
RTVSPost2010PropOp31
 70
     1
102
RTVSPost2010Prop32
280
     0
102
RTVSPost2010PropOp32
 70
     1
102
RTVSPost2010Prop33
280
     0
102
RTVSPost2010PropOp33
 70
     1
102
RTVSPost2010Prop34
280
     0
102
RTVSPost2010PropOp34
 70
     1
102
RTVSPost2010Prop35
280
     0
102
RTVSPost2010PropOp35
 70
     1
102
RTVSPost2010Prop36
280
     0
102
RTVSPost2010PropOp36
 70
     1
102
RTVSPost2010Prop37
 90
       50
102
RTVSPost2010PropOp37
 70
     1
102
RTVSPost2010Prop38
140
0.0
102
RTVSPost2010PropOp38
 70
     1
102
RTVSPost2010Prop39
140
1.0
102
RTVSPost2010PropOp39
 70
     1
102
RTVSPost2010Prop40
 90
        0
102
RTVSPost2010PropOp40
 70
     1
102
RTVSPost2010Prop41ColorIndex
 90
       18
102
RTVSPost2010Prop41ColorRGB
 90
        0
102
RTVSPost2010PropOp41
 70
     1
102
RTVSPost2010Prop42
 90
       50
102
RTVSPost2010PropOp42
 70
     1
102
RTVSPost2010Prop43
 90
        3
102
RTVSPost2010PropOp43
 70
     1
102
RTVSPost2010Prop44ColorIndex
 90
        5
102
RTVSPost2010Prop44ColorRGB
 90
      255
102
RTVSPost2010PropOp44
 70
     1
102
RTVSPost2010Prop45
280
     0
102
RTVSPost2010PropOp45
 70
     1
102
RTVSPost2010Prop46
 90
       50
102
RTVSPost2010PropOp46
 70
     1
102
RTVSPost2010Prop47
 90
       50
102
RTVSPost2010PropOp47
 70
     1
102
RTVSPost2010Prop48
 90
       50
102
RTVSPost2010PropOp48
 70
     1
102
RTVSPost2010Prop49
280
     0
102
RTVSPost2010PropOp49
 70
     1
102
RTVSPost2010Prop50
 90
       50
102
RTVSPost2010PropOp50
 70
     1
102
RTVSPost2010Prop51ColorIndex
 90
      256
102
RTVSPost2010Prop51ColorRGB
 90
-16777216
102
RTVSPost2010PropOp51
 70
     0
102
RTVSPost2010Prop52
140
1.0
102
RTVSPost2010PropOp52
 70
     0
102
RTVSPost2010Prop53
 90
        2
102
RTVSPost2010PropOp53
 70
     1
102
RTVSPost2010Prop54
  1
strokes_ogs.tif
102
RTVSPost2010PropOp54
 70
     1
102
RTVSPost2010Prop55
280
     0
102
RTVSPost2010PropOp55
 70
     1
102
RTVSPost2010Prop56
140
1.0
102
RTVSPost2010PropOp56
 70
     1
102
RTVSPost2010Prop57
140
1.0
102
RTVSPost2010PropOp57
 70
     1
102
RTVSPropertyOp0
 70
     1
102
RTVSPropertyOp1
 70
     1
102
RTVSPropertyOp2
 70
     1
102
RTVSPropertyOp3
 70
     1
102
RTVSPropertyOp4
 70
     1
102
RTVSPropertyOp5
 70
     1
102
RTVSPropertyOp6
 70
     1
102
RTVSPropertyOp7
 70
     1
102
RTVSPropertyOp8
 70
     1
102
RTVSPropertyOp9
 70
     1
102
RTVSPropertyOp10
 70
     1
102
RTVSPropertyOp11
 70
     1
102
RTVSPropertyOp12
 70
     1
102
RTVSPropertyOp13
 70
     1
102
RTVSPropertyOp14
 70
     1
102
RTVSPropertyOp15
 70
     1
102
RTVSPropertyOp16
 70
     1
102
RTVSPropertyOp17
 70
     1
102
RTVSPropertyOp18
 70
     1
102
RTVSPropertyOp19
 70
     1
102
RTVSPropertyOp20
 70
     1
102
RTVSPropertyOp21
 70
     1
102
RTVSPropertyOp22
 70
     1
102
RTVSPropertyOp23
 70
     1
102
RTVSPropertyOp24
 70
     1
102
RTVSPropertyOp25
 70
     1
102
RTVSPropertyOp26
 70
     1
102
RTVSPropertyOp27
 70
     1
102
RTVSPropertyOp28
 70
     1
102
RTVSPropertyOp29
 70
     1
102
RTVSPropertyOp30
 70
     1
102
RTVSPropertyOp31
 70
     1
102
RTVSPropertyOp32
 70
     1
102
RTVSPropertyOp33
 70
     1
102
RTVSPropertyOp34
 70
     1
102
RTVSPropertyOp35
 70
     1
102
RTVSPropertyOp36
 70
     1
102
RTVSPropertyOp37
 70
     1
102
RTVSPropertyOp38
 70
     1
102
RTVSPropertyOp39
 70
     1
102
RTVSPropertyOp40
 70
     1
102
RTVSPropertyOp41
 70
     1
102
RTVSPropertyOp42
 70
     1
102
RTVSPropertyOp43
 70
     1
102
RTVSPropertyOp44
 70
     1
102
RTVSPropertyOp45
 70
     1
102
RTVSPropertyOp46
 70
     1
102
RTVSPropertyOp47
 70
     1
102
RTVSPropertyOp48
 70
     1
102
RTVSPropertyOp49
 70
     1
102
RTVSPropertyOp50
 70
     1
102
RTVSPropertyOp51
 70
     0
102
RTVSPropertyOp52
 70
     0
102
RTVSPropertyOp53
 70
     1
102
RTVSPropertyOp54
 70
     1
102
RTVSPropertyOp55
 70
     1
102
RTVSPropertyOp56
 70
     1
102
RTVSPropertyOp57
 70
     1
102
RTVSPropertyOp58
 70
     1
102
RTVSPropertyOp59
 70
     1
102
RTVSPropertyOp60
 70
     1
102
RTVSPropertyOp61
 70
     1
102
RTVSPropertyOp62
 70
     1
  0
XRECORD
  5
1988D
102
{ACAD_REACTORS
330
1988C
102
}
330
1988C
100
AcDbXrecord
280
     1
102
RTVSPost2010Prop28
280
     0
102
RTVSPost2010PropOp28
 70
     1
102
RTVSPost2010Prop29
280
     1
102
RTVSPost2010PropOp29
 70
     1
102
RTVSPost2010Prop30
280
     1
102
RTVSPost2010PropOp30
 70
     1
102
RTVSPost2010Prop31
280
     0
102
RTVSPost2010PropOp31
 70
     1
102
RTVSPost2010Prop32
280
     0
102
RTVSPost2010PropOp32
 70
     1
102
RTVSPost2010Prop33
280
     0
102
RTVSPost2010PropOp33
 70
     1
102
RTVSPost2010Prop34
280
     0
102
RTVSPost2010PropOp34
 70
     1
102
RTVSPost2010Prop35
280
     0
102
RTVSPost2010PropOp35
 70
     1
102
RTVSPost2010Prop36
280
     0
102
RTVSPost2010PropOp36
 70
     1
102
RTVSPost2010Prop37
 90
       50
102
RTVSPost2010PropOp37
 70
     1
102
RTVSPost2010Prop38
140
0.0
102
RTVSPost2010PropOp38
 70
     1
102
RTVSPost2010Prop39
140
1.0
102
RTVSPost2010PropOp39
 70
     1
102
RTVSPost2010Prop40
 90
        0
102
RTVSPost2010PropOp40
 70
     1
102
RTVSPost2010Prop41ColorIndex
 90
       18
102
RTVSPost2010Prop41ColorRGB
 90
        0
102
RTVSPost2010PropOp41
 70
     1
102
RTVSPost2010Prop42
 90
       50
102
RTVSPost2010PropOp42
 70
     1
102
RTVSPost2010Prop43
 90
        3
102
RTVSPost2010PropOp43
 70
     1
102
RTVSPost2010Prop44ColorIndex
 90
        5
102
RTVSPost2010Prop44ColorRGB
 90
      255
102
RTVSPost2010PropOp44
 70
     1
102
RTVSPost2010Prop45
280
     0
102
RTVSPost2010PropOp45
 70
     1
102
RTVSPost2010Prop46
 90
       50
102
RTVSPost2010PropOp46
 70
     1
102
RTVSPost2010Prop47
 90
       50
102
RTVSPost2010PropOp47
 70
     1
102
RTVSPost2010Prop48
 90
       50
102
RTVSPost2010PropOp48
 70
     1
102
RTVSPost2010Prop49
280
     0
102
RTVSPost2010PropOp49
 70
     1
102
RTVSPost2010Prop50
 90
       50
102
RTVSPost2010PropOp50
 70
     1
102
RTVSPost2010Prop51ColorIndex
 90
      256
102
RTVSPost2010Prop51ColorRGB
 90
-16777216
102
RTVSPost2010PropOp51
 70
     0
102
RTVSPost2010Prop52
140
1.0
102
RTVSPost2010PropOp52
 70
     0
102
RTVSPost2010Prop53
 90
        2
102
RTVSPost2010PropOp53
 70
     1
102
RTVSPost2010Prop54
  1
strokes_ogs.tif
102
RTVSPost2010PropOp54
 70
     1
102
RTVSPost2010Prop55
280
     0
102
RTVSPost2010PropOp55
 70
     1
102
RTVSPost2010Prop56
140
1.0
102
RTVSPost2010PropOp56
 70
     1
102
RTVSPost2010Prop57
140
1.0
102
RTVSPost2010PropOp57
 70
     1
102
RTVSPropertyOp0
 70
     1
102
RTVSPropertyOp1
 70
     1
102
RTVSPropertyOp2
 70
     1
102
RTVSPropertyOp3
 70
     1
102
RTVSPropertyOp4
 70
     1
102
RTVSPropertyOp5
 70
     1
102
RTVSPropertyOp6
 70
     1
102
RTVSPropertyOp7
 70
     1
102
RTVSPropertyOp8
 70
     1
102
RTVSPropertyOp9
 70
     1
102
RTVSPropertyOp10
 70
     1
102
RTVSPropertyOp11
 70
     1
102
RTVSPropertyOp12
 70
     1
102
RTVSPropertyOp13
 70
     1
102
RTVSPropertyOp14
 70
     1
102
RTVSPropertyOp15
 70
     1
102
RTVSPropertyOp16
 70
     1
102
RTVSPropertyOp17
 70
     1
102
RTVSPropertyOp18
 70
     1
102
RTVSPropertyOp19
 70
     1
102
RTVSPropertyOp20
 70
     1
102
RTVSPropertyOp21
 70
     1
102
RTVSPropertyOp22
 70
     1
102
RTVSPropertyOp23
 70
     1
102
RTVSPropertyOp24
 70
     1
102
RTVSPropertyOp25
 70
     1
102
RTVSPropertyOp26
 70
     1
102
RTVSPropertyOp27
 70
     1
102
RTVSPropertyOp28
 70
     1
102
RTVSPropertyOp29
 70
     1
102
RTVSPropertyOp30
 70
     1
102
RTVSPropertyOp31
 70
     1
102
RTVSPropertyOp32
 70
     1
102
RTVSPropertyOp33
 70
     1
102
RTVSPropertyOp34
 70
     1
102
RTVSPropertyOp35
 70
     1
102
RTVSPropertyOp36
 70
     1
102
RTVSPropertyOp37
 70
     1
102
RTVSPropertyOp38
 70
     1
102
RTVSPropertyOp39
 70
     1
102
RTVSPropertyOp40
 70
     1
102
RTVSPropertyOp41
 70
     1
102
RTVSPropertyOp42
 70
     1
102
RTVSPropertyOp43
 70
     1
102
RTVSPropertyOp44
 70
     1
102
RTVSPropertyOp45
 70
     1
102
RTVSPropertyOp46
 70
     1
102
RTVSPropertyOp47
 70
     1
102
RTVSPropertyOp48
 70
     1
102
RTVSPropertyOp49
 70
     1
102
RTVSPropertyOp50
 70
     1
102
RTVSPropertyOp51
 70
     0
102
RTVSPropertyOp52
 70
     0
102
RTVSPropertyOp53
 70
     1
102
RTVSPropertyOp54
 70
     1
102
RTVSPropertyOp55
 70
     1
102
RTVSPropertyOp56
 70
     1
102
RTVSPropertyOp57
 70
     1
102
RTVSPropertyOp58
 70
     1
102
RTVSPropertyOp59
 70
     1
102
RTVSPropertyOp60
 70
     1
102
RTVSPropertyOp61
 70
     1
102
RTVSPropertyOp62
 70
     1
  0
XRECORD
  5
198A9
102
{ACAD_REACTORS
330
198A8
102
}
330
198A8
100
AcDbXrecord
280
     1
102
RTVSPost2010Prop28
280
     0
102
RTVSPost2010PropOp28
 70
     0
102
RTVSPost2010Prop29
280
     1
102
RTVSPost2010PropOp29
 70
     0
102
RTVSPost2010Prop30
280
     1
102
RTVSPost2010PropOp30
 70
     0
102
RTVSPost2010Prop31
280
     0
102
RTVSPost2010PropOp31
 70
     0
102
RTVSPost2010Prop32
280
     0
102
RTVSPost2010PropOp32
 70
     0
102
RTVSPost2010Prop33
280
     0
102
RTVSPost2010PropOp33
 70
     0
102
RTVSPost2010Prop34
280
     0
102
RTVSPost2010PropOp34
 70
     0
102
RTVSPost2010Prop35
280
     0
102
RTVSPost2010PropOp35
 70
     0
102
RTVSPost2010Prop36
280
     0
102
RTVSPost2010PropOp36
 70
     0
102
RTVSPost2010Prop37
 90
       50
102
RTVSPost2010PropOp37
 70
     0
102
RTVSPost2010Prop38
140
0.0
102
RTVSPost2010PropOp38
 70
     0
102
RTVSPost2010Prop39
140
1.0
102
RTVSPost2010PropOp39
 70
     0
102
RTVSPost2010Prop40
 90
        0
102
RTVSPost2010PropOp40
 70
     0
102
RTVSPost2010Prop41ColorIndex
 90
       18
102
RTVSPost2010Prop41ColorRGB
 90
        0
102
RTVSPost2010PropOp41
 70
     0
102
RTVSPost2010Prop42
 90
       50
102
RTVSPost2010PropOp42
 70
     0
102
RTVSPost2010Prop43
 90
        3
102
RTVSPost2010PropOp43
 70
     0
102
RTVSPost2010Prop44ColorIndex
 90
        5
102
RTVSPost2010Prop44ColorRGB
 90
      255
102
RTVSPost2010PropOp44
 70
     0
102
RTVSPost2010Prop45
280
     0
102
RTVSPost2010PropOp45
 70
     0
102
RTVSPost2010Prop46
 90
       50
102
RTVSPost2010PropOp46
 70
     0
102
RTVSPost2010Prop47
 90
       50
102
RTVSPost2010PropOp47
 70
     0
102
RTVSPost2010Prop48
 90
       50
102
RTVSPost2010PropOp48
 70
     0
102
RTVSPost2010Prop49
280
     0
102
RTVSPost2010PropOp49
 70
     0
102
RTVSPost2010Prop50
 90
       50
102
RTVSPost2010PropOp50
 70
     0
102
RTVSPost2010Prop51ColorIndex
 90
      256
102
RTVSPost2010Prop51ColorRGB
 90
-16777216
102
RTVSPost2010PropOp51
 70
     0
102
RTVSPost2010Prop52
140
1.0
102
RTVSPost2010PropOp52
 70
     0
102
RTVSPost2010Prop53
 90
        2
102
RTVSPost2010PropOp53
 70
     0
102
RTVSPost2010Prop54
  1
strokes_ogs.tif
102
RTVSPost2010PropOp54
 70
     0
102
RTVSPost2010Prop55
280
     0
102
RTVSPost2010PropOp55
 70
     0
102
RTVSPost2010Prop56
140
1.0
102
RTVSPost2010PropOp56
 70
     0
102
RTVSPost2010Prop57
140
1.0
102
RTVSPost2010PropOp57
 70
     0
102
RTVSPropertyOp0
 70
     0
102
RTVSPropertyOp1
 70
     0
102
RTVSPropertyOp2
 70
     0
102
RTVSPropertyOp3
 70
     0
102
RTVSPropertyOp4
 70
     0
102
RTVSPropertyOp5
 70
     0
102
RTVSPropertyOp6
 70
     0
102
RTVSPropertyOp7
 70
     0
102
RTVSPropertyOp8
 70
     0
102
RTVSPropertyOp9
 70
     0
102
RTVSPropertyOp10
 70
     0
102
RTVSPropertyOp11
 70
     0
102
RTVSPropertyOp12
 70
     0
102
RTVSPropertyOp13
 70
     0
102
RTVSPropertyOp14
 70
     2
102
RTVSPropertyOp15
 70
     0
102
RTVSPropertyOp16
 70
     0
102
RTVSPropertyOp17
 70
     0
102
RTVSPropertyOp18
 70
     0
102
RTVSPropertyOp19
 70
     0
102
RTVSPropertyOp20
 70
     0
102
RTVSPropertyOp21
 70
     0
102
RTVSPropertyOp22
 70
     0
102
RTVSPropertyOp23
 70
     0
102
RTVSPropertyOp24
 70
     0
102
RTVSPropertyOp25
 70
     0
102
RTVSPropertyOp26
 70
     0
102
RTVSPropertyOp27
 70
     0
102
RTVSPropertyOp28
 70
     0
102
RTVSPropertyOp29
 70
     0
102
RTVSPropertyOp30
 70
     0
102
RTVSPropertyOp31
 70
     0
102
RTVSPropertyOp32
 70
     0
102
RTVSPropertyOp33
 70
     0
102
RTVSPropertyOp34
 70
     0
102
RTVSPropertyOp35
 70
     0
102
RTVSPropertyOp36
 70
     0
102
RTVSPropertyOp37
 70
     0
102
RTVSPropertyOp38
 70
     0
102
RTVSPropertyOp39
 70
     0
102
RTVSPropertyOp40
 70
     0
102
RTVSPropertyOp41
 70
     0
102
RTVSPropertyOp42
 70
     0
102
RTVSPropertyOp43
 70
     0
102
RTVSPropertyOp44
 70
     0
102
RTVSPropertyOp45
 70
     0
102
RTVSPropertyOp46
 70
     0
102
RTVSPropertyOp47
 70
     0
102
RTVSPropertyOp48
 70
     0
102
RTVSPropertyOp49
 70
     0
102
RTVSPropertyOp50
 70
     0
102
RTVSPropertyOp51
 70
     0
102
RTVSPropertyOp52
 70
     0
102
RTVSPropertyOp53
 70
     0
102
RTVSPropertyOp54
 70
     0
102
RTVSPropertyOp55
 70
     0
102
RTVSPropertyOp56
 70
     0
102
RTVSPropertyOp57
 70
     0
102
RTVSPropertyOp58
 70
     1
102
RTVSPropertyOp59
 70
     1
102
RTVSPropertyOp60
 70
     1
102
RTVSPropertyOp61
 70
     1
102
RTVSPropertyOp62
 70
     1
  0
XRECORD
  5
19899
102
{ACAD_REACTORS
330
19898
102
}
330
19898
100
AcDbXrecord
280
     1
102
RTVSPost2010Prop28
280
     0
102
RTVSPost2010PropOp28
 70
     1
102
RTVSPost2010Prop29
280
     1
102
RTVSPost2010PropOp29
 70
     1
102
RTVSPost2010Prop30
280
     1
102
RTVSPost2010PropOp30
 70
     1
102
RTVSPost2010Prop31
280
     0
102
RTVSPost2010PropOp31
 70
     1
102
RTVSPost2010Prop32
280
     0
102
RTVSPost2010PropOp32
 70
     1
102
RTVSPost2010Prop33
280
     0
102
RTVSPost2010PropOp33
 70
     1
102
RTVSPost2010Prop34
280
     0
102
RTVSPost2010PropOp34
 70
     1
102
RTVSPost2010Prop35
280
     0
102
RTVSPost2010PropOp35
 70
     1
102
RTVSPost2010Prop36
280
     0
102
RTVSPost2010PropOp36
 70
     1
102
RTVSPost2010Prop37
 90
       50
102
RTVSPost2010PropOp37
 70
     1
102
RTVSPost2010Prop38
140
0.0
102
RTVSPost2010PropOp38
 70
     1
102
RTVSPost2010Prop39
140
1.0
102
RTVSPost2010PropOp39
 70
     1
102
RTVSPost2010Prop40
 90
        0
102
RTVSPost2010PropOp40
 70
     1
102
RTVSPost2010Prop41ColorIndex
 90
       18
102
RTVSPost2010Prop41ColorRGB
 90
        0
102
RTVSPost2010PropOp41
 70
     1
102
RTVSPost2010Prop42
 90
       50
102
RTVSPost2010PropOp42
 70
     1
102
RTVSPost2010Prop43
 90
        3
102
RTVSPost2010PropOp43
 70
     1
102
RTVSPost2010Prop44ColorIndex
 90
        5
102
RTVSPost2010Prop44ColorRGB
 90
      255
102
RTVSPost2010PropOp44
 70
     1
102
RTVSPost2010Prop45
280
     0
102
RTVSPost2010PropOp45
 70
     1
102
RTVSPost2010Prop46
 90
       50
102
RTVSPost2010PropOp46
 70
     1
102
RTVSPost2010Prop47
 90
       50
102
RTVSPost2010PropOp47
 70
     1
102
RTVSPost2010Prop48
 90
       50
102
RTVSPost2010PropOp48
 70
     1
102
RTVSPost2010Prop49
280
     0
102
RTVSPost2010PropOp49
 70
     1
102
RTVSPost2010Prop50
 90
       50
102
RTVSPost2010PropOp50
 70
     1
102
RTVSPost2010Prop51ColorIndex
 90
      256
102
RTVSPost2010Prop51ColorRGB
 90
-16777216
102
RTVSPost2010PropOp51
 70
     0
102
RTVSPost2010Prop52
140
1.0
102
RTVSPost2010PropOp52
 70
     0
102
RTVSPost2010Prop53
 90
        2
102
RTVSPost2010PropOp53
 70
     1
102
RTVSPost2010Prop54
  1
strokes_ogs.tif
102
RTVSPost2010PropOp54
 70
     1
102
RTVSPost2010Prop55
280
     0
102
RTVSPost2010PropOp55
 70
     1
102
RTVSPost2010Prop56
140
1.0
102
RTVSPost2010PropOp56
 70
     1
102
RTVSPost2010Prop57
140
1.0
102
RTVSPost2010PropOp57
 70
     1
102
RTVSPropertyOp0
 70
     1
102
RTVSPropertyOp1
 70
     1
102
RTVSPropertyOp2
 70
     1
102
RTVSPropertyOp3
 70
     1
102
RTVSPropertyOp4
 70
     1
102
RTVSPropertyOp5
 70
     1
102
RTVSPropertyOp6
 70
     1
102
RTVSPropertyOp7
 70
     1
102
RTVSPropertyOp8
 70
     1
102
RTVSPropertyOp9
 70
     1
102
RTVSPropertyOp10
 70
     1
102
RTVSPropertyOp11
 70
     1
102
RTVSPropertyOp12
 70
     1
102
RTVSPropertyOp13
 70
     1
102
RTVSPropertyOp14
 70
     1
102
RTVSPropertyOp15
 70
     1
102
RTVSPropertyOp16
 70
     1
102
RTVSPropertyOp17
 70
     1
102
RTVSPropertyOp18
 70
     1
102
RTVSPropertyOp19
 70
     1
102
RTVSPropertyOp20
 70
     1
102
RTVSPropertyOp21
 70
     1
102
RTVSPropertyOp22
 70
     1
102
RTVSPropertyOp23
 70
     1
102
RTVSPropertyOp24
 70
     1
102
RTVSPropertyOp25
 70
     1
102
RTVSPropertyOp26
 70
     1
102
RTVSPropertyOp27
 70
     1
102
RTVSPropertyOp28
 70
     1
102
RTVSPropertyOp29
 70
     1
102
RTVSPropertyOp30
 70
     1
102
RTVSPropertyOp31
 70
     1
102
RTVSPropertyOp32
 70
     1
102
RTVSPropertyOp33
 70
     1
102
RTVSPropertyOp34
 70
     1
102
RTVSPropertyOp35
 70
     1
102
RTVSPropertyOp36
 70
     1
102
RTVSPropertyOp37
 70
     1
102
RTVSPropertyOp38
 70
     1
102
RTVSPropertyOp39
 70
     1
102
RTVSPropertyOp40
 70
     1
102
RTVSPropertyOp41
 70
     1
102
RTVSPropertyOp42
 70
     1
102
RTVSPropertyOp43
 70
     1
102
RTVSPropertyOp44
 70
     1
102
RTVSPropertyOp45
 70
     1
102
RTVSPropertyOp46
 70
     1
102
RTVSPropertyOp47
 70
     1
102
RTVSPropertyOp48
 70
     1
102
RTVSPropertyOp49
 70
     1
102
RTVSPropertyOp50
 70
     1
102
RTVSPropertyOp51
 70
     0
102
RTVSPropertyOp52
 70
     0
102
RTVSPropertyOp53
 70
     1
102
RTVSPropertyOp54
 70
     1
102
RTVSPropertyOp55
 70
     1
102
RTVSPropertyOp56
 70
     1
102
RTVSPropertyOp57
 70
     1
102
RTVSPropertyOp58
 70
     1
102
RTVSPropertyOp59
 70
     1
102
RTVSPropertyOp60
 70
     1
102
RTVSPropertyOp61
 70
     1
102
RTVSPropertyOp62
 70
     1
  0
XRECORD
  5
198AB
102
{ACAD_REACTORS
330
198AA
102
}
330
198AA
100
AcDbXrecord
280
     1
102
RTVSPost2010Prop28
280
     0
102
RTVSPost2010PropOp28
 70
     0
102
RTVSPost2010Prop29
280
     1
102
RTVSPost2010PropOp29
 70
     0
102
RTVSPost2010Prop30
280
     1
102
RTVSPost2010PropOp30
 70
     0
102
RTVSPost2010Prop31
280
     0
102
RTVSPost2010PropOp31
 70
     0
102
RTVSPost2010Prop32
280
     0
102
RTVSPost2010PropOp32
 70
     0
102
RTVSPost2010Prop33
280
     0
102
RTVSPost2010PropOp33
 70
     0
102
RTVSPost2010Prop34
280
     0
102
RTVSPost2010PropOp34
 70
     0
102
RTVSPost2010Prop35
280
     0
102
RTVSPost2010PropOp35
 70
     0
102
RTVSPost2010Prop36
280
     0
102
RTVSPost2010PropOp36
 70
     0
102
RTVSPost2010Prop37
 90
       50
102
RTVSPost2010PropOp37
 70
     0
102
RTVSPost2010Prop38
140
0.0
102
RTVSPost2010PropOp38
 70
     0
102
RTVSPost2010Prop39
140
1.0
102
RTVSPost2010PropOp39
 70
     0
102
RTVSPost2010Prop40
 90
        0
102
RTVSPost2010PropOp40
 70
     0
102
RTVSPost2010Prop41ColorIndex
 90
       18
102
RTVSPost2010Prop41ColorRGB
 90
        0
102
RTVSPost2010PropOp41
 70
     0
102
RTVSPost2010Prop42
 90
       50
102
RTVSPost2010PropOp42
 70
     0
102
RTVSPost2010Prop43
 90
        3
102
RTVSPost2010PropOp43
 70
     0
102
RTVSPost2010Prop44ColorIndex
 90
        5
102
RTVSPost2010Prop44ColorRGB
 90
      255
102
RTVSPost2010PropOp44
 70
     0
102
RTVSPost2010Prop45
280
     0
102
RTVSPost2010PropOp45
 70
     0
102
RTVSPost2010Prop46
 90
       50
102
RTVSPost2010PropOp46
 70
     0
102
RTVSPost2010Prop47
 90
       50
102
RTVSPost2010PropOp47
 70
     0
102
RTVSPost2010Prop48
 90
       50
102
RTVSPost2010PropOp48
 70
     0
102
RTVSPost2010Prop49
280
     0
102
RTVSPost2010PropOp49
 70
     0
102
RTVSPost2010Prop50
 90
       50
102
RTVSPost2010PropOp50
 70
     0
102
RTVSPost2010Prop51ColorIndex
 90
      256
102
RTVSPost2010Prop51ColorRGB
 90
-16777216
102
RTVSPost2010PropOp51
 70
     0
102
RTVSPost2010Prop52
140
1.0
102
RTVSPost2010PropOp52
 70
     0
102
RTVSPost2010Prop53
 90
        2
102
RTVSPost2010PropOp53
 70
     0
102
RTVSPost2010Prop54
  1
strokes_ogs.tif
102
RTVSPost2010PropOp54
 70
     0
102
RTVSPost2010Prop55
280
     0
102
RTVSPost2010PropOp55
 70
     0
102
RTVSPost2010Prop56
140
1.0
102
RTVSPost2010PropOp56
 70
     0
102
RTVSPost2010Prop57
140
1.0
102
RTVSPost2010PropOp57
 70
     0
102
RTVSPropertyOp0
 70
     0
102
RTVSPropertyOp1
 70
     0
102
RTVSPropertyOp2
 70
     0
102
RTVSPropertyOp3
 70
     0
102
RTVSPropertyOp4
 70
     0
102
RTVSPropertyOp5
 70
     0
102
RTVSPropertyOp6
 70
     0
102
RTVSPropertyOp7
 70
     0
102
RTVSPropertyOp8
 70
     0
102
RTVSPropertyOp9
 70
     0
102
RTVSPropertyOp10
 70
     0
102
RTVSPropertyOp11
 70
     0
102
RTVSPropertyOp12
 70
     0
102
RTVSPropertyOp13
 70
     0
102
RTVSPropertyOp14
 70
     2
102
RTVSPropertyOp15
 70
     0
102
RTVSPropertyOp16
 70
     0
102
RTVSPropertyOp17
 70
     0
102
RTVSPropertyOp18
 70
     0
102
RTVSPropertyOp19
 70
     0
102
RTVSPropertyOp20
 70
     0
102
RTVSPropertyOp21
 70
     0
102
RTVSPropertyOp22
 70
     0
102
RTVSPropertyOp23
 70
     0
102
RTVSPropertyOp24
 70
     0
102
RTVSPropertyOp25
 70
     0
102
RTVSPropertyOp26
 70
     0
102
RTVSPropertyOp27
 70
     0
102
RTVSPropertyOp28
 70
     0
102
RTVSPropertyOp29
 70
     0
102
RTVSPropertyOp30
 70
     0
102
RTVSPropertyOp31
 70
     0
102
RTVSPropertyOp32
 70
     0
102
RTVSPropertyOp33
 70
     0
102
RTVSPropertyOp34
 70
     0
102
RTVSPropertyOp35
 70
     0
102
RTVSPropertyOp36
 70
     0
102
RTVSPropertyOp37
 70
     0
102
RTVSPropertyOp38
 70
     0
102
RTVSPropertyOp39
 70
     0
102
RTVSPropertyOp40
 70
     0
102
RTVSPropertyOp41
 70
     0
102
RTVSPropertyOp42
 70
     0
102
RTVSPropertyOp43
 70
     0
102
RTVSPropertyOp44
 70
     0
102
RTVSPropertyOp45
 70
     0
102
RTVSPropertyOp46
 70
     0
102
RTVSPropertyOp47
 70
     0
102
RTVSPropertyOp48
 70
     0
102
RTVSPropertyOp49
 70
     0
102
RTVSPropertyOp50
 70
     0
102
RTVSPropertyOp51
 70
     0
102
RTVSPropertyOp52
 70
     0
102
RTVSPropertyOp53
 70
     0
102
RTVSPropertyOp54
 70
     0
102
RTVSPropertyOp55
 70
     0
102
RTVSPropertyOp56
 70
     0
102
RTVSPropertyOp57
 70
     0
102
RTVSPropertyOp58
 70
     1
102
RTVSPropertyOp59
 70
     1
102
RTVSPropertyOp60
 70
     1
102
RTVSPropertyOp61
 70
     1
102
RTVSPropertyOp62
 70
     1
  0
XRECORD
  5
19891
102
{ACAD_REACTORS
330
19890
102
}
330
19890
100
AcDbXrecord
280
     1
102
RTVSPost2010Prop28
280
     0
102
RTVSPost2010PropOp28
 70
     1
102
RTVSPost2010Prop29
280
     1
102
RTVSPost2010PropOp29
 70
     1
102
RTVSPost2010Prop30
280
     1
102
RTVSPost2010PropOp30
 70
     1
102
RTVSPost2010Prop31
280
     0
102
RTVSPost2010PropOp31
 70
     1
102
RTVSPost2010Prop32
280
     0
102
RTVSPost2010PropOp32
 70
     1
102
RTVSPost2010Prop33
280
     0
102
RTVSPost2010PropOp33
 70
     1
102
RTVSPost2010Prop34
280
     0
102
RTVSPost2010PropOp34
 70
     1
102
RTVSPost2010Prop35
280
     0
102
RTVSPost2010PropOp35
 70
     1
102
RTVSPost2010Prop36
280
     0
102
RTVSPost2010PropOp36
 70
     1
102
RTVSPost2010Prop37
 90
       50
102
RTVSPost2010PropOp37
 70
     1
102
RTVSPost2010Prop38
140
0.0
102
RTVSPost2010PropOp38
 70
     1
102
RTVSPost2010Prop39
140
1.0
102
RTVSPost2010PropOp39
 70
     1
102
RTVSPost2010Prop40
 90
        0
102
RTVSPost2010PropOp40
 70
     1
102
RTVSPost2010Prop41ColorIndex
 90
       18
102
RTVSPost2010Prop41ColorRGB
 90
        0
102
RTVSPost2010PropOp41
 70
     1
102
RTVSPost2010Prop42
 90
       50
102
RTVSPost2010PropOp42
 70
     1
102
RTVSPost2010Prop43
 90
        3
102
RTVSPost2010PropOp43
 70
     1
102
RTVSPost2010Prop44ColorIndex
 90
        5
102
RTVSPost2010Prop44ColorRGB
 90
      255
102
RTVSPost2010PropOp44
 70
     1
102
RTVSPost2010Prop45
280
     0
102
RTVSPost2010PropOp45
 70
     1
102
RTVSPost2010Prop46
 90
       50
102
RTVSPost2010PropOp46
 70
     1
102
RTVSPost2010Prop47
 90
       50
102
RTVSPost2010PropOp47
 70
     1
102
RTVSPost2010Prop48
 90
       50
102
RTVSPost2010PropOp48
 70
     1
102
RTVSPost2010Prop49
280
     0
102
RTVSPost2010PropOp49
 70
     1
102
RTVSPost2010Prop50
 90
       50
102
RTVSPost2010PropOp50
 70
     1
102
RTVSPost2010Prop51ColorIndex
 90
      256
102
RTVSPost2010Prop51ColorRGB
 90
-16777216
102
RTVSPost2010PropOp51
 70
     0
102
RTVSPost2010Prop52
140
1.0
102
RTVSPost2010PropOp52
 70
     0
102
RTVSPost2010Prop53
 90
        2
102
RTVSPost2010PropOp53
 70
     1
102
RTVSPost2010Prop54
  1
strokes_ogs.tif
102
RTVSPost2010PropOp54
 70
     1
102
RTVSPost2010Prop55
280
     0
102
RTVSPost2010PropOp55
 70
     1
102
RTVSPost2010Prop56
140
1.0
102
RTVSPost2010PropOp56
 70
     1
102
RTVSPost2010Prop57
140
1.0
102
RTVSPost2010PropOp57
 70
     1
102
RTVSPropertyOp0
 70
     1
102
RTVSPropertyOp1
 70
     1
102
RTVSPropertyOp2
 70
     1
102
RTVSPropertyOp3
 70
     1
102
RTVSPropertyOp4
 70
     1
102
RTVSPropertyOp5
 70
     1
102
RTVSPropertyOp6
 70
     1
102
RTVSPropertyOp7
 70
     1
102
RTVSPropertyOp8
 70
     1
102
RTVSPropertyOp9
 70
     1
102
RTVSPropertyOp10
 70
     1
102
RTVSPropertyOp11
 70
     1
102
RTVSPropertyOp12
 70
     1
102
RTVSPropertyOp13
 70
     1
102
RTVSPropertyOp14
 70
     1
102
RTVSPropertyOp15
 70
     1
102
RTVSPropertyOp16
 70
     1
102
RTVSPropertyOp17
 70
     1
102
RTVSPropertyOp18
 70
     1
102
RTVSPropertyOp19
 70
     1
102
RTVSPropertyOp20
 70
     1
102
RTVSPropertyOp21
 70
     1
102
RTVSPropertyOp22
 70
     1
102
RTVSPropertyOp23
 70
     1
102
RTVSPropertyOp24
 70
     1
102
RTVSPropertyOp25
 70
     1
102
RTVSPropertyOp26
 70
     1
102
RTVSPropertyOp27
 70
     1
102
RTVSPropertyOp28
 70
     1
102
RTVSPropertyOp29
 70
     1
102
RTVSPropertyOp30
 70
     1
102
RTVSPropertyOp31
 70
     1
102
RTVSPropertyOp32
 70
     1
102
RTVSPropertyOp33
 70
     1
102
RTVSPropertyOp34
 70
     1
102
RTVSPropertyOp35
 70
     1
102
RTVSPropertyOp36
 70
     1
102
RTVSPropertyOp37
 70
     1
102
RTVSPropertyOp38
 70
     1
102
RTVSPropertyOp39
 70
     1
102
RTVSPropertyOp40
 70
     1
102
RTVSPropertyOp41
 70
     1
102
RTVSPropertyOp42
 70
     1
102
RTVSPropertyOp43
 70
     1
102
RTVSPropertyOp44
 70
     1
102
RTVSPropertyOp45
 70
     1
102
RTVSPropertyOp46
 70
     1
102
RTVSPropertyOp47
 70
     1
102
RTVSPropertyOp48
 70
     1
102
RTVSPropertyOp49
 70
     1
102
RTVSPropertyOp50
 70
     1
102
RTVSPropertyOp51
 70
     0
102
RTVSPropertyOp52
 70
     0
102
RTVSPropertyOp53
 70
     1
102
RTVSPropertyOp54
 70
     1
102
RTVSPropertyOp55
 70
     1
102
RTVSPropertyOp56
 70
     1
102
RTVSPropertyOp57
 70
     1
102
RTVSPropertyOp58
 70
     1
102
RTVSPropertyOp59
 70
     1
102
RTVSPropertyOp60
 70
     1
102
RTVSPropertyOp61
 70
     1
102
RTVSPropertyOp62
 70
     1
  0
XRECORD
  5
198A7
102
{ACAD_REACTORS
330
198A6
102
}
330
198A6
100
AcDbXrecord
280
     1
102
RTVSPost2010Prop28
280
     0
102
RTVSPost2010PropOp28
 70
     1
102
RTVSPost2010Prop29
280
     1
102
RTVSPost2010PropOp29
 70
     1
102
RTVSPost2010Prop30
280
     1
102
RTVSPost2010PropOp30
 70
     1
102
RTVSPost2010Prop31
280
     0
102
RTVSPost2010PropOp31
 70
     1
102
RTVSPost2010Prop32
280
     0
102
RTVSPost2010PropOp32
 70
     1
102
RTVSPost2010Prop33
280
     0
102
RTVSPost2010PropOp33
 70
     1
102
RTVSPost2010Prop34
280
     0
102
RTVSPost2010PropOp34
 70
     1
102
RTVSPost2010Prop35
280
     0
102
RTVSPost2010PropOp35
 70
     1
102
RTVSPost2010Prop36
280
     0
102
RTVSPost2010PropOp36
 70
     1
102
RTVSPost2010Prop37
 90
       50
102
RTVSPost2010PropOp37
 70
     1
102
RTVSPost2010Prop38
140
0.0
102
RTVSPost2010PropOp38
 70
     1
102
RTVSPost2010Prop39
140
1.0
102
RTVSPost2010PropOp39
 70
     1
102
RTVSPost2010Prop40
 90
        0
102
RTVSPost2010PropOp40
 70
     1
102
RTVSPost2010Prop41ColorIndex
 90
       18
102
RTVSPost2010Prop41ColorRGB
 90
        0
102
RTVSPost2010PropOp41
 70
     1
102
RTVSPost2010Prop42
 90
       50
102
RTVSPost2010PropOp42
 70
     1
102
RTVSPost2010Prop43
 90
        3
102
RTVSPost2010PropOp43
 70
     1
102
RTVSPost2010Prop44ColorIndex
 90
        5
102
RTVSPost2010Prop44ColorRGB
 90
      255
102
RTVSPost2010PropOp44
 70
     1
102
RTVSPost2010Prop45
280
     0
102
RTVSPost2010PropOp45
 70
     1
102
RTVSPost2010Prop46
 90
       50
102
RTVSPost2010PropOp46
 70
     1
102
RTVSPost2010Prop47
 90
       50
102
RTVSPost2010PropOp47
 70
     1
102
RTVSPost2010Prop48
 90
       50
102
RTVSPost2010PropOp48
 70
     1
102
RTVSPost2010Prop49
280
     0
102
RTVSPost2010PropOp49
 70
     1
102
RTVSPost2010Prop50
 90
       50
102
RTVSPost2010PropOp50
 70
     1
102
RTVSPost2010Prop51ColorIndex
 90
      256
102
RTVSPost2010Prop51ColorRGB
 90
-16777216
102
RTVSPost2010PropOp51
 70
     0
102
RTVSPost2010Prop52
140
1.0
102
RTVSPost2010PropOp52
 70
     0
102
RTVSPost2010Prop53
 90
        2
102
RTVSPost2010PropOp53
 70
     1
102
RTVSPost2010Prop54
  1
strokes_ogs.tif
102
RTVSPost2010PropOp54
 70
     1
102
RTVSPost2010Prop55
280
     0
102
RTVSPost2010PropOp55
 70
     1
102
RTVSPost2010Prop56
140
1.0
102
RTVSPost2010PropOp56
 70
     1
102
RTVSPost2010Prop57
140
1.0
102
RTVSPost2010PropOp57
 70
     1
102
RTVSPropertyOp0
 70
     1
102
RTVSPropertyOp1
 70
     1
102
RTVSPropertyOp2
 70
     1
102
RTVSPropertyOp3
 70
     1
102
RTVSPropertyOp4
 70
     1
102
RTVSPropertyOp5
 70
     1
102
RTVSPropertyOp6
 70
     1
102
RTVSPropertyOp7
 70
     1
102
RTVSPropertyOp8
 70
     1
102
RTVSPropertyOp9
 70
     1
102
RTVSPropertyOp10
 70
     1
102
RTVSPropertyOp11
 70
     1
102
RTVSPropertyOp12
 70
     1
102
RTVSPropertyOp13
 70
     1
102
RTVSPropertyOp14
 70
     1
102
RTVSPropertyOp15
 70
     1
102
RTVSPropertyOp16
 70
     1
102
RTVSPropertyOp17
 70
     1
102
RTVSPropertyOp18
 70
     1
102
RTVSPropertyOp19
 70
     1
102
RTVSPropertyOp20
 70
     1
102
RTVSPropertyOp21
 70
     1
102
RTVSPropertyOp22
 70
     1
102
RTVSPropertyOp23
 70
     1
102
RTVSPropertyOp24
 70
     1
102
RTVSPropertyOp25
 70
     1
102
RTVSPropertyOp26
 70
     1
102
RTVSPropertyOp27
 70
     1
102
RTVSPropertyOp28
 70
     1
102
RTVSPropertyOp29
 70
     1
102
RTVSPropertyOp30
 70
     1
102
RTVSPropertyOp31
 70
     1
102
RTVSPropertyOp32
 70
     1
102
RTVSPropertyOp33
 70
     1
102
RTVSPropertyOp34
 70
     1
102
RTVSPropertyOp35
 70
     1
102
RTVSPropertyOp36
 70
     1
102
RTVSPropertyOp37
 70
     1
102
RTVSPropertyOp38
 70
     1
102
RTVSPropertyOp39
 70
     1
102
RTVSPropertyOp40
 70
     1
102
RTVSPropertyOp41
 70
     1
102
RTVSPropertyOp42
 70
     1
102
RTVSPropertyOp43
 70
     1
102
RTVSPropertyOp44
 70
     1
102
RTVSPropertyOp45
 70
     1
102
RTVSPropertyOp46
 70
     1
102
RTVSPropertyOp47
 70
     1
102
RTVSPropertyOp48
 70
     1
102
RTVSPropertyOp49
 70
     1
102
RTVSPropertyOp50
 70
     1
102
RTVSPropertyOp51
 70
     0
102
RTVSPropertyOp52
 70
     0
102
RTVSPropertyOp53
 70
     1
102
RTVSPropertyOp54
 70
     1
102
RTVSPropertyOp55
 70
     1
102
RTVSPropertyOp56
 70
     1
102
RTVSPropertyOp57
 70
     1
102
RTVSPropertyOp58
 70
     1
102
RTVSPropertyOp59
 70
     1
102
RTVSPropertyOp60
 70
     1
102
RTVSPropertyOp61
 70
     1
102
RTVSPropertyOp62
 70
     1
  0
XRECORD
  5
198A5
102
{ACAD_REACTORS
330
198A4
102
}
330
198A4
100
AcDbXrecord
280
     1
102
RTVSPost2010Prop28
280
     0
102
RTVSPost2010PropOp28
 70
     1
102
RTVSPost2010Prop29
280
     1
102
RTVSPost2010PropOp29
 70
     1
102
RTVSPost2010Prop30
280
     1
102
RTVSPost2010PropOp30
 70
     1
102
RTVSPost2010Prop31
280
     0
102
RTVSPost2010PropOp31
 70
     1
102
RTVSPost2010Prop32
280
     0
102
RTVSPost2010PropOp32
 70
     1
102
RTVSPost2010Prop33
280
     0
102
RTVSPost2010PropOp33
 70
     1
102
RTVSPost2010Prop34
280
     0
102
RTVSPost2010PropOp34
 70
     1
102
RTVSPost2010Prop35
280
     0
102
RTVSPost2010PropOp35
 70
     1
102
RTVSPost2010Prop36
280
     0
102
RTVSPost2010PropOp36
 70
     1
102
RTVSPost2010Prop37
 90
       50
102
RTVSPost2010PropOp37
 70
     1
102
RTVSPost2010Prop38
140
0.0
102
RTVSPost2010PropOp38
 70
     1
102
RTVSPost2010Prop39
140
1.0
102
RTVSPost2010PropOp39
 70
     1
102
RTVSPost2010Prop40
 90
        0
102
RTVSPost2010PropOp40
 70
     1
102
RTVSPost2010Prop41ColorIndex
 90
       18
102
RTVSPost2010Prop41ColorRGB
 90
        0
102
RTVSPost2010PropOp41
 70
     1
102
RTVSPost2010Prop42
 90
       50
102
RTVSPost2010PropOp42
 70
     1
102
RTVSPost2010Prop43
 90
        3
102
RTVSPost2010PropOp43
 70
     1
102
RTVSPost2010Prop44ColorIndex
 90
        5
102
RTVSPost2010Prop44ColorRGB
 90
      255
102
RTVSPost2010PropOp44
 70
     1
102
RTVSPost2010Prop45
280
     0
102
RTVSPost2010PropOp45
 70
     1
102
RTVSPost2010Prop46
 90
       50
102
RTVSPost2010PropOp46
 70
     1
102
RTVSPost2010Prop47
 90
       50
102
RTVSPost2010PropOp47
 70
     1
102
RTVSPost2010Prop48
 90
       50
102
RTVSPost2010PropOp48
 70
     1
102
RTVSPost2010Prop49
280
     0
102
RTVSPost2010PropOp49
 70
     1
102
RTVSPost2010Prop50
 90
       50
102
RTVSPost2010PropOp50
 70
     1
102
RTVSPost2010Prop51ColorIndex
 90
      256
102
RTVSPost2010Prop51ColorRGB
 90
-16777216
102
RTVSPost2010PropOp51
 70
     0
102
RTVSPost2010Prop52
140
1.0
102
RTVSPost2010PropOp52
 70
     0
102
RTVSPost2010Prop53
 90
        2
102
RTVSPost2010PropOp53
 70
     1
102
RTVSPost2010Prop54
  1
strokes_ogs.tif
102
RTVSPost2010PropOp54
 70
     1
102
RTVSPost2010Prop55
280
     0
102
RTVSPost2010PropOp55
 70
     1
102
RTVSPost2010Prop56
140
1.0
102
RTVSPost2010PropOp56
 70
     1
102
RTVSPost2010Prop57
140
1.0
102
RTVSPost2010PropOp57
 70
     1
102
RTVSPropertyOp0
 70
     1
102
RTVSPropertyOp1
 70
     1
102
RTVSPropertyOp2
 70
     1
102
RTVSPropertyOp3
 70
     1
102
RTVSPropertyOp4
 70
     1
102
RTVSPropertyOp5
 70
     1
102
RTVSPropertyOp6
 70
     1
102
RTVSPropertyOp7
 70
     1
102
RTVSPropertyOp8
 70
     1
102
RTVSPropertyOp9
 70
     1
102
RTVSPropertyOp10
 70
     1
102
RTVSPropertyOp11
 70
     1
102
RTVSPropertyOp12
 70
     1
102
RTVSPropertyOp13
 70
     1
102
RTVSPropertyOp14
 70
     1
102
RTVSPropertyOp15
 70
     1
102
RTVSPropertyOp16
 70
     1
102
RTVSPropertyOp17
 70
     1
102
RTVSPropertyOp18
 70
     1
102
RTVSPropertyOp19
 70
     1
102
RTVSPropertyOp20
 70
     1
102
RTVSPropertyOp21
 70
     1
102
RTVSPropertyOp22
 70
     1
102
RTVSPropertyOp23
 70
     1
102
RTVSPropertyOp24
 70
     1
102
RTVSPropertyOp25
 70
     1
102
RTVSPropertyOp26
 70
     1
102
RTVSPropertyOp27
 70
     1
102
RTVSPropertyOp28
 70
     1
102
RTVSPropertyOp29
 70
     1
102
RTVSPropertyOp30
 70
     1
102
RTVSPropertyOp31
 70
     1
102
RTVSPropertyOp32
 70
     1
102
RTVSPropertyOp33
 70
     1
102
RTVSPropertyOp34
 70
     1
102
RTVSPropertyOp35
 70
     1
102
RTVSPropertyOp36
 70
     1
102
RTVSPropertyOp37
 70
     1
102
RTVSPropertyOp38
 70
     1
102
RTVSPropertyOp39
 70
     1
102
RTVSPropertyOp40
 70
     1
102
RTVSPropertyOp41
 70
     1
102
RTVSPropertyOp42
 70
     1
102
RTVSPropertyOp43
 70
     1
102
RTVSPropertyOp44
 70
     1
102
RTVSPropertyOp45
 70
     1
102
RTVSPropertyOp46
 70
     1
102
RTVSPropertyOp47
 70
     1
102
RTVSPropertyOp48
 70
     1
102
RTVSPropertyOp49
 70
     1
102
RTVSPropertyOp50
 70
     1
102
RTVSPropertyOp51
 70
     0
102
RTVSPropertyOp52
 70
     0
102
RTVSPropertyOp53
 70
     1
102
RTVSPropertyOp54
 70
     1
102
RTVSPropertyOp55
 70
     1
102
RTVSPropertyOp56
 70
     1
102
RTVSPropertyOp57
 70
     1
102
RTVSPropertyOp58
 70
     1
102
RTVSPropertyOp59
 70
     1
102
RTVSPropertyOp60
 70
     1
102
RTVSPropertyOp61
 70
     1
102
RTVSPropertyOp62
 70
     1
  0
XRECORD
  5
1989F
102
{ACAD_REACTORS
330
1989E
102
}
330
1989E
100
AcDbXrecord
280
     1
102
RTVSPost2010Prop28
280
     0
102
RTVSPost2010PropOp28
 70
     1
102
RTVSPost2010Prop29
280
     1
102
RTVSPost2010PropOp29
 70
     1
102
RTVSPost2010Prop30
280
     1
102
RTVSPost2010PropOp30
 70
     1
102
RTVSPost2010Prop31
280
     0
102
RTVSPost2010PropOp31
 70
     1
102
RTVSPost2010Prop32
280
     0
102
RTVSPost2010PropOp32
 70
     1
102
RTVSPost2010Prop33
280
     0
102
RTVSPost2010PropOp33
 70
     1
102
RTVSPost2010Prop34
280
     0
102
RTVSPost2010PropOp34
 70
     1
102
RTVSPost2010Prop35
280
     0
102
RTVSPost2010PropOp35
 70
     1
102
RTVSPost2010Prop36
280
     0
102
RTVSPost2010PropOp36
 70
     1
102
RTVSPost2010Prop37
 90
       50
102
RTVSPost2010PropOp37
 70
     1
102
RTVSPost2010Prop38
140
0.0
102
RTVSPost2010PropOp38
 70
     1
102
RTVSPost2010Prop39
140
1.0
102
RTVSPost2010PropOp39
 70
     1
102
RTVSPost2010Prop40
 90
        0
102
RTVSPost2010PropOp40
 70
     1
102
RTVSPost2010Prop41ColorIndex
 90
       18
102
RTVSPost2010Prop41ColorRGB
 90
        0
102
RTVSPost2010PropOp41
 70
     1
102
RTVSPost2010Prop42
 90
       50
102
RTVSPost2010PropOp42
 70
     1
102
RTVSPost2010Prop43
 90
        3
102
RTVSPost2010PropOp43
 70
     1
102
RTVSPost2010Prop44ColorIndex
 90
        5
102
RTVSPost2010Prop44ColorRGB
 90
      255
102
RTVSPost2010PropOp44
 70
     1
102
RTVSPost2010Prop45
280
     0
102
RTVSPost2010PropOp45
 70
     1
102
RTVSPost2010Prop46
 90
       50
102
RTVSPost2010PropOp46
 70
     1
102
RTVSPost2010Prop47
 90
       50
102
RTVSPost2010PropOp47
 70
     1
102
RTVSPost2010Prop48
 90
       50
102
RTVSPost2010PropOp48
 70
     1
102
RTVSPost2010Prop49
280
     0
102
RTVSPost2010PropOp49
 70
     1
102
RTVSPost2010Prop50
 90
       50
102
RTVSPost2010PropOp50
 70
     1
102
RTVSPost2010Prop51ColorIndex
 90
      256
102
RTVSPost2010Prop51ColorRGB
 90
-16777216
102
RTVSPost2010PropOp51
 70
     0
102
RTVSPost2010Prop52
140
1.0
102
RTVSPost2010PropOp52
 70
     0
102
RTVSPost2010Prop53
 90
        2
102
RTVSPost2010PropOp53
 70
     1
102
RTVSPost2010Prop54
  1
strokes_ogs.tif
102
RTVSPost2010PropOp54
 70
     1
102
RTVSPost2010Prop55
280
     0
102
RTVSPost2010PropOp55
 70
     1
102
RTVSPost2010Prop56
140
1.0
102
RTVSPost2010PropOp56
 70
     1
102
RTVSPost2010Prop57
140
1.0
102
RTVSPost2010PropOp57
 70
     1
102
RTVSPropertyOp0
 70
     1
102
RTVSPropertyOp1
 70
     1
102
RTVSPropertyOp2
 70
     1
102
RTVSPropertyOp3
 70
     1
102
RTVSPropertyOp4
 70
     1
102
RTVSPropertyOp5
 70
     1
102
RTVSPropertyOp6
 70
     1
102
RTVSPropertyOp7
 70
     1
102
RTVSPropertyOp8
 70
     1
102
RTVSPropertyOp9
 70
     1
102
RTVSPropertyOp10
 70
     1
102
RTVSPropertyOp11
 70
     1
102
RTVSPropertyOp12
 70
     1
102
RTVSPropertyOp13
 70
     1
102
RTVSPropertyOp14
 70
     1
102
RTVSPropertyOp15
 70
     1
102
RTVSPropertyOp16
 70
     1
102
RTVSPropertyOp17
 70
     1
102
RTVSPropertyOp18
 70
     1
102
RTVSPropertyOp19
 70
     1
102
RTVSPropertyOp20
 70
     1
102
RTVSPropertyOp21
 70
     1
102
RTVSPropertyOp22
 70
     1
102
RTVSPropertyOp23
 70
     1
102
RTVSPropertyOp24
 70
     1
102
RTVSPropertyOp25
 70
     1
102
RTVSPropertyOp26
 70
     1
102
RTVSPropertyOp27
 70
     1
102
RTVSPropertyOp28
 70
     1
102
RTVSPropertyOp29
 70
     1
102
RTVSPropertyOp30
 70
     1
102
RTVSPropertyOp31
 70
     1
102
RTVSPropertyOp32
 70
     1
102
RTVSPropertyOp33
 70
     1
102
RTVSPropertyOp34
 70
     1
102
RTVSPropertyOp35
 70
     1
102
RTVSPropertyOp36
 70
     1
102
RTVSPropertyOp37
 70
     1
102
RTVSPropertyOp38
 70
     1
102
RTVSPropertyOp39
 70
     1
102
RTVSPropertyOp40
 70
     1
102
RTVSPropertyOp41
 70
     1
102
RTVSPropertyOp42
 70
     1
102
RTVSPropertyOp43
 70
     1
102
RTVSPropertyOp44
 70
     1
102
RTVSPropertyOp45
 70
     1
102
RTVSPropertyOp46
 70
     1
102
RTVSPropertyOp47
 70
     1
102
RTVSPropertyOp48
 70
     1
102
RTVSPropertyOp49
 70
     1
102
RTVSPropertyOp50
 70
     1
102
RTVSPropertyOp51
 70
     0
102
RTVSPropertyOp52
 70
     0
102
RTVSPropertyOp53
 70
     1
102
RTVSPropertyOp54
 70
     1
102
RTVSPropertyOp55
 70
     1
102
RTVSPropertyOp56
 70
     1
102
RTVSPropertyOp57
 70
     1
102
RTVSPropertyOp58
 70
     1
102
RTVSPropertyOp59
 70
     1
102
RTVSPropertyOp60
 70
     1
102
RTVSPropertyOp61
 70
     1
102
RTVSPropertyOp62
 70
     1
  0
XRECORD
  5
198A1
102
{ACAD_REACTORS
330
198A0
102
}
330
198A0
100
AcDbXrecord
280
     1
102
RTVSPost2010Prop28
280
     0
102
RTVSPost2010PropOp28
 70
     1
102
RTVSPost2010Prop29
280
     1
102
RTVSPost2010PropOp29
 70
     1
102
RTVSPost2010Prop30
280
     1
102
RTVSPost2010PropOp30
 70
     1
102
RTVSPost2010Prop31
280
     0
102
RTVSPost2010PropOp31
 70
     1
102
RTVSPost2010Prop32
280
     0
102
RTVSPost2010PropOp32
 70
     1
102
RTVSPost2010Prop33
280
     0
102
RTVSPost2010PropOp33
 70
     1
102
RTVSPost2010Prop34
280
     0
102
RTVSPost2010PropOp34
 70
     1
102
RTVSPost2010Prop35
280
     0
102
RTVSPost2010PropOp35
 70
     1
102
RTVSPost2010Prop36
280
     0
102
RTVSPost2010PropOp36
 70
     1
102
RTVSPost2010Prop37
 90
       50
102
RTVSPost2010PropOp37
 70
     1
102
RTVSPost2010Prop38
140
0.0
102
RTVSPost2010PropOp38
 70
     1
102
RTVSPost2010Prop39
140
1.0
102
RTVSPost2010PropOp39
 70
     1
102
RTVSPost2010Prop40
 90
        0
102
RTVSPost2010PropOp40
 70
     1
102
RTVSPost2010Prop41ColorIndex
 90
       18
102
RTVSPost2010Prop41ColorRGB
 90
        0
102
RTVSPost2010PropOp41
 70
     1
102
RTVSPost2010Prop42
 90
       50
102
RTVSPost2010PropOp42
 70
     1
102
RTVSPost2010Prop43
 90
        3
102
RTVSPost2010PropOp43
 70
     1
102
RTVSPost2010Prop44ColorIndex
 90
        5
102
RTVSPost2010Prop44ColorRGB
 90
      255
102
RTVSPost2010PropOp44
 70
     1
102
RTVSPost2010Prop45
280
     0
102
RTVSPost2010PropOp45
 70
     1
102
RTVSPost2010Prop46
 90
       50
102
RTVSPost2010PropOp46
 70
     1
102
RTVSPost2010Prop47
 90
       50
102
RTVSPost2010PropOp47
 70
     1
102
RTVSPost2010Prop48
 90
       50
102
RTVSPost2010PropOp48
 70
     1
102
RTVSPost2010Prop49
280
     0
102
RTVSPost2010PropOp49
 70
     1
102
RTVSPost2010Prop50
 90
       50
102
RTVSPost2010PropOp50
 70
     1
102
RTVSPost2010Prop51ColorIndex
 90
      256
102
RTVSPost2010Prop51ColorRGB
 90
-16777216
102
RTVSPost2010PropOp51
 70
     0
102
RTVSPost2010Prop52
140
1.0
102
RTVSPost2010PropOp52
 70
     0
102
RTVSPost2010Prop53
 90
        2
102
RTVSPost2010PropOp53
 70
     1
102
RTVSPost2010Prop54
  1
strokes_ogs.tif
102
RTVSPost2010PropOp54
 70
     1
102
RTVSPost2010Prop55
280
     0
102
RTVSPost2010PropOp55
 70
     1
102
RTVSPost2010Prop56
140
1.0
102
RTVSPost2010PropOp56
 70
     1
102
RTVSPost2010Prop57
140
1.0
102
RTVSPost2010PropOp57
 70
     1
102
RTVSPropertyOp0
 70
     1
102
RTVSPropertyOp1
 70
     1
102
RTVSPropertyOp2
 70
     1
102
RTVSPropertyOp3
 70
     1
102
RTVSPropertyOp4
 70
     1
102
RTVSPropertyOp5
 70
     1
102
RTVSPropertyOp6
 70
     1
102
RTVSPropertyOp7
 70
     1
102
RTVSPropertyOp8
 70
     1
102
RTVSPropertyOp9
 70
     1
102
RTVSPropertyOp10
 70
     1
102
RTVSPropertyOp11
 70
     1
102
RTVSPropertyOp12
 70
     1
102
RTVSPropertyOp13
 70
     1
102
RTVSPropertyOp14
 70
     1
102
RTVSPropertyOp15
 70
     1
102
RTVSPropertyOp16
 70
     1
102
RTVSPropertyOp17
 70
     1
102
RTVSPropertyOp18
 70
     1
102
RTVSPropertyOp19
 70
     1
102
RTVSPropertyOp20
 70
     1
102
RTVSPropertyOp21
 70
     1
102
RTVSPropertyOp22
 70
     1
102
RTVSPropertyOp23
 70
     1
102
RTVSPropertyOp24
 70
     1
102
RTVSPropertyOp25
 70
     1
102
RTVSPropertyOp26
 70
     1
102
RTVSPropertyOp27
 70
     1
102
RTVSPropertyOp28
 70
     1
102
RTVSPropertyOp29
 70
     1
102
RTVSPropertyOp30
 70
     1
102
RTVSPropertyOp31
 70
     1
102
RTVSPropertyOp32
 70
     1
102
RTVSPropertyOp33
 70
     1
102
RTVSPropertyOp34
 70
     1
102
RTVSPropertyOp35
 70
     1
102
RTVSPropertyOp36
 70
     1
102
RTVSPropertyOp37
 70
     1
102
RTVSPropertyOp38
 70
     1
102
RTVSPropertyOp39
 70
     1
102
RTVSPropertyOp40
 70
     1
102
RTVSPropertyOp41
 70
     1
102
RTVSPropertyOp42
 70
     1
102
RTVSPropertyOp43
 70
     1
102
RTVSPropertyOp44
 70
     1
102
RTVSPropertyOp45
 70
     1
102
RTVSPropertyOp46
 70
     1
102
RTVSPropertyOp47
 70
     1
102
RTVSPropertyOp48
 70
     1
102
RTVSPropertyOp49
 70
     1
102
RTVSPropertyOp50
 70
     1
102
RTVSPropertyOp51
 70
     0
102
RTVSPropertyOp52
 70
     0
102
RTVSPropertyOp53
 70
     1
102
RTVSPropertyOp54
 70
     1
102
RTVSPropertyOp55
 70
     1
102
RTVSPropertyOp56
 70
     1
102
RTVSPropertyOp57
 70
     1
102
RTVSPropertyOp58
 70
     1
102
RTVSPropertyOp59
 70
     1
102
RTVSPropertyOp60
 70
     1
102
RTVSPropertyOp61
 70
     1
102
RTVSPropertyOp62
 70
     1
  0
XRECORD
  5
19897
102
{ACAD_REACTORS
330
19896
102
}
330
19896
100
AcDbXrecord
280
     1
102
RTVSPost2010Prop28
280
     0
102
RTVSPost2010PropOp28
 70
     1
102
RTVSPost2010Prop29
280
     1
102
RTVSPost2010PropOp29
 70
     1
102
RTVSPost2010Prop30
280
     1
102
RTVSPost2010PropOp30
 70
     1
102
RTVSPost2010Prop31
280
     0
102
RTVSPost2010PropOp31
 70
     1
102
RTVSPost2010Prop32
280
     0
102
RTVSPost2010PropOp32
 70
     1
102
RTVSPost2010Prop33
280
     0
102
RTVSPost2010PropOp33
 70
     1
102
RTVSPost2010Prop34
280
     0
102
RTVSPost2010PropOp34
 70
     1
102
RTVSPost2010Prop35
280
     0
102
RTVSPost2010PropOp35
 70
     1
102
RTVSPost2010Prop36
280
     0
102
RTVSPost2010PropOp36
 70
     1
102
RTVSPost2010Prop37
 90
       50
102
RTVSPost2010PropOp37
 70
     1
102
RTVSPost2010Prop38
140
0.0
102
RTVSPost2010PropOp38
 70
     1
102
RTVSPost2010Prop39
140
1.0
102
RTVSPost2010PropOp39
 70
     1
102
RTVSPost2010Prop40
 90
        0
102
RTVSPost2010PropOp40
 70
     1
102
RTVSPost2010Prop41ColorIndex
 90
       18
102
RTVSPost2010Prop41ColorRGB
 90
        0
102
RTVSPost2010PropOp41
 70
     1
102
RTVSPost2010Prop42
 90
       50
102
RTVSPost2010PropOp42
 70
     1
102
RTVSPost2010Prop43
 90
        3
102
RTVSPost2010PropOp43
 70
     1
102
RTVSPost2010Prop44ColorIndex
 90
        5
102
RTVSPost2010Prop44ColorRGB
 90
      255
102
RTVSPost2010PropOp44
 70
     1
102
RTVSPost2010Prop45
280
     0
102
RTVSPost2010PropOp45
 70
     1
102
RTVSPost2010Prop46
 90
       50
102
RTVSPost2010PropOp46
 70
     1
102
RTVSPost2010Prop47
 90
       50
102
RTVSPost2010PropOp47
 70
     1
102
RTVSPost2010Prop48
 90
       50
102
RTVSPost2010PropOp48
 70
     1
102
RTVSPost2010Prop49
280
     0
102
RTVSPost2010PropOp49
 70
     1
102
RTVSPost2010Prop50
 90
       50
102
RTVSPost2010PropOp50
 70
     1
102
RTVSPost2010Prop51ColorIndex
 90
      256
102
RTVSPost2010Prop51ColorRGB
 90
-16777216
102
RTVSPost2010PropOp51
 70
     0
102
RTVSPost2010Prop52
140
1.0
102
RTVSPost2010PropOp52
 70
     0
102
RTVSPost2010Prop53
 90
        2
102
RTVSPost2010PropOp53
 70
     1
102
RTVSPost2010Prop54
  1
strokes_ogs.tif
102
RTVSPost2010PropOp54
 70
     1
102
RTVSPost2010Prop55
280
     0
102
RTVSPost2010PropOp55
 70
     1
102
RTVSPost2010Prop56
140
1.0
102
RTVSPost2010PropOp56
 70
     1
102
RTVSPost2010Prop57
140
1.0
102
RTVSPost2010PropOp57
 70
     1
102
RTVSPropertyOp0
 70
     1
102
RTVSPropertyOp1
 70
     1
102
RTVSPropertyOp2
 70
     1
102
RTVSPropertyOp3
 70
     1
102
RTVSPropertyOp4
 70
     1
102
RTVSPropertyOp5
 70
     1
102
RTVSPropertyOp6
 70
     1
102
RTVSPropertyOp7
 70
     1
102
RTVSPropertyOp8
 70
     1
102
RTVSPropertyOp9
 70
     1
102
RTVSPropertyOp10
 70
     1
102
RTVSPropertyOp11
 70
     1
102
RTVSPropertyOp12
 70
     1
102
RTVSPropertyOp13
 70
     1
102
RTVSPropertyOp14
 70
     1
102
RTVSPropertyOp15
 70
     1
102
RTVSPropertyOp16
 70
     1
102
RTVSPropertyOp17
 70
     1
102
RTVSPropertyOp18
 70
     1
102
RTVSPropertyOp19
 70
     1
102
RTVSPropertyOp20
 70
     1
102
RTVSPropertyOp21
 70
     1
102
RTVSPropertyOp22
 70
     1
102
RTVSPropertyOp23
 70
     1
102
RTVSPropertyOp24
 70
     1
102
RTVSPropertyOp25
 70
     1
102
RTVSPropertyOp26
 70
     1
102
RTVSPropertyOp27
 70
     1
102
RTVSPropertyOp28
 70
     1
102
RTVSPropertyOp29
 70
     1
102
RTVSPropertyOp30
 70
     1
102
RTVSPropertyOp31
 70
     1
102
RTVSPropertyOp32
 70
     1
102
RTVSPropertyOp33
 70
     1
102
RTVSPropertyOp34
 70
     1
102
RTVSPropertyOp35
 70
     1
102
RTVSPropertyOp36
 70
     1
102
RTVSPropertyOp37
 70
     1
102
RTVSPropertyOp38
 70
     1
102
RTVSPropertyOp39
 70
     1
102
RTVSPropertyOp40
 70
     1
102
RTVSPropertyOp41
 70
     1
102
RTVSPropertyOp42
 70
     1
102
RTVSPropertyOp43
 70
     1
102
RTVSPropertyOp44
 70
     1
102
RTVSPropertyOp45
 70
     1
102
RTVSPropertyOp46
 70
     1
102
RTVSPropertyOp47
 70
     1
102
RTVSPropertyOp48
 70
     1
102
RTVSPropertyOp49
 70
     1
102
RTVSPropertyOp50
 70
     1
102
RTVSPropertyOp51
 70
     0
102
RTVSPropertyOp52
 70
     0
102
RTVSPropertyOp53
 70
     1
102
RTVSPropertyOp54
 70
     1
102
RTVSPropertyOp55
 70
     1
102
RTVSPropertyOp56
 70
     1
102
RTVSPropertyOp57
 70
     1
102
RTVSPropertyOp58
 70
     1
102
RTVSPropertyOp59
 70
     1
102
RTVSPropertyOp60
 70
     1
102
RTVSPropertyOp61
 70
     1
102
RTVSPropertyOp62
 70
     1
  0
XRECORD
  5
1988B
102
{ACAD_REACTORS
330
1988A
102
}
330
1988A
100
AcDbXrecord
280
     1
102
RTVSPost2010Prop28
280
     0
102
RTVSPost2010PropOp28
 70
     1
102
RTVSPost2010Prop29
280
     1
102
RTVSPost2010PropOp29
 70
     1
102
RTVSPost2010Prop30
280
     1
102
RTVSPost2010PropOp30
 70
     1
102
RTVSPost2010Prop31
280
     0
102
RTVSPost2010PropOp31
 70
     1
102
RTVSPost2010Prop32
280
     0
102
RTVSPost2010PropOp32
 70
     1
102
RTVSPost2010Prop33
280
     0
102
RTVSPost2010PropOp33
 70
     1
102
RTVSPost2010Prop34
280
     0
102
RTVSPost2010PropOp34
 70
     1
102
RTVSPost2010Prop35
280
     0
102
RTVSPost2010PropOp35
 70
     1
102
RTVSPost2010Prop36
280
     0
102
RTVSPost2010PropOp36
 70
     1
102
RTVSPost2010Prop37
 90
       50
102
RTVSPost2010PropOp37
 70
     1
102
RTVSPost2010Prop38
140
0.0
102
RTVSPost2010PropOp38
 70
     1
102
RTVSPost2010Prop39
140
1.0
102
RTVSPost2010PropOp39
 70
     1
102
RTVSPost2010Prop40
 90
        0
102
RTVSPost2010PropOp40
 70
     1
102
RTVSPost2010Prop41ColorIndex
 90
       18
102
RTVSPost2010Prop41ColorRGB
 90
        0
102
RTVSPost2010PropOp41
 70
     1
102
RTVSPost2010Prop42
 90
       50
102
RTVSPost2010PropOp42
 70
     1
102
RTVSPost2010Prop43
 90
        3
102
RTVSPost2010PropOp43
 70
     1
102
RTVSPost2010Prop44ColorIndex
 90
        5
102
RTVSPost2010Prop44ColorRGB
 90
      255
102
RTVSPost2010PropOp44
 70
     1
102
RTVSPost2010Prop45
280
     0
102
RTVSPost2010PropOp45
 70
     1
102
RTVSPost2010Prop46
 90
       50
102
RTVSPost2010PropOp46
 70
     1
102
RTVSPost2010Prop47
 90
       50
102
RTVSPost2010PropOp47
 70
     1
102
RTVSPost2010Prop48
 90
       50
102
RTVSPost2010PropOp48
 70
     1
102
RTVSPost2010Prop49
280
     0
102
RTVSPost2010PropOp49
 70
     1
102
RTVSPost2010Prop50
 90
       50
102
RTVSPost2010PropOp50
 70
     1
102
RTVSPost2010Prop51ColorIndex
 90
      256
102
RTVSPost2010Prop51ColorRGB
 90
-16777216
102
RTVSPost2010PropOp51
 70
     0
102
RTVSPost2010Prop52
140
1.0
102
RTVSPost2010PropOp52
 70
     0
102
RTVSPost2010Prop53
 90
        2
102
RTVSPost2010PropOp53
 70
     1
102
RTVSPost2010Prop54
  1
strokes_ogs.tif
102
RTVSPost2010PropOp54
 70
     1
102
RTVSPost2010Prop55
280
     0
102
RTVSPost2010PropOp55
 70
     1
102
RTVSPost2010Prop56
140
1.0
102
RTVSPost2010PropOp56
 70
     1
102
RTVSPost2010Prop57
140
1.0
102
RTVSPost2010PropOp57
 70
     1
102
RTVSPropertyOp0
 70
     1
102
RTVSPropertyOp1
 70
     1
102
RTVSPropertyOp2
 70
     1
102
RTVSPropertyOp3
 70
     1
102
RTVSPropertyOp4
 70
     1
102
RTVSPropertyOp5
 70
     1
102
RTVSPropertyOp6
 70
     1
102
RTVSPropertyOp7
 70
     1
102
RTVSPropertyOp8
 70
     1
102
RTVSPropertyOp9
 70
     1
102
RTVSPropertyOp10
 70
     1
102
RTVSPropertyOp11
 70
     1
102
RTVSPropertyOp12
 70
     1
102
RTVSPropertyOp13
 70
     1
102
RTVSPropertyOp14
 70
     1
102
RTVSPropertyOp15
 70
     1
102
RTVSPropertyOp16
 70
     1
102
RTVSPropertyOp17
 70
     1
102
RTVSPropertyOp18
 70
     1
102
RTVSPropertyOp19
 70
     1
102
RTVSPropertyOp20
 70
     1
102
RTVSPropertyOp21
 70
     1
102
RTVSPropertyOp22
 70
     1
102
RTVSPropertyOp23
 70
     1
102
RTVSPropertyOp24
 70
     1
102
RTVSPropertyOp25
 70
     1
102
RTVSPropertyOp26
 70
     1
102
RTVSPropertyOp27
 70
     1
102
RTVSPropertyOp28
 70
     1
102
RTVSPropertyOp29
 70
     1
102
RTVSPropertyOp30
 70
     1
102
RTVSPropertyOp31
 70
     1
102
RTVSPropertyOp32
 70
     1
102
RTVSPropertyOp33
 70
     1
102
RTVSPropertyOp34
 70
     1
102
RTVSPropertyOp35
 70
     1
102
RTVSPropertyOp36
 70
     1
102
RTVSPropertyOp37
 70
     1
102
RTVSPropertyOp38
 70
     1
102
RTVSPropertyOp39
 70
     1
102
RTVSPropertyOp40
 70
     1
102
RTVSPropertyOp41
 70
     1
102
RTVSPropertyOp42
 70
     1
102
RTVSPropertyOp43
 70
     1
102
RTVSPropertyOp44
 70
     1
102
RTVSPropertyOp45
 70
     1
102
RTVSPropertyOp46
 70
     1
102
RTVSPropertyOp47
 70
     1
102
RTVSPropertyOp48
 70
     1
102
RTVSPropertyOp49
 70
     1
102
RTVSPropertyOp50
 70
     1
102
RTVSPropertyOp51
 70
     0
102
RTVSPropertyOp52
 70
     0
102
RTVSPropertyOp53
 70
     1
102
RTVSPropertyOp54
 70
     1
102
RTVSPropertyOp55
 70
     1
102
RTVSPropertyOp56
 70
     1
102
RTVSPropertyOp57
 70
     1
102
RTVSPropertyOp58
 70
     1
102
RTVSPropertyOp59
 70
     1
102
RTVSPropertyOp60
 70
     1
102
RTVSPropertyOp61
 70
     1
102
RTVSPropertyOp62
 70
     1
  0
XRECORD
  5
198A3
102
{ACAD_REACTORS
330
198A2
102
}
330
198A2
100
AcDbXrecord
280
     1
102
RTVSPost2010Prop28
280
     0
102
RTVSPost2010PropOp28
 70
     1
102
RTVSPost2010Prop29
280
     1
102
RTVSPost2010PropOp29
 70
     1
102
RTVSPost2010Prop30
280
     1
102
RTVSPost2010PropOp30
 70
     1
102
RTVSPost2010Prop31
280
     0
102
RTVSPost2010PropOp31
 70
     1
102
RTVSPost2010Prop32
280
     0
102
RTVSPost2010PropOp32
 70
     1
102
RTVSPost2010Prop33
280
     0
102
RTVSPost2010PropOp33
 70
     1
102
RTVSPost2010Prop34
280
     0
102
RTVSPost2010PropOp34
 70
     1
102
RTVSPost2010Prop35
280
     0
102
RTVSPost2010PropOp35
 70
     1
102
RTVSPost2010Prop36
280
     0
102
RTVSPost2010PropOp36
 70
     1
102
RTVSPost2010Prop37
 90
       50
102
RTVSPost2010PropOp37
 70
     1
102
RTVSPost2010Prop38
140
0.0
102
RTVSPost2010PropOp38
 70
     1
102
RTVSPost2010Prop39
140
1.0
102
RTVSPost2010PropOp39
 70
     1
102
RTVSPost2010Prop40
 90
        0
102
RTVSPost2010PropOp40
 70
     1
102
RTVSPost2010Prop41ColorIndex
 90
       18
102
RTVSPost2010Prop41ColorRGB
 90
        0
102
RTVSPost2010PropOp41
 70
     1
102
RTVSPost2010Prop42
 90
       50
102
RTVSPost2010PropOp42
 70
     1
102
RTVSPost2010Prop43
 90
        3
102
RTVSPost2010PropOp43
 70
     1
102
RTVSPost2010Prop44ColorIndex
 90
        5
102
RTVSPost2010Prop44ColorRGB
 90
      255
102
RTVSPost2010PropOp44
 70
     1
102
RTVSPost2010Prop45
280
     0
102
RTVSPost2010PropOp45
 70
     1
102
RTVSPost2010Prop46
 90
       50
102
RTVSPost2010PropOp46
 70
     1
102
RTVSPost2010Prop47
 90
       50
102
RTVSPost2010PropOp47
 70
     1
102
RTVSPost2010Prop48
 90
       50
102
RTVSPost2010PropOp48
 70
     1
102
RTVSPost2010Prop49
280
     0
102
RTVSPost2010PropOp49
 70
     1
102
RTVSPost2010Prop50
 90
       50
102
RTVSPost2010PropOp50
 70
     1
102
RTVSPost2010Prop51ColorIndex
 90
      256
102
RTVSPost2010Prop51ColorRGB
 90
-16777216
102
RTVSPost2010PropOp51
 70
     0
102
RTVSPost2010Prop52
140
1.0
102
RTVSPost2010PropOp52
 70
     0
102
RTVSPost2010Prop53
 90
        2
102
RTVSPost2010PropOp53
 70
     1
102
RTVSPost2010Prop54
  1
strokes_ogs.tif
102
RTVSPost2010PropOp54
 70
     1
102
RTVSPost2010Prop55
280
     0
102
RTVSPost2010PropOp55
 70
     1
102
RTVSPost2010Prop56
140
1.0
102
RTVSPost2010PropOp56
 70
     1
102
RTVSPost2010Prop57
140
1.0
102
RTVSPost2010PropOp57
 70
     1
102
RTVSPropertyOp0
 70
     1
102
RTVSPropertyOp1
 70
     1
102
RTVSPropertyOp2
 70
     1
102
RTVSPropertyOp3
 70
     1
102
RTVSPropertyOp4
 70
     1
102
RTVSPropertyOp5
 70
     1
102
RTVSPropertyOp6
 70
     1
102
RTVSPropertyOp7
 70
     1
102
RTVSPropertyOp8
 70
     1
102
RTVSPropertyOp9
 70
     1
102
RTVSPropertyOp10
 70
     1
102
RTVSPropertyOp11
 70
     1
102
RTVSPropertyOp12
 70
     1
102
RTVSPropertyOp13
 70
     1
102
RTVSPropertyOp14
 70
     1
102
RTVSPropertyOp15
 70
     1
102
RTVSPropertyOp16
 70
     1
102
RTVSPropertyOp17
 70
     1
102
RTVSPropertyOp18
 70
     1
102
RTVSPropertyOp19
 70
     1
102
RTVSPropertyOp20
 70
     1
102
RTVSPropertyOp21
 70
     1
102
RTVSPropertyOp22
 70
     1
102
RTVSPropertyOp23
 70
     1
102
RTVSPropertyOp24
 70
     1
102
RTVSPropertyOp25
 70
     1
102
RTVSPropertyOp26
 70
     1
102
RTVSPropertyOp27
 70
     1
102
RTVSPropertyOp28
 70
     1
102
RTVSPropertyOp29
 70
     1
102
RTVSPropertyOp30
 70
     1
102
RTVSPropertyOp31
 70
     1
102
RTVSPropertyOp32
 70
     1
102
RTVSPropertyOp33
 70
     1
102
RTVSPropertyOp34
 70
     1
102
RTVSPropertyOp35
 70
     1
102
RTVSPropertyOp36
 70
     1
102
RTVSPropertyOp37
 70
     1
102
RTVSPropertyOp38
 70
     1
102
RTVSPropertyOp39
 70
     1
102
RTVSPropertyOp40
 70
     1
102
RTVSPropertyOp41
 70
     1
102
RTVSPropertyOp42
 70
     1
102
RTVSPropertyOp43
 70
     1
102
RTVSPropertyOp44
 70
     1
102
RTVSPropertyOp45
 70
     1
102
RTVSPropertyOp46
 70
     1
102
RTVSPropertyOp47
 70
     1
102
RTVSPropertyOp48
 70
     1
102
RTVSPropertyOp49
 70
     1
102
RTVSPropertyOp50
 70
     1
102
RTVSPropertyOp51
 70
     0
102
RTVSPropertyOp52
 70
     0
102
RTVSPropertyOp53
 70
     1
102
RTVSPropertyOp54
 70
     1
102
RTVSPropertyOp55
 70
     1
102
RTVSPropertyOp56
 70
     1
102
RTVSPropertyOp57
 70
     1
102
RTVSPropertyOp58
 70
     1
102
RTVSPropertyOp59
 70
     1
102
RTVSPropertyOp60
 70
     1
102
RTVSPropertyOp61
 70
     1
102
RTVSPropertyOp62
 70
     1
  0
ENDSEC
  0
EOF
